# t_us, mag_frd_x [uT], mag_frd_y [uT], mag_frd_z [uT]  -- synthesized: WMM(49.8728;8.6512) field rotated by the CF attitude
2287288000,-0.0461,-21.2212,44.0288
2287388000,-0.1005,-21.1584,44.0590
2287488000,-0.1634,-21.1597,44.0581
2287588000,-0.1178,-21.0974,44.0882
2287688000,-0.0911,-21.1665,44.0551
2287788000,-0.0779,-21.0981,44.0879
2287888000,-0.0471,-21.2649,44.0077
2287988000,-0.1372,-21.1930,44.0422
2288088000,-0.1078,-21.2250,44.0269
2288188000,0.0147,-21.2883,43.9964
2288288000,-0.0901,-21.2156,44.0314
2288388000,-0.0293,-21.2685,44.0060
2288488000,0.0068,-21.1356,44.0700
2288588000,-0.0305,-21.3041,43.9888
2288688000,-0.1333,-21.2272,44.0258
2288788000,-0.1272,-21.1642,44.0561
2288888000,-0.0910,-21.2191,44.0298
2288988000,-0.0848,-21.2100,44.0342
2289088000,-0.1594,-21.2429,44.0181
2289188000,-0.0797,-21.3634,43.9600
2289288000,-0.0729,-21.3608,43.9612
2289388000,-0.0252,-21.2055,44.0364
2289491000,-0.0172,-21.2193,44.0298
2289588000,-0.0980,-21.1314,44.0719
2289688000,0.0565,-21.0529,44.1096
2289788000,-0.1637,-21.1577,44.0591
2289893000,-0.1056,-21.1448,44.0655
2289988000,-0.1590,-21.1529,44.0614
2290089000,-0.1991,-21.1875,44.0446
2290188000,-0.1428,-21.2538,44.0129
2290288000,-0.0857,-21.3065,43.9876
2290388000,0.0355,-21.2006,44.0388
2290488000,-0.1035,-21.1401,44.0677
2290588000,-0.0437,-21.0372,44.1170
2290688000,-0.1603,-21.1359,44.0696
2290788000,-0.0986,-21.1262,44.0744
2290888000,-0.0004,-21.0552,44.1085
2290988000,-0.0553,-21.3256,43.9784
2291088000,-0.2158,-21.2101,44.0337
2291188000,-0.2320,-21.1509,44.0620
2291288000,-0.1833,-21.1696,44.0533
2291388000,-0.0987,-21.2180,44.0303
2291488000,-0.1261,-21.1929,44.0423
2291588000,-0.1676,-21.2355,44.0216
2291688000,-0.1832,-21.2173,44.0303
2291788000,-0.0723,-21.2117,44.0334
2291888000,-0.1032,-21.1018,44.0861
2291988000,-0.0830,-21.1745,44.0512
2292088000,-0.0105,-21.2124,44.0331
2292193000,-0.1062,-21.3040,43.9887
2292293000,-0.1184,-21.1762,44.0504
2292388000,-0.1265,-21.0992,44.0873
2292488000,-0.1672,-21.1620,44.0570
2292589000,-0.1605,-21.1446,44.0654
2292688000,-0.1354,-21.2290,44.0249
2292788000,-0.1087,-21.1712,44.0528
2292888000,-0.1213,-21.2318,44.0236
2292991000,-0.0683,-21.2262,44.0264
2293088000,-0.1100,-21.1946,44.0415
2293188000,-0.1691,-21.1873,44.0449
2293291000,-0.0822,-21.3117,43.9851
2293388000,-0.1735,-21.2074,44.0352
2293490000,-0.1914,-21.1732,44.0515
2293590000,-0.1424,-21.1829,44.0471
2293688000,-0.0722,-21.1628,44.0569
2293788000,-0.0665,-21.1917,44.0430
2293888000,-0.0320,-21.3325,43.9750
2293988000,-0.0693,-21.3326,43.9749
2294090000,-0.1013,-21.1097,44.0823
2294188000,-0.0131,-21.1236,44.0758
2294288000,-0.1321,-20.9942,44.1373
2294388000,0.0378,-21.2678,44.0064
2294488000,0.0276,-21.2775,44.0017
2294588000,0.0118,-21.1868,44.0454
2294688000,-0.1584,-21.0593,44.1062
2294788000,-0.1154,-21.0791,44.0969
2294888000,-0.1721,-21.2254,44.0265
2294988000,-0.2202,-21.2382,44.0201
2295088000,-0.0720,-21.2029,44.0376
2295188000,-0.0412,-21.2518,44.0141
2295288000,-0.0288,-21.2823,43.9994
2295388000,-0.1122,-21.1433,44.0662
2295492000,-0.0921,-21.2125,44.0330
2295588000,-0.1948,-21.1664,44.0548
2295690000,-0.0527,-21.3715,43.9561
2295788000,-0.0353,-21.3563,43.9635
2295890000,-0.0790,-21.2385,44.0204
2295988000,-0.0987,-21.1615,44.0575
2296088000,-0.1069,-21.1662,44.0552
2296189000,-0.1826,-21.2186,44.0297
2296288000,-0.1381,-21.2367,44.0211
2296388000,-0.1722,-21.1966,44.0404
2296488000,-0.0542,-21.1007,44.0867
2296589000,-0.1916,-21.1528,44.0613
2296688000,-0.1145,-21.2497,44.0149
2296788000,-0.0191,-21.1552,44.0606
2296888000,-0.1374,-21.1632,44.0565
2296988000,-0.2347,-21.1760,44.0500
2297088000,-0.0954,-21.1666,44.0550
2297188000,0.0056,-21.1114,44.0816
2297290000,-0.1145,-21.3346,43.9739
2297388000,-0.0517,-21.3462,43.9684
2297490000,-0.1123,-21.0580,44.1070
2297590000,-0.1486,-21.2000,44.0388
2297688000,-0.0512,-21.2031,44.0376
2297790000,-0.0267,-21.2122,44.0332
2297888000,-0.1974,-21.1532,44.0611
2297988000,-0.1450,-21.1970,44.0403
2298088000,-0.2151,-21.1328,44.0708
2298188000,-0.1361,-21.1724,44.0522
2298289000,-0.1091,-21.2109,44.0337
2298390000,-0.1159,-21.1947,44.0415
2298490000,-0.0224,-21.1189,44.0780
2298588000,-0.0314,-21.2696,44.0055
2298690000,-0.0467,-21.3596,43.9619
2298788000,-0.0188,-21.2311,44.0241
2298890000,-0.1191,-21.0989,44.0874
2298988000,-0.0697,-21.1759,44.0506
2299088000,-0.0395,-21.2510,44.0145
2299188000,0.0150,-21.1360,44.0698
2299288000,-0.0838,-21.1747,44.0511
2299388000,-0.1789,-21.1262,44.0741
2299488000,-0.0769,-21.0753,44.0988
2299588000,-0.1304,-21.1206,44.0770
2299689000,-0.1972,-21.3075,43.9867
2299788000,-0.1315,-21.3077,43.9869
2299888000,-0.1833,-21.2602,44.0097
2299988000,-0.1332,-21.2594,44.0102
2300088000,-0.1335,-21.1828,44.0472
2300188000,-0.1812,-21.1955,44.0408
2300291000,-0.0630,-21.1320,44.0717
2300391000,-0.1181,-21.1797,44.0487
2300490000,-0.0856,-21.3086,43.9865
2300589000,-0.1067,-21.2200,44.0293
2300690000,-0.0666,-21.0824,44.0955
2300788000,-0.2286,-21.2836,43.9981
2300889000,-0.2124,-21.2681,44.0057
2300988000,-0.1793,-21.1998,44.0388
2301088000,-0.1510,-21.1316,44.0717
2301188000,-0.1402,-21.1077,44.0832
2301288000,-0.1339,-21.1146,44.0799
2301388000,-0.0922,-21.0506,44.1106
2301488000,-0.0441,-21.2938,43.9938
2301588000,-0.1140,-21.2235,44.0276
2301688000,-0.1291,-21.2368,44.0212
2301788000,-0.1541,-21.1711,44.0527
2301888000,-0.1542,-21.1889,44.0441
2301988000,-0.1354,-21.2346,44.0222
2302088000,-0.0377,-21.2191,44.0298
2302188000,-0.1008,-21.1204,44.0772
2302288000,-0.1862,-21.1183,44.0779
2302388000,0.0294,-21.1885,44.0446
2302488000,-0.0810,-21.2118,44.0333
2302588000,-0.1888,-21.1409,44.0671
2302688000,-0.0804,-21.1546,44.0608
2302788000,-0.1508,-21.2295,44.0246
2302888000,-0.1242,-21.2235,44.0276
2302988000,-0.0310,-21.2529,44.0136
2303088000,-0.0869,-21.2827,43.9991
2303188000,-0.1380,-21.1637,44.0563
2303288000,-0.0809,-21.2364,44.0215
2303388000,-0.1063,-21.1893,44.0441
2303491000,-0.0108,-21.0119,44.1291
2303591000,-0.0438,-20.8952,44.1845
2303688000,-0.1707,-21.2724,44.0038
2303793000,-0.0588,-21.1615,44.0576
2303888000,-0.0399,-21.3280,43.9772
2303988000,-0.0301,-21.3799,43.9520
2304088000,-0.0054,-21.1667,44.0551
2304190000,-0.0998,-21.0125,44.1287
2304288000,-0.1796,-21.1835,44.0466
2304388000,-0.2269,-21.2252,44.0263
2304488000,-0.2328,-21.2617,44.0087
2304588000,-0.0687,-21.1830,44.0472
2304688000,-0.1148,-21.2388,44.0202
2304788000,-0.0040,-21.2713,44.0047
2304888000,-0.0860,-21.1994,44.0393
2304989000,-0.0778,-21.2613,44.0094
2305088000,-0.1553,-21.1841,44.0464
2305188000,-0.1635,-21.2069,44.0354
2305288000,-0.0081,-21.2480,44.0159
2305388000,-0.1515,-21.1543,44.0608
2305488000,-0.0865,-21.0512,44.1103
2305588000,0.0267,-21.0526,44.1097
2305688000,-0.1638,-21.3846,43.9494
2305788000,-0.1828,-21.2868,43.9968
2305888000,-0.2025,-21.2269,44.0256
2305988000,-0.1178,-21.2016,44.0381
2306088000,-0.0732,-21.1947,44.0415
2306188000,-0.1886,-21.2053,44.0361
2306288000,-0.0695,-21.2924,43.9944
2306388000,-0.0966,-21.2434,44.0181
2306488000,-0.1165,-21.1787,44.0492
2306588000,-0.0758,-21.0636,44.1044
2306688000,-0.0569,-21.1150,44.0798
2306788000,-0.1059,-21.1167,44.0789
2306888000,-0.0801,-21.1785,44.0493
2306988000,-0.0310,-21.0684,44.1022
2307088000,-0.1195,-21.2736,44.0034
2307188000,-0.0079,-21.3305,43.9760
2307288000,-0.0137,-21.2877,43.9967
2307388000,0.0214,-21.2636,44.0084
2307488000,-0.1439,-21.0713,44.1006
2307590000,-0.1387,-21.1150,44.0797
2307688000,-0.0781,-21.1516,44.0623
2307788000,-0.0599,-21.1463,44.0648
2307888000,-0.1546,-21.1714,44.0526
2307988000,-0.2012,-21.2067,44.0354
2308088000,-0.1312,-21.2145,44.0319
2308188000,-0.0537,-21.2544,44.0128
2308288000,-0.1769,-21.1540,44.0608
2308388000,-0.1238,-21.1978,44.0400
2308488000,-0.0058,-21.2369,44.0213
2308588000,-0.1315,-21.1409,44.0673
2308688000,-0.1736,-21.0879,44.0925
2308788000,-0.1726,-21.0963,44.0885
2308888000,0.0121,-21.3703,43.9567
2308988000,-0.0323,-21.0541,44.1090
2309088000,-0.1965,-21.1333,44.0707
2309188000,-0.1427,-21.3203,43.9807
2309293000,-0.1124,-21.3130,43.9844
2309388000,-0.1740,-21.2758,44.0021
2309490000,-0.1990,-21.2063,44.0356
2309588000,-0.1536,-21.1899,44.0437
2309690000,-0.1596,-21.1661,44.0551
2309788000,0.0097,-21.2740,44.0034
2309888000,-0.1120,-21.1954,44.0412
2309989000,-0.0211,-21.3578,43.9628
2310088000,-0.1358,-21.1755,44.0507
2310188000,-0.1371,-21.2129,44.0326
2310290000,-0.0240,-21.1519,44.0622
2310388000,-0.1339,-21.2347,44.0222
2310488000,-0.1022,-21.2896,43.9957
2310591000,-0.1533,-21.1539,44.0610
2310688000,-0.1759,-21.1407,44.0672
2310791000,-0.0258,-21.1131,44.0808
2310888000,0.0353,-21.1432,44.0664
2310988000,-0.0637,-21.1001,44.0870
2311088000,-0.0872,-21.1673,44.0547
2311190000,-0.0679,-21.0012,44.1341
2311288000,-0.1221,-21.0738,44.0994
2311388000,-0.0963,-21.1023,44.0859
2311488000,-0.1398,-21.1712,44.0527
2311588000,-0.1377,-21.1635,44.0564
2311688000,-0.0664,-21.1938,44.0420
2311788000,-0.0793,-21.2062,44.0360
2311888000,-0.0486,-21.2229,44.0280
2311988000,-0.0786,-21.1983,44.0398
2312089000,-0.1921,-21.1191,44.0775
2312188000,-0.2420,-21.0957,44.0885
2312288000,-0.0955,-21.2558,44.0121
2312388000,-0.0676,-21.2490,44.0154
2312488000,-0.0988,-21.1373,44.0691
2312588000,-0.0576,-21.2398,44.0198
2312688000,-0.0581,-21.2951,43.9931
2312788000,-0.1263,-21.0120,44.1289
2312888000,-0.1138,-21.2860,43.9974
2312988000,-0.1534,-21.2443,44.0174
2313088000,-0.2154,-21.1902,44.0432
2313188000,-0.1092,-21.2520,44.0139
2313289000,-0.0332,-21.1363,44.0697
2313388000,-0.1137,-21.2421,44.0186
2313488000,-0.1370,-21.2627,44.0086
2313588000,-0.0520,-21.2751,44.0028
2313689000,-0.1084,-20.9814,44.1435
2313788000,-0.1359,-21.0022,44.1335
2313888000,-0.1845,-21.2722,44.0039
2313988000,-0.1695,-21.3081,43.9865
2314088000,-0.1486,-21.1019,44.0859
2314188000,-0.0379,-21.3284,43.9770
2314288000,-0.0619,-21.3156,43.9832
2314388000,-0.1374,-21.0543,44.1087
2314488000,-0.2129,-21.1556,44.0599
2314589000,-0.1469,-21.0864,44.0933
2314688000,-0.1342,-21.2407,44.0193
2314788000,-0.0825,-21.4019,43.9412
2314888000,-0.0515,-21.2479,44.0159
2314988000,-0.1465,-21.2374,44.0208
2315088000,-0.1767,-21.2054,44.0361
2315188000,-0.1561,-21.1832,44.0469
2315288000,-0.0332,-21.2773,44.0017
2315388000,-0.1128,-21.1521,44.0619
2315488000,0.0345,-21.2011,44.0385
2315588000,0.0187,-21.1236,44.0758
2315688000,0.0265,-21.0892,44.0922
2315788000,-0.1637,-21.1459,44.0648
2315888000,-0.2411,-21.1372,44.0686
2315988000,-0.0566,-21.1917,44.0430
2316088000,0.0163,-21.1977,44.0402
2316188000,0.0102,-21.1158,44.0795
2316288000,0.0447,-21.1059,44.0842
2316388000,-0.0775,-21.2946,43.9933
2316489000,-0.0997,-21.2557,44.0121
2316588000,-0.0808,-21.2391,44.0201
2316688000,-0.0593,-21.2818,43.9996
2316788000,-0.0198,-21.1801,44.0486
2316888000,-0.1353,-21.2570,44.0114
2316988000,-0.2135,-21.1781,44.0491
2317088000,-0.0756,-21.2072,44.0355
2317188000,-0.0555,-21.2518,44.0141
2317288000,-0.1693,-21.1521,44.0618
2317388000,-0.1084,-21.1658,44.0554
2317488000,-0.1657,-21.1242,44.0752
2317588000,-0.1946,-21.0953,44.0889
2317688000,-0.0931,-21.2155,44.0315
2317788000,-0.1738,-21.1633,44.0564
2317888000,-0.0882,-21.3225,43.9798
2317988000,-0.0599,-21.4209,43.9320
2318088000,-0.0255,-21.3293,43.9766
2318188000,-0.1960,-21.1746,44.0509
2318288000,-0.1941,-21.1787,44.0489
2318388000,-0.0273,-21.2538,44.0131
2318488000,-0.1473,-21.1145,44.0799
2318590000,-0.1302,-21.0329,44.1189
2318688000,-0.0457,-21.0561,44.1080
2318788000,-0.0146,-21.1372,44.0692
2318888000,-0.0087,-21.1441,44.0659
2318988000,-0.1182,-21.3418,43.9704
2319088000,-0.1000,-21.2482,44.0157
2319188000,-0.1886,-21.1551,44.0603
2319288000,-0.0650,-21.2322,44.0235
2319388000,-0.0841,-21.2467,44.0165
2319488000,-0.0105,-21.2751,44.0028
2319588000,-0.0334,-21.3466,43.9682
2319688000,-0.2440,-21.0711,44.1002
2319788000,-0.1533,-21.1577,44.0591
2319888000,-0.1601,-21.1584,44.0588
2319988000,0.0028,-21.2138,44.0324
2320088000,0.0174,-21.2995,43.9910
2320188000,-0.1157,-21.1772,44.0499
2320291000,-0.1325,-21.1548,44.0606
2320388000,-0.1084,-21.1539,44.0611
2320494000,-0.1503,-21.1346,44.0703
2320588000,-0.1245,-21.1899,44.0437
2320688000,-0.0773,-21.0951,44.0893
2320790000,-0.1945,-21.0787,44.0968
2320891000,-0.0482,-21.1154,44.0797
2320988000,-0.1384,-21.1884,44.0444
2321088000,-0.0222,-21.1606,44.0580
2321188000,-0.1381,-21.2371,44.0210
2321291000,-0.1117,-21.1928,44.0424
2321388000,-0.0822,-21.1769,44.0501
2321488000,-0.0050,-21.1501,44.0631
2321588000,-0.2611,-21.1882,44.0440
2321688000,-0.2275,-21.2157,44.0309
2321790000,-0.1556,-21.2208,44.0288
2321888000,-0.0857,-21.1422,44.0668
2321988000,-0.1273,-21.1020,44.0859
2322088000,-0.1207,-21.1918,44.0428
2322188000,-0.0856,-21.1992,44.0394
2322289000,-0.0671,-21.2691,44.0057
2322389000,-0.1874,-21.1578,44.0590
2322488000,-0.1971,-21.1449,44.0651
2322589000,-0.0136,-21.2115,44.0335
2322689000,-0.0676,-21.2296,44.0248
2322788000,-0.1321,-21.1727,44.0520
2322890000,-0.1118,-21.0748,44.0990
2322988000,-0.1195,-21.1994,44.0392
2323088000,0.0413,-21.2989,43.9913
2323188000,0.0371,-21.2098,44.0343
2323288000,-0.1281,-20.8932,44.1853
2323388000,-0.1116,-21.1792,44.0489
2323488000,-0.1403,-21.1183,44.0781
2323588000,-0.1687,-21.2221,44.0281
2323688000,-0.1405,-21.1375,44.0689
2323788000,-0.0663,-21.2383,44.0206
2323888000,-0.1872,-21.2541,44.0126
2323988000,-0.1862,-21.2588,44.0103
2324088000,-0.0365,-21.1188,44.0780
2324188000,-0.1291,-21.3064,43.9875
2324288000,-0.0785,-21.3471,43.9679
2324388000,-0.1517,-21.0610,44.1055
2324488000,-0.2402,-21.1596,44.0579
2324589000,-0.1443,-21.2663,44.0069
2324688000,-0.1836,-21.2326,44.0230
2324788000,-0.0645,-21.2099,44.0343
2324888000,-0.0936,-21.1936,44.0420
2324988000,-0.0830,-21.1352,44.0701
2325088000,-0.0550,-21.1189,44.0780
2325189000,-0.1241,-21.2240,44.0273
2325288000,-0.1678,-21.2099,44.0340
2325390000,-0.0728,-21.2673,44.0066
2325488000,0.0265,-21.1691,44.0539
2325588000,-0.0687,-21.1237,44.0757
2325688000,-0.0104,-21.1124,44.0811
2325788000,-0.1775,-21.1437,44.0658
2325888000,-0.0574,-21.1801,44.0486
2325988000,-0.0195,-21.3224,43.9799
2326088000,-0.1529,-21.1745,44.0511
2326191000,-0.0177,-21.3046,43.9885
2326288000,-0.1133,-21.1770,44.0500
2326388000,-0.0681,-21.2384,44.0205
2326488000,-0.0298,-21.1509,44.0627
2326588000,-0.0232,-21.2206,44.0291
2326690000,0.0201,-21.2354,44.0220
2326788000,-0.1726,-21.0805,44.0960
2326888000,-0.0767,-21.0383,44.1165
2326988000,-0.1384,-21.2490,44.0152
2327088000,-0.1918,-21.1734,44.0514
2327188000,-0.1333,-21.0820,44.0955
2327288000,-0.1611,-21.2406,44.0192
2327388000,-0.0824,-21.3475,43.9677
2327488000,-0.0939,-21.2244,44.0272
2327588000,-0.1521,-21.1648,44.0557
2327688000,-0.1275,-21.2117,44.0333
2327788000,-0.1755,-21.1282,44.0732
2327891000,-0.0791,-21.2147,44.0319
2327988000,-0.0436,-21.2336,44.0228
2328088000,-0.0650,-21.0416,44.1149
2328188000,-0.1633,-21.0898,44.0916
2328288000,-0.1227,-21.1661,44.0552
2328388000,-0.0492,-21.3173,43.9824
2328488000,-0.1017,-21.1060,44.0841
2328588000,-0.0600,-21.1905,44.0436
2328691000,-0.0539,-21.1511,44.0625
2328788000,-0.1154,-21.2206,44.0290
2328888000,-0.0531,-21.1309,44.0722
2328988000,-0.0878,-21.3496,43.9667
2329088000,-0.1228,-21.2098,44.0342
2329188000,-0.2492,-21.1134,44.0799
2329288000,-0.1307,-21.1778,44.0495
2329389000,-0.0676,-21.2196,44.0296
2329488000,-0.1368,-21.1647,44.0558
2329588000,-0.1179,-21.1595,44.0584
2329688000,-0.1845,-21.1255,44.0744
2329788000,-0.1437,-21.1911,44.0431
2329888000,-0.1445,-21.2002,44.0387
2329988000,-0.1967,-21.1343,44.0702
2330088000,0.0054,-21.2673,44.0066
2330188000,-0.0756,-21.1950,44.0414
2330288000,-0.0453,-21.1858,44.0459
2330388000,-0.0913,-21.1100,44.0822
2330488000,-0.0559,-21.2547,44.0127
2330588000,-0.1670,-21.2136,44.0322
2330688000,-0.1564,-21.2113,44.0333
2330788000,-0.0836,-21.2179,44.0304
2330888000,0.0568,-21.1386,44.0685
2330988000,-0.0776,-21.0328,44.1191
2331088000,-0.2495,-21.0896,44.0913
2331188000,-0.1267,-21.1617,44.0573
2331288000,-0.1075,-21.1915,44.0430
2331388000,-0.0791,-21.1541,44.0611
2331490000,-0.0342,-21.2822,43.9994
2331588000,-0.0518,-21.2293,44.0249
2331688000,-0.0284,-21.2437,44.0180
2331788000,-0.0716,-21.3111,43.9854
2331888000,-0.0847,-21.1272,44.0740
2331994000,-0.1120,-21.1116,44.0814
2332088000,-0.1804,-21.0967,44.0883
2332188000,-0.0435,-21.2339,44.0227
2332288000,-0.0931,-21.1985,44.0397
2332388000,-0.1334,-21.1752,44.0508
2332488000,-0.0662,-21.2132,44.0327
2332588000,-0.0020,-21.2615,44.0094
2332688000,-0.0207,-21.2602,44.0100
2332788000,-0.1490,-20.9610,44.1531
2332888000,-0.0974,-20.9425,44.1620
2332988000,-0.2349,-21.1861,44.0451
2333088000,-0.2406,-21.2516,44.0135
2333191000,-0.2326,-21.2110,44.0331
2333288000,-0.1680,-21.2418,44.0186
2333388000,-0.1055,-21.1452,44.0653
2333488000,-0.1193,-21.0639,44.1042
2333588000,-0.1789,-21.0998,44.0868
2333688000,-0.0581,-21.1693,44.0538
2333788000,-0.0252,-21.2393,44.0201
2333888000,-0.1566,-21.2051,44.0363
2333988000,-0.2130,-21.1783,44.0490
2334088000,-0.1032,-21.1558,44.0602
2334188000,-0.0732,-21.1015,44.0863
2334288000,-0.1116,-21.2095,44.0344
2334388000,-0.1545,-21.1162,44.0790
2334488000,-0.1492,-21.1979,44.0398
2334588000,-0.0834,-21.1752,44.0509
2334688000,-0.1049,-21.2643,44.0079
2334788000,-0.0942,-21.2850,43.9979
2334888000,0.0040,-21.1884,44.0446
2334988000,0.0225,-21.1462,44.0649
2335090000,-0.0205,-21.0386,44.1164
2335188000,-0.1551,-21.0800,44.0964
2335288000,-0.0668,-21.0686,44.1020
2335388000,-0.1089,-21.1318,44.0717
2335488000,-0.0115,-21.2315,44.0239
2335588000,-0.0091,-21.2775,44.0017
2335689000,-0.0285,-21.3499,43.9666
2335788000,-0.1858,-21.1893,44.0438
2335888000,-0.0077,-21.1622,44.0572
2335988000,-0.0245,-21.0751,44.0990
2336088000,-0.0640,-21.1024,44.0859
2336188000,-0.0844,-21.1084,44.0830
2336288000,-0.1318,-21.1304,44.0723
2336389000,-0.0081,-21.0857,44.0939
2336488000,-0.0269,-21.0231,44.1238
2336588000,-0.0121,-21.1439,44.0660
2336688000,-0.1738,-21.2345,44.0221
2336788000,-0.2327,-21.1849,44.0457
2336888000,-0.1515,-21.0815,44.0957
2336988000,-0.0999,-21.3998,43.9422
2337088000,-0.1334,-21.3589,43.9620
2337188000,-0.1420,-21.3633,43.9599
2337288000,-0.2371,-21.1749,44.0505
2337388000,-0.2559,-21.1504,44.0622
2337488000,-0.0629,-21.2882,43.9965
2337593000,0.0113,-21.1803,44.0485
2337688000,-0.1099,-21.0616,44.1053
2337791000,-0.0883,-21.2748,44.0029
2337888000,-0.0670,-21.2994,43.9910
2337988000,-0.0249,-21.1609,44.0579
2338088000,0.0060,-21.2228,44.0281
2338188000,-0.0184,-20.9740,44.1472
2338289000,-0.0420,-21.2030,44.0376
2338391000,-0.0294,-21.2127,44.0329
2338488000,0.0386,-21.2828,43.9991
2338590000,-0.1527,-21.1206,44.0769
2338688000,-0.2241,-21.1198,44.0770
2338788000,-0.1075,-21.1833,44.0470
2338891000,-0.0936,-21.1698,44.0535
2338990000,-0.0103,-21.1691,44.0539
2339090000,-0.1298,-21.2361,44.0215
2339188000,-0.1912,-21.1771,44.0496
2339288000,-0.0433,-21.2787,44.0011
2339388000,-0.1082,-21.1368,44.0693
2339488000,-0.1169,-21.1577,44.0592
2339588000,0.0017,-21.2514,44.0143
2339688000,-0.0039,-21.3522,43.9655
2339788000,-0.0325,-21.1624,44.0571
2339888000,-0.1197,-21.1045,44.0848
2339988000,-0.1641,-21.1063,44.0837
2340088000,-0.1960,-21.1804,44.0481
2340188000,-0.0597,-21.1609,44.0578
2340288000,-0.0616,-21.3162,43.9829
2340388000,-0.1590,-21.2502,44.0146
2340488000,-0.2197,-21.2031,44.0370
2340588000,-0.1127,-21.1530,44.0615
2340688000,-0.0440,-21.1743,44.0514
2340788000,-0.0989,-21.1833,44.0470
2340888000,0.0591,-21.2287,44.0252
2340988000,-0.0437,-21.1133,44.0807
2341090000,-0.1214,-21.2042,44.0369
2341188000,-0.0875,-21.2155,44.0315
2341288000,-0.0866,-21.1641,44.0562
2341388000,-0.1479,-21.1126,44.0808
2341488000,-0.1200,-21.1944,44.0416
2341588000,-0.1690,-21.1616,44.0572
2341689000,-0.0126,-21.1458,44.0651
2341788000,-0.0701,-21.3496,43.9667
2341888000,-0.0712,-21.3529,43.9651
2341988000,-0.0764,-21.2334,44.0229
2342088000,-0.0775,-21.1874,44.0451
2342188000,-0.0199,-21.0712,44.1008
2342288000,-0.1345,-21.0296,44.1205
2342388000,-0.0758,-20.9695,44.1492
2342488000,-0.1487,-21.0545,44.1086
2342588000,-0.0850,-21.1855,44.0460
2342688000,-0.0631,-21.1843,44.0466
2342788000,-0.1282,-21.1948,44.0414
2342888000,-0.1676,-21.1792,44.0488
2342988000,-0.1757,-21.1839,44.0465
2343088000,-0.0737,-21.1306,44.0724
2343188000,-0.1622,-21.2519,44.0137
2343291000,-0.0897,-21.3129,43.9845
2343388000,-0.1216,-21.1786,44.0492
2343488000,-0.1155,-21.2077,44.0352
2343588000,-0.1589,-21.1995,44.0390
2343688000,-0.1393,-21.1208,44.0769
2343788000,-0.1395,-21.2394,44.0198
2343888000,-0.1116,-21.2526,44.0136
2343988000,-0.0612,-21.1243,44.0754
2344088000,-0.1685,-21.0920,44.0906
2344188000,-0.1748,-21.2250,44.0267
2344288000,-0.1687,-21.1964,44.0405
2344388000,-0.1138,-21.1586,44.0588
2344488000,-0.0455,-21.2687,44.0059
2344588000,0.0166,-21.1944,44.0418
2344688000,-0.0474,-21.0575,44.1073
2344788000,-0.1313,-21.0454,44.1130
2344888000,-0.1575,-21.0340,44.1183
2344988000,-0.0302,-21.1921,44.0428
2345088000,-0.0224,-21.2720,44.0043
2345188000,-0.0761,-21.3602,43.9615
2345288000,-0.0893,-21.1268,44.0741
2345388000,-0.0360,-21.1052,44.0845
2345488000,-0.0690,-21.2560,44.0120
2345588000,0.0234,-21.1397,44.0680
2345688000,-0.1128,-21.1798,44.0486
2345791000,-0.1298,-21.1374,44.0689
2345888000,-0.0959,-21.0887,44.0924
2345988000,-0.0437,-21.3121,43.9849
2346088000,-0.1728,-21.1810,44.0478
2346188000,-0.1100,-21.2487,44.0155
2346288000,-0.0248,-21.2928,43.9943
2346388000,-0.1493,-21.1629,44.0566
2346488000,-0.0636,-21.2278,44.0256
2346588000,-0.0628,-21.2343,44.0225
2346688000,-0.1247,-21.1239,44.0755
2346788000,0.0078,-21.1161,44.0794
2346891000,-0.0662,-21.0869,44.0933
2346988000,-0.0611,-21.1638,44.0565
2347088000,-0.0015,-21.1623,44.0572
2347188000,-0.0714,-21.0474,44.1121
2347289000,-0.0839,-21.1131,44.0807
2347388000,-0.0621,-21.2667,44.0069
2347488000,-0.1498,-21.2190,44.0297
2347588000,-0.1253,-21.2926,43.9942
2347688000,-0.1401,-21.1287,44.0731
2347788000,-0.0925,-21.2650,44.0076
2347888000,-0.1526,-21.1675,44.0545
2347988000,-0.1323,-21.2810,43.9998
2348088000,-0.2478,-21.2083,44.0344
2348190000,-0.0345,-21.0773,44.0979
2348288000,-0.1010,-21.2891,43.9959
2348388000,-0.1564,-21.2230,44.0277
2348488000,-0.2211,-21.2017,44.0377
2348588000,-0.2066,-21.2081,44.0347
2348688000,-0.0191,-21.0658,44.1034
2348788000,-0.1313,-21.2030,44.0374
2348888000,-0.1913,-21.2619,44.0088
2348988000,-0.1577,-21.3453,43.9685
2349093000,-0.2065,-21.0651,44.1033
2349188000,-0.1950,-21.0492,44.1109
2349291000,-0.2619,-21.0598,44.1055
2349388000,-0.1936,-21.1832,44.0467
2349488000,-0.1292,-21.1677,44.0544
2349588000,-0.1818,-21.0728,44.0997
2349688000,-0.2394,-21.2004,44.0382
2349788000,-0.1469,-21.2504,44.0145
2349888000,-0.0987,-21.2322,44.0234
2349988000,-0.2437,-21.2083,44.0344
2350088000,-0.1330,-21.0853,44.0939
2350188000,-0.0842,-21.1387,44.0684
2350290000,-0.1025,-21.0748,44.0990
2350388000,-0.1391,-21.1279,44.0735
2350488000,-0.0635,-21.0686,44.1021
2350588000,-0.0968,-21.0535,44.1092
2350689000,-0.1601,-21.3382,43.9720
2350788000,-0.2407,-21.2564,44.0112
2350888000,-0.1032,-21.2903,43.9954
2350988000,-0.1018,-21.2945,43.9933
2351088000,-0.1158,-21.1622,44.0571
2351188000,-0.1317,-21.1684,44.0541
2351288000,-0.0284,-21.2349,44.0222
2351388000,-0.1567,-21.0747,44.0989
2351491000,-0.1106,-21.1759,44.0505
2351588000,-0.1051,-21.1311,44.0721
2351688000,-0.0832,-21.2280,44.0255
2351788000,-0.0117,-21.2237,44.0277
2351888000,-0.1744,-21.0353,44.1176
2351988000,-0.2036,-21.1280,44.0732
2352088000,-0.1288,-21.1596,44.0583
2352188000,-0.0066,-21.1500,44.0631
2352290000,0.0064,-21.2339,44.0227
2352388000,0.0067,-21.2043,44.0370
2352488000,0.1267,-21.1117,44.0813
2352588000,-0.0301,-21.3363,43.9732
2352688000,-0.1912,-21.1584,44.0586
2352788000,0.0083,-21.1592,44.0587
2352890000,-0.0473,-20.9838,44.1425
2352988000,-0.1233,-21.0580,44.1070
2353088000,-0.1693,-21.1049,44.0844
2353188000,-0.0958,-21.1935,44.0421
2353288000,-0.1672,-21.1596,44.0582
2353388000,-0.1119,-21.2082,44.0350
2353488000,-0.0864,-21.2563,44.0119
2353588000,-0.0957,-21.3074,43.9871
2353688000,-0.0646,-21.2491,44.0154
2353791000,-0.1977,-21.1169,44.0785
2353888000,-0.0882,-21.1704,44.0532
2353988000,-0.0991,-21.1784,44.0493
2354088000,-0.0128,-21.1677,44.0546
2354188000,-0.0986,-21.1401,44.0678
2354288000,-0.1859,-21.1446,44.0653
2354388000,-0.0875,-21.1455,44.0652
2354488000,-0.0131,-21.0589,44.1067
2354588000,-0.0164,-21.0611,44.1057
2354689000,0.0017,-21.3454,43.9688
2354788000,-0.0407,-21.2007,44.0387
2354888000,-0.1808,-21.1016,44.0859
2354988000,-0.0854,-21.1636,44.0565
2355088000,-0.2027,-21.1404,44.0672
2355188000,-0.1978,-21.1647,44.0556
2355289000,-0.1402,-21.2493,44.0151
2355388000,-0.1648,-21.1813,44.0477
2355488000,-0.0704,-21.0527,44.1096
2355589000,-0.1014,-21.0128,44.1286
2355688000,-0.1464,-21.1488,44.0634
2355788000,-0.1547,-21.1637,44.0563
2355888000,-0.1728,-21.3424,43.9699
2355988000,-0.1374,-21.3661,43.9585
2356088000,-0.1108,-21.2841,43.9983
2356188000,-0.2240,-21.1006,44.0862
2356288000,-0.0059,-21.1225,44.0763
2356388000,-0.0716,-20.9651,44.1513
2356488000,-0.0546,-21.2862,43.9974
2356588000,-0.0396,-21.3233,43.9795
2356688000,-0.0546,-21.3095,43.9861
2356788000,-0.1978,-21.0038,44.1325
2356888000,-0.0745,-20.9454,44.1607
2356988000,-0.1024,-21.2656,44.0073
2357088000,-0.1985,-21.1686,44.0537
2357188000,-0.1419,-21.1543,44.0608
2357290000,-0.1055,-21.2276,44.0256
2357388000,-0.1646,-21.1276,44.0735
2357488000,-0.1059,-21.2622,44.0090
2357590000,-0.2270,-21.1726,44.0516
2357688000,-0.1499,-21.1465,44.0645
2357788000,-0.1697,-21.1923,44.0425
2357888000,-0.1549,-21.2218,44.0283
2357988000,-0.0574,-21.2729,44.0039
2358088000,-0.1253,-21.1962,44.0407
2358188000,-0.1162,-21.2130,44.0326
2358288000,-0.0321,-21.0815,44.0959
2358388000,-0.1384,-21.2272,44.0257
2358488000,-0.0904,-21.1008,44.0866
2358588000,-0.1584,-21.0927,44.0903
2358688000,-0.0709,-21.2704,44.0051
2358788000,-0.1480,-21.1903,44.0435
2358893000,-0.1827,-21.2302,44.0242
2358988000,-0.2203,-21.1898,44.0434
2359088000,-0.0643,-21.2777,44.0015
2359188000,-0.0181,-21.3014,43.9901
2359288000,-0.1639,-21.2128,44.0326
2359388000,-0.1751,-21.1922,44.0425
2359488000,-0.1472,-21.2142,44.0320
2359588000,-0.0837,-21.1067,44.0838
2359688000,-0.0958,-21.1651,44.0558
2359788000,-0.1314,-21.2481,44.0157
2359888000,-0.1235,-21.1941,44.0417
2359988000,-0.0959,-21.2004,44.0388
2360088000,-0.0775,-21.3494,43.9668
2360191000,-0.0808,-21.3472,43.9678
2360288000,-0.1602,-21.1480,44.0637
2360388000,-0.0074,-21.0888,44.0924
2360490000,-0.1326,-21.1857,44.0457
2360588000,-0.1579,-21.1784,44.0492
2360688000,-0.1563,-21.1791,44.0488
2360788000,-0.0398,-21.1983,44.0399
2360888000,-0.1732,-21.1863,44.0453
2360988000,-0.0007,-21.2050,44.0367
2361088000,-0.0371,-21.1885,44.0446
2361188000,0.0348,-21.2032,44.0375
2361288000,0.0504,-21.1796,44.0489
2361388000,-0.0288,-21.1283,44.0735
2361488000,-0.1281,-21.1017,44.0861
2361588000,-0.0873,-21.2182,44.0302
2361688000,-0.0096,-21.1582,44.0592
2361788000,-0.0907,-21.3263,43.9779
2361888000,-0.0772,-21.2772,44.0018
2361988000,0.0032,-21.3781,43.9529
2362088000,-0.0960,-21.3230,43.9795
2362188000,-0.0507,-21.3774,43.9532
2362288000,-0.0155,-21.3446,43.9692
2362388000,-0.0473,-21.1479,44.0641
2362488000,-0.1080,-21.1432,44.0662
2362588000,-0.0520,-21.1828,44.0473
2362688000,0.0413,-21.1001,44.0870
2362788000,-0.1051,-21.0278,44.1214
2362888000,-0.1213,-21.1595,44.0584
2362988000,-0.0769,-21.2333,44.0229
2363088000,-0.0013,-21.1655,44.0557
2363188000,-0.0695,-21.1910,44.0433
2363288000,-0.0805,-21.3513,43.9658
2363388000,-0.2226,-21.1931,44.0418
2363488000,-0.1703,-21.1768,44.0499
2363589000,-0.1147,-21.2208,44.0289
2363688000,-0.0397,-21.2524,44.0138
2363788000,-0.0144,-21.2174,44.0307
2363888000,0.0017,-21.1789,44.0492
2363988000,-0.2279,-21.0510,44.1099
2364088000,-0.2334,-21.0528,44.1090
2364188000,0.0140,-21.2849,43.9981
2364288000,-0.0456,-21.1996,44.0392
2364390000,-0.0357,-21.1162,44.0793
2364490000,-0.0516,-21.1224,44.0763
2364588000,-0.0154,-21.3784,43.9527
2364688000,-0.1722,-21.1326,44.0711
2364788000,-0.1664,-21.1604,44.0578
2364888000,-0.2210,-21.1593,44.0581
2364988000,-0.1100,-21.2147,44.0318
2365088000,-0.1798,-21.1527,44.0614
2365188000,-0.1953,-21.1876,44.0446
2365288000,-0.2045,-21.2061,44.0357
2365388000,-0.1591,-21.2143,44.0319
2365488000,-0.0650,-21.2867,43.9972
2365588000,-0.1448,-21.1871,44.0450
2365688000,-0.0747,-21.0556,44.1082
2365788000,-0.0668,-21.1714,44.0528
2365888000,-0.1183,-21.1156,44.0795
2365988000,-0.1955,-21.2011,44.0381
2366088000,-0.0534,-21.1801,44.0486
2366188000,-0.0754,-21.3861,43.9489
2366290000,-0.0704,-21.0940,44.0899
2366388000,-0.0833,-21.0740,44.0994
2366490000,-0.1453,-21.1615,44.0573
2366590000,-0.2042,-21.2551,44.0120
2366688000,-0.1847,-21.2827,43.9988
2366788000,-0.0589,-21.3855,43.9493
2366888000,-0.2064,-21.1715,44.0523
2366988000,-0.1055,-21.1296,44.0728
2367088000,-0.0665,-21.1453,44.0653
2367188000,-0.1659,-21.1292,44.0728
2367291000,-0.1004,-21.0823,44.0954
2367390000,-0.1482,-21.1414,44.0670
2367488000,-0.1131,-21.1245,44.0752
2367588000,-0.0742,-21.2536,44.0132
2367690000,0.0082,-21.0258,44.1225
2367788000,-0.0711,-21.2714,44.0046
2367888000,-0.0498,-21.4473,43.9191
2367988000,-0.0350,-21.1406,44.0676
2368088000,-0.0855,-21.1632,44.0567
2368188000,-0.0794,-21.1590,44.0587
2368288000,-0.0110,-21.1672,44.0549
2368388000,-0.1658,-21.0591,44.1063
2368488000,-0.1565,-21.1928,44.0423
2368588000,-0.0371,-21.0961,44.0889
2368688000,-0.1683,-21.1702,44.0531
2368788000,-0.1323,-21.1965,44.0405
2368888000,-0.1372,-21.1243,44.0752
2368988000,-0.1645,-21.1697,44.0533
2369088000,-0.1378,-21.0990,44.0873
2369188000,-0.1015,-21.2299,44.0245
2369288000,-0.1663,-21.1674,44.0544
2369388000,-0.1644,-21.2133,44.0323
2369488000,-0.0803,-21.1588,44.0588
2369588000,-0.1588,-21.1629,44.0566
2369688000,-0.0840,-21.3010,43.9902
2369788000,-0.0412,-21.3123,43.9848
2369888000,-0.2187,-21.0349,44.1176
2369988000,-0.1887,-21.0939,44.0896
2370088000,-0.2349,-21.1304,44.0719
2370188000,-0.1647,-21.2073,44.0353
2370288000,-0.1068,-21.2273,44.0258
2370388000,-0.2531,-21.1558,44.0596
2370488000,-0.0772,-21.1762,44.0504
2370588000,0.0064,-21.1898,44.0440
2370688000,-0.1098,-21.0281,44.1213
2370788000,-0.0781,-21.2440,44.0178
2370888000,-0.0749,-21.1962,44.0408
2370988000,-0.1195,-21.0825,44.0953
2371088000,-0.1283,-21.0838,44.0946
2371188000,-0.1289,-21.2086,44.0347
2371288000,-0.1741,-21.1867,44.0451
2371389000,-0.0462,-21.1737,44.0517
2371488000,-0.0350,-21.1763,44.0504
2371588000,-0.2177,-21.2464,44.0162
2371688000,-0.1949,-21.2616,44.0089
2371788000,-0.0580,-21.3050,43.9883
2371888000,-0.1808,-21.1915,44.0428
2371990000,-0.0843,-21.2606,44.0097
2372088000,-0.0965,-21.1916,44.0430
2372188000,-0.0957,-21.0863,44.0935
2372288000,-0.1727,-21.1517,44.0619
2372388000,-0.1803,-21.2201,44.0290
2372488000,-0.1390,-21.2944,43.9933
2372588000,-0.1460,-21.2556,44.0120
2372688000,-0.2370,-21.1902,44.0432
2372788000,-0.2248,-21.1499,44.0626
2372888000,-0.1170,-21.2281,44.0254
2372988000,-0.0227,-21.1558,44.0603
2373088000,-0.0629,-21.3358,43.9734
2373188000,-0.0538,-21.3545,43.9643
2373288000,-0.0701,-21.0379,44.1167
2373388000,-0.1367,-21.0528,44.1094
2373488000,-0.0800,-20.9143,44.1754
2373588000,0.0456,-21.0217,44.1244
2373688000,-0.0333,-21.3174,43.9823
2373788000,-0.1110,-21.3135,43.9841
2373888000,-0.1637,-21.2310,44.0238
2373988000,-0.1366,-21.1883,44.0445
2374088000,-0.0171,-21.0961,44.0890
2374188000,-0.0503,-21.1308,44.0723
2374288000,-0.1039,-21.2172,44.0307
2374388000,-0.1314,-21.0927,44.0904
2374488000,-0.0376,-21.1466,44.0647
2374588000,-0.1612,-21.1778,44.0494
2374688000,-0.2171,-21.1491,44.0630
2374788000,-0.1062,-21.2114,44.0335
2374888000,-0.0636,-21.3180,43.9820
2374988000,-0.0556,-21.3841,43.9499
2375088000,-0.1405,-21.1194,44.0775
2375188000,-0.0745,-21.0795,44.0968
2375291000,0.0247,-21.2124,44.0331
2375390000,-0.0061,-21.2861,43.9975
2375489000,-0.0244,-21.2546,44.0127
2375588000,-0.1143,-21.2444,44.0175
2375688000,-0.0364,-21.2566,44.0118
2375788000,-0.0619,-21.2394,44.0200
2375888000,-0.1461,-21.0035,44.1329
2375988000,-0.1634,-20.9973,44.1358
2376088000,-0.1998,-21.1474,44.0639
2376188000,-0.0524,-21.3007,43.9904
2376288000,-0.0968,-21.3136,43.9841
2376388000,-0.1162,-21.0762,44.0983
2376488000,-0.1079,-21.1812,44.0480
2376588000,-0.2204,-21.1162,44.0788
2376688000,-0.1642,-21.1801,44.0483
2376788000,-0.1662,-21.0193,44.1253
2376888000,-0.1186,-21.1014,44.0862
2376988000,-0.0938,-21.1286,44.0733
2377088000,-0.1154,-21.3079,43.9868
2377188000,-0.2179,-21.2005,44.0383
2377288000,-0.2282,-21.2178,44.0299
2377388000,-0.1175,-21.2579,44.0110
2377488000,-0.0523,-21.1644,44.0562
2377591000,-0.0796,-21.0606,44.1058
2377691000,-0.0482,-21.1866,44.0455
2377791000,-0.0305,-21.1286,44.0734
2377888000,-0.0663,-21.1164,44.0792
2377988000,-0.0676,-21.1742,44.0514
2378088000,-0.1976,-21.2801,44.0000
2378188000,-0.1733,-21.2668,44.0065
2378288000,-0.1010,-21.1889,44.0443
2378388000,-0.1193,-21.1264,44.0743
2378488000,-0.1585,-21.1501,44.0627
2378588000,-0.0441,-21.1386,44.0685
2378688000,-0.0550,-21.1590,44.0587
2378788000,-0.0429,-21.1967,44.0407
2378889000,-0.1456,-21.1383,44.0685
2378988000,-0.2150,-21.1738,44.0511
2379089000,-0.1785,-21.1876,44.0447
2379188000,-0.0899,-21.2836,43.9986
2379288000,-0.0453,-21.2437,44.0180
2379388000,-0.1754,-21.0796,44.0965
2379488000,-0.2384,-21.0649,44.1032
2379588000,-0.1837,-21.1970,44.0401
2379688000,-0.1317,-21.1624,44.0569
2379790000,-0.1594,-21.1768,44.0499
2379888000,-0.1053,-21.1204,44.0772
2379990000,-0.0513,-21.3235,43.9794
2380088000,-0.0237,-21.4040,43.9403
2380188000,-0.0239,-21.2160,44.0314
2380288000,-0.1209,-21.1240,44.0754
2380388000,-0.1363,-21.1306,44.0722
2380488000,-0.1515,-21.1157,44.0793
2380588000,-0.1368,-21.1442,44.0656
2380688000,-0.1531,-21.1487,44.0634
2380793000,-0.1195,-21.1031,44.0854
2380888000,-0.1628,-21.2112,44.0334
2380988000,-0.2214,-21.1697,44.0531
2381088000,-0.0468,-21.3444,43.9693
2381188000,-0.1709,-21.1779,44.0493
2381290000,-0.0561,-21.2305,44.0243
2381388000,-0.0641,-21.2860,43.9975
2381488000,-0.1263,-21.0926,44.0904
2381588000,-0.1360,-21.0916,44.0909
2381688000,-0.2130,-21.0526,44.1092
2381793000,-0.1188,-21.1390,44.0682
2381888000,-0.1316,-21.1926,44.0425
2381990000,-0.0888,-21.3475,43.9677
2382088000,-0.1082,-21.2841,43.9983
2382191000,-0.0493,-21.2711,44.0047
2382289000,-0.1982,-21.1322,44.0712
2382389000,-0.1549,-21.1331,44.0709
2382488000,-0.0490,-21.3745,43.9546
2382588000,-0.0254,-21.3922,43.9460
2382688000,-0.0915,-21.2008,44.0386
2382788000,-0.1528,-21.1777,44.0495
2382888000,-0.1575,-21.1738,44.0514
2382988000,-0.0761,-21.1406,44.0675
2383088000,0.0013,-21.1561,44.0602
2383188000,0.0497,-21.1688,44.0541
2383289000,-0.0495,-21.2347,44.0223
2383388000,-0.0944,-21.2349,44.0221
2383488000,0.0004,-21.2161,44.0313
2383588000,-0.0264,-21.3091,43.9864
2383691000,-0.2279,-21.1057,44.0837
2383790000,-0.1322,-21.1808,44.0481
2383889000,-0.2411,-21.1260,44.0739
2383988000,-0.0323,-21.0238,44.1235
2384088000,-0.1243,-21.0529,44.1094
2384188000,-0.1206,-21.0554,44.1082
2384288000,-0.2637,-21.2901,43.9948
2384388000,-0.1871,-21.2897,43.9954
2384488000,-0.0081,-21.2078,44.0353
2384588000,-0.0180,-21.1376,44.0691
2384690000,-0.0261,-21.0774,44.0979
2384788000,-0.0272,-21.2816,43.9997
2384888000,-0.0635,-21.0099,44.1300
2384988000,-0.0912,-21.0633,44.1045
2385088000,-0.1076,-21.2575,44.0112
2385188000,-0.0252,-21.2209,44.0290
2385288000,-0.0259,-21.2532,44.0134
2385388000,-0.0171,-21.1527,44.0618
2385488000,-0.0916,-20.9878,44.1405
2385588000,-0.1521,-21.1433,44.0661
2385688000,-0.1381,-21.2021,44.0378
2385788000,-0.1778,-21.1829,44.0470
2385888000,0.0213,-21.3348,43.9739
2385988000,-0.1023,-21.2208,44.0289
2386088000,-0.1027,-21.1479,44.0640
2386188000,-0.0570,-21.2400,44.0198
2386288000,-0.1787,-21.1353,44.0698
2386388000,-0.1619,-21.1784,44.0492
2386488000,-0.0502,-21.2890,43.9961
2386588000,-0.0248,-21.2020,44.0381
2386688000,-0.2015,-21.1461,44.0645
2386788000,-0.1295,-21.2447,44.0174
2386888000,-0.1195,-21.1588,44.0587
2386988000,-0.1254,-21.2119,44.0331
2387088000,-0.1034,-21.2434,44.0180
2387194000,-0.1310,-21.1135,44.0804
2387288000,-0.1580,-21.1422,44.0666
2387388000,-0.1475,-21.1547,44.0606
2387488000,-0.1953,-21.1558,44.0599
2387588000,-0.1154,-21.1968,44.0404
2387688000,-0.1365,-21.2029,44.0375
2387788000,-0.1288,-21.2670,44.0066
2387888000,-0.2211,-21.1793,44.0485
2387988000,0.0045,-21.2323,44.0235
2388088000,-0.0439,-21.1975,44.0402
2388188000,-0.1174,-21.1479,44.0640
2388288000,-0.0913,-21.2527,44.0136
2388388000,-0.0594,-21.3077,43.9870
2388488000,-0.1096,-21.1933,44.0422
2388588000,-0.0669,-21.0754,44.0988
2388688000,-0.1060,-21.1776,44.0497
2388788000,-0.1611,-21.1711,44.0527
2388889000,-0.1816,-21.1460,44.0646
2388988000,-0.0255,-21.0717,44.1006
2389088000,-0.0559,-21.3371,43.9727
2389194000,0.0141,-21.3302,43.9762
2389288000,-0.0791,-21.2051,44.0366
2389388000,-0.1118,-21.1226,44.0761
2389488000,-0.0788,-21.0973,44.0883
2389588000,-0.0808,-21.3246,43.9788
2389688000,-0.0902,-21.1931,44.0423
2389788000,-0.1759,-21.1504,44.0626
2389888000,-0.1072,-21.1814,44.0479
2389988000,0.0432,-21.2877,43.9967
2390088000,-0.0530,-21.1281,44.0736
2390188000,0.0145,-21.0407,44.1154
2390288000,-0.1507,-21.2153,44.0315
2390388000,-0.1873,-21.1743,44.0510
2390488000,-0.2491,-21.2814,43.9991
2390588000,-0.1295,-21.1783,44.0493
2390688000,-0.1070,-21.1635,44.0565
2390788000,-0.0915,-21.3593,43.9619
2390888000,-0.0458,-21.2656,44.0074
2390988000,-0.1883,-21.1127,44.0806
2391088000,-0.1630,-21.1668,44.0548
2391188000,-0.2197,-21.1626,44.0565
2391288000,-0.2169,-21.1492,44.0629
2391388000,-0.1389,-21.1522,44.0619
2391488000,-0.1942,-21.0983,44.0874
2391588000,-0.1249,-21.1846,44.0463
2391691000,-0.1680,-21.1733,44.0516
2391791000,-0.1450,-21.1951,44.0412
2391888000,-0.1567,-21.1867,44.0452
2391988000,-0.1168,-21.1872,44.0451
2392089000,-0.1483,-21.0578,44.1070
2392188000,-0.1058,-21.0696,44.1015
2392288000,-0.0978,-21.3529,43.9650
2392388000,-0.0633,-21.1667,44.0550
2392491000,-0.1393,-21.1064,44.0838
2392588000,-0.0728,-21.1117,44.0814
2392688000,-0.0305,-21.1400,44.0679
2392790000,-0.1251,-21.1689,44.0539
2392888000,-0.1409,-21.2194,44.0295
2392988000,-0.1750,-21.1725,44.0520
2393088000,-0.2093,-21.1703,44.0529
2393188000,-0.1327,-21.2150,44.0316
2393288000,-0.1847,-21.1781,44.0492
2393389000,-0.0150,-21.1661,44.0553
2393488000,-0.1600,-21.1867,44.0452
2393588000,-0.1946,-21.1744,44.0510
2393688000,-0.2022,-21.1529,44.0612
2393788000,-0.1726,-21.2656,44.0071
2393888000,-0.1138,-21.2799,44.0004
2393988000,0.0076,-21.2786,44.0011
2394088000,-0.0099,-21.2540,44.0130
2394188000,-0.0342,-21.0469,44.1124
2394288000,-0.0543,-21.2702,44.0052
2394388000,-0.0193,-21.3363,43.9732
2394488000,-0.0768,-20.9538,44.1567
2394588000,-0.1636,-21.0728,44.0998
2394688000,-0.1027,-21.1073,44.0835
2394788000,0.0238,-21.1917,44.0431
2394888000,-0.0124,-21.1516,44.0623
2394988000,-0.1922,-21.1326,44.0710
2395089000,-0.2182,-21.1538,44.0607
2395188000,-0.0877,-21.2252,44.0268
2395288000,-0.1134,-21.2245,44.0271
2395388000,-0.0670,-21.1770,44.0501
2395488000,-0.1331,-21.1257,44.0745
2395588000,-0.0613,-21.2888,43.9962
2395688000,-0.0043,-21.2021,44.0381
2395788000,-0.0411,-21.2374,44.0210
2395888000,-0.0181,-21.3088,43.9865
2395989000,-0.1857,-21.1235,44.0754
2396088000,-0.2209,-21.1039,44.0846
2396188000,-0.0753,-21.2896,43.9958
2396288000,-0.0405,-21.2940,43.9937
2396388000,-0.0280,-21.1326,44.0714
2396488000,-0.0337,-21.0304,44.1203
2396588000,-0.1548,-21.0808,44.0960
2396688000,-0.1406,-21.1825,44.0473
2396788000,-0.0077,-21.2832,43.9989
2396888000,-0.1410,-21.1625,44.0569
2396988000,-0.1803,-21.1342,44.0703
2397088000,-0.1410,-21.0870,44.0931
2397188000,-0.0869,-21.0412,44.1151
2397288000,-0.1286,-21.1888,44.0442
2397388000,-0.1932,-21.0808,44.0958
2397488000,-0.0614,-21.2660,44.0072
2397588000,-0.0239,-21.3310,43.9758
2397688000,-0.1374,-21.0911,44.0911
2397788000,-0.1179,-21.0833,44.0949
2397889000,-0.0836,-21.1849,44.0463
2397988000,-0.1324,-21.1600,44.0581
2398088000,-0.2057,-21.1598,44.0579
2398188000,-0.0765,-21.1700,44.0534
2398288000,-0.0792,-21.3494,43.9667
2398388000,-0.1675,-21.0748,44.0988
2398488000,-0.1728,-21.1327,44.0711
2398588000,-0.1533,-21.1822,44.0474
2398688000,0.0327,-21.2676,44.0064
2398788000,-0.0303,-21.1386,44.0686
2398888000,-0.0890,-21.0940,44.0898
2398988000,-0.0052,-21.1310,44.0722
2399088000,0.0183,-21.2722,44.0042
2399188000,-0.0742,-21.2193,44.0297
2399288000,-0.1815,-21.1789,44.0489
2399388000,-0.0139,-21.2824,43.9993
2399488000,0.0225,-21.1992,44.0394
2399588000,-0.0299,-21.2162,44.0313
2399688000,-0.0354,-20.9939,44.1377
2399788000,-0.0400,-20.9579,44.1548
2399888000,-0.1948,-21.3411,43.9704
2399988000,-0.1605,-21.2710,44.0045
2400088000,-0.1630,-21.2846,43.9980
2400188000,-0.1285,-21.2008,44.0385
2400288000,-0.1128,-21.2372,44.0210
2400388000,-0.0720,-21.2806,44.0001
2400488000,0.0211,-21.1184,44.0783
2400588000,-0.1577,-21.1115,44.0813
2400688000,-0.1529,-21.0405,44.1152
2400788000,-0.1283,-21.1724,44.0522
2400888000,-0.1791,-21.1803,44.0482
2400988000,-0.1307,-21.2617,44.0091
2401088000,-0.0636,-21.1143,44.0802
2401188000,-0.2129,-21.1881,44.0443
2401288000,-0.1468,-21.2550,44.0123
2401391000,-0.1969,-21.1875,44.0446
2401488000,-0.2128,-21.2613,44.0090
2401588000,-0.2339,-21.2537,44.0126
2401688000,-0.2341,-21.2566,44.0111
2401788000,-0.0339,-21.2502,44.0148
2401888000,-0.0345,-21.2055,44.0364
2401988000,-0.0863,-21.0873,44.0930
2402088000,-0.0615,-21.0600,44.1061
2402188000,-0.0318,-21.0930,44.0904
2402288000,-0.1176,-21.1144,44.0800
2402388000,-0.2003,-21.2085,44.0345
2402488000,-0.1453,-21.2496,44.0149
2402588000,-0.1080,-21.2721,44.0041
2402688000,-0.1352,-21.2065,44.0357
2402788000,-0.1045,-21.0530,44.1094
2402888000,-0.0595,-21.0413,44.1151
2402988000,-0.1632,-21.0832,44.0948
2403088000,-0.1481,-21.0695,44.1014
2403188000,-0.1657,-21.2020,44.0378
2403288000,-0.1048,-21.2399,44.0197
2403388000,-0.0432,-21.2240,44.0275
2403488000,0.1215,-21.2689,44.0057
2403588000,-0.0103,-21.1624,44.0571
2403688000,0.0033,-21.1396,44.0681
2403790000,0.0309,-21.2047,44.0368
2403888000,0.0119,-21.2392,44.0202
2403988000,-0.0984,-21.1792,44.0490
2404088000,-0.0577,-21.1601,44.0582
2404188000,-0.0861,-21.1848,44.0463
2404288000,0.0409,-21.1511,44.0626
2404388000,-0.0365,-21.2867,43.9972
2404488000,-0.1726,-21.1114,44.0812
2404588000,-0.2152,-21.0787,44.0967
2404688000,-0.0859,-21.2226,44.0281
2404792000,-0.0217,-21.2808,44.0001
2404888000,-0.0615,-21.2785,44.0011
2404988000,-0.0453,-21.2645,44.0079
2405090000,-0.1902,-21.1609,44.0574
2405190000,-0.1754,-21.1352,44.0698
2405288000,-0.0797,-21.1123,44.0811
2405388000,-0.1252,-21.0551,44.1083
2405488000,-0.0853,-21.1363,44.0696
2405588000,-0.0545,-21.2100,44.0342
2405691000,-0.0520,-21.3502,43.9664
2405790000,-0.0150,-21.1601,44.0583
2405888000,-0.1915,-21.1027,44.0853
2405988000,-0.2093,-21.1032,44.0850
2406088000,-0.1744,-21.1685,44.0539
2406188000,-0.1258,-21.1134,44.0804
2406288000,-0.0982,-21.0987,44.0876
2406388000,-0.1185,-21.0555,44.1082
2406492000,-0.2086,-21.2807,43.9997
2406588000,-0.1941,-21.3054,43.9878
2406688000,-0.1855,-21.1466,44.0644
2406788000,-0.2128,-21.1927,44.0421
2406888000,-0.2764,-21.1995,44.0384
2406992000,0.0020,-21.2795,44.0007
2407088000,-0.0227,-21.1593,44.0586
2407188000,-0.1067,-21.1904,44.0435
2407288000,-0.0522,-21.4297,43.9277
2407388000,-0.0476,-21.3952,43.9446
2407489000,-0.1362,-21.1253,44.0747
2407588000,-0.1792,-21.0000,44.1344
2407688000,-0.2396,-21.1263,44.0738
2407788000,-0.2369,-21.1970,44.0399
2407888000,-0.1806,-21.2131,44.0324
2407988000,-0.1276,-21.1725,44.0521
2408088000,-0.1865,-21.1851,44.0459
2408188000,0.0292,-21.1647,44.0560
2408289000,-0.0938,-21.1274,44.0739
2408388000,-0.0845,-21.1610,44.0577
2408488000,-0.0850,-21.1637,44.0564
2408588000,-0.1881,-21.0673,44.1023
2408688000,-0.1569,-21.0748,44.0988
2408789000,-0.1590,-21.2163,44.0309
2408889000,-0.0581,-21.2259,44.0265
2408988000,-0.0674,-21.2445,44.0175
2409088000,-0.0153,-21.2222,44.0284
2409188000,-0.0848,-21.1799,44.0487
2409288000,-0.1891,-21.0302,44.1200
2409390000,-0.1218,-21.2785,44.0010
2409488000,-0.0618,-21.1967,44.0406
2409588000,0.0039,-21.1837,44.0469
2409688000,-0.1824,-21.2942,43.9932
2409788000,-0.0758,-21.2884,43.9963
2409888000,-0.1651,-21.1379,44.0686
2409988000,-0.0408,-21.0905,44.0916
2410093000,-0.0789,-21.2497,44.0151
2410191000,-0.1419,-21.0147,44.1275
2410288000,-0.1815,-21.1986,44.0394
2410388000,-0.1460,-21.3346,43.9738
2410488000,-0.1223,-21.4003,43.9419
2410591000,-0.1194,-21.1275,44.0737
2410688000,-0.1713,-21.2101,44.0339
2410790000,-0.0501,-21.2425,44.0186
2410888000,-0.1185,-21.2144,44.0320
2410988000,-0.0936,-21.2184,44.0301
2411088000,-0.1773,-21.2118,44.0330
2411188000,-0.1699,-21.1011,44.0862
2411288000,-0.1200,-21.2029,44.0375
2411388000,-0.0587,-21.1147,44.0800
2411488000,-0.1726,-21.1410,44.0671
2411588000,-0.0803,-21.1284,44.0734
2411688000,-0.0324,-21.1480,44.0641
2411788000,-0.1166,-21.1323,44.0714
2411888000,-0.1568,-21.2929,43.9939
2411988000,-0.1001,-21.3743,43.9546
2412089000,-0.1840,-21.2546,44.0123
2412191000,-0.0854,-21.2798,44.0005
2412288000,-0.1699,-21.1575,44.0592
2412388000,-0.1321,-21.2236,44.0275
2412488000,-0.0715,-21.0047,44.1325
2412588000,-0.1894,-21.1832,44.0468
2412688000,-0.1693,-21.1949,44.0412
2412788000,-0.1514,-21.2149,44.0316
2412888000,-0.0447,-21.1506,44.0628
2412991000,0.0149,-21.3060,43.9879
2413088000,-0.0611,-21.0720,44.1004
2413188000,-0.0281,-21.0835,44.0950
2413288000,0.0084,-21.1606,44.0580
2413388000,-0.0192,-21.2225,44.0282
2413488000,-0.0788,-21.1256,44.0747
2413588000,-0.1457,-21.2149,44.0317
2413688000,-0.2052,-21.1707,44.0527
2413788000,-0.1087,-21.3058,43.9879
2413888000,-0.0551,-21.3318,43.9753
2413988000,-0.0290,-21.2316,44.0238
2414088000,-0.0779,-20.9132,44.1759
2414188000,-0.0914,-20.9769,44.1457
2414288000,-0.2047,-21.1453,44.0649
2414388000,-0.2128,-21.2131,44.0323
2414488000,-0.2101,-21.1973,44.0399
2414590000,-0.0139,-21.2538,44.0131
2414689000,-0.0581,-21.2152,44.0317
2414788000,-0.1225,-21.2282,44.0253
2414888000,-0.1702,-21.1223,44.0761
2414988000,-0.1583,-21.1183,44.0780
2415088000,-0.1695,-21.1776,44.0495
2415188000,-0.0915,-21.3119,43.9849
2415288000,-0.0653,-21.3233,43.9795
2415388000,-0.1488,-21.1480,44.0638
2415488000,-0.0738,-21.2620,44.0091
2415588000,-0.1677,-21.1540,44.0609
2415688000,-0.1606,-21.0629,44.1045
2415788000,-0.2209,-21.1406,44.0671
2415888000,-0.0663,-21.0951,44.0893
2415988000,-0.1353,-21.1992,44.0392
2416088000,-0.0931,-21.3044,43.9885
2416188000,-0.1506,-21.1729,44.0518
2416288000,-0.2579,-21.1928,44.0418
2416388000,-0.2289,-21.2502,44.0143
2416488000,0.0086,-21.2757,44.0026
2416588000,-0.1951,-21.1893,44.0438
2416688000,-0.1073,-21.1987,44.0396
2416788000,-0.0763,-21.1624,44.0571
2416888000,-0.1097,-21.2597,44.0102
2416991000,-0.1790,-21.1367,44.0691
2417088000,-0.2184,-21.2092,44.0341
2417188000,-0.1120,-21.1027,44.0856
2417290000,-0.1887,-21.1837,44.0465
2417392000,-0.1122,-21.1870,44.0452
2417488000,-0.1958,-21.1704,44.0529
2417591000,-0.1379,-21.2261,44.0263
2417688000,-0.1453,-21.1554,44.0603
2417788000,-0.1871,-21.1503,44.0625
2417888000,-0.1910,-21.1442,44.0655
2417988000,-0.1264,-21.1976,44.0401
2418088000,-0.0773,-21.2398,44.0198
2418188000,-0.2040,-21.1776,44.0494
2418288000,-0.1412,-21.1295,44.0727
2418388000,-0.0247,-21.0068,44.1315
2418488000,-0.0837,-21.2794,44.0007
2418588000,-0.0500,-21.3597,43.9618
2418688000,-0.0389,-21.2784,44.0012
2418788000,-0.1764,-20.9716,44.1479
2418888000,-0.2233,-21.0437,44.1134
2418988000,-0.0689,-21.2044,44.0369
2419091000,-0.0471,-21.1529,44.0617
2419188000,-0.0393,-20.9338,44.1662
2419288000,-0.1637,-21.3195,43.9810
2419388000,-0.0973,-21.1820,44.0476
2419488000,-0.0668,-21.2351,44.0221
2419588000,-0.1173,-21.1916,44.0430
2419688000,-0.1850,-21.1624,44.0567
2419788000,-0.0241,-21.2810,44.0000
2419888000,-0.1383,-21.1218,44.0764
2419988000,-0.0708,-21.1779,44.0496
2420088000,-0.1176,-21.1343,44.0705
2420191000,-0.1415,-21.1871,44.0451
2420288000,-0.0834,-21.1635,44.0565
2420388000,-0.0097,-21.1869,44.0454
2420488000,-0.1843,-21.1608,44.0575
2420588000,-0.1666,-21.1719,44.0523
2420688000,-0.0413,-21.2032,44.0375
2420788000,-0.0514,-21.1725,44.0523
2420888000,-0.0305,-21.2187,44.0301
2420988000,-0.0380,-21.2201,44.0294
2421088000,-0.0231,-21.0659,44.1034
2421190000,-0.0158,-21.0785,44.0973
2421290000,-0.2004,-21.1315,44.0715
2421390000,-0.2619,-21.1808,44.0475
2421488000,-0.1748,-21.2256,44.0264
2421588000,-0.1724,-21.2516,44.0139
2421689000,-0.0820,-21.1232,44.0759
2421788000,-0.1107,-21.2500,44.0148
2421888000,-0.1697,-21.1970,44.0402
2421988000,-0.3082,-21.2151,44.0307
2422088000,-0.2842,-21.2031,44.0367
2422188000,-0.1633,-21.1803,44.0482
2422288000,-0.1445,-21.1926,44.0424
2422388000,-0.0802,-21.2088,44.0348
2422488000,-0.0762,-21.1703,44.0533
2422588000,-0.0701,-21.2834,43.9988
2422691000,-0.1146,-21.1660,44.0553
2422788000,-0.0261,-21.1916,44.0431
2422888000,-0.0287,-21.2733,44.0037
2422988000,-0.1191,-21.1291,44.0730
2423088000,-0.1301,-21.0409,44.1151
2423188000,-0.0863,-21.1521,44.0620
2423288000,-0.0577,-21.2637,44.0083
2423388000,-0.1282,-21.1299,44.0726
2423489000,-0.0985,-21.1011,44.0864
2423589000,-0.0010,-21.0582,44.1070
2423688000,-0.0096,-21.0276,44.1217
2423788000,0.0337,-21.0859,44.0938
2423888000,-0.1971,-21.3177,43.9818
2423988000,-0.2281,-21.2207,44.0285
2424090000,-0.1443,-21.2871,43.9968
2424188000,-0.1510,-21.2382,44.0204
2424289000,-0.1887,-21.1330,44.0708
2424388000,-0.1568,-21.1235,44.0755
2424488000,-0.0382,-21.1162,44.0793
2424588000,-0.0933,-21.1196,44.0776
2424688000,-0.0882,-21.1993,44.0393
2424788000,-0.0845,-21.0535,44.1092
2424888000,0.0226,-21.1410,44.0674
2424988000,-0.0624,-21.2247,44.0271
2425088000,-0.0686,-21.1890,44.0443
2425188000,-0.2042,-21.0010,44.1338
2425288000,-0.1869,-21.1346,44.0701
2425388000,-0.1680,-21.1474,44.0640
2425488000,-0.1100,-21.1679,44.0544
2425588000,-0.0972,-21.2410,44.0192
2425688000,-0.1806,-21.0742,44.0990
2425788000,-0.1842,-21.2146,44.0316
2425888000,-0.1939,-21.1980,44.0396
2425988000,0.0225,-21.2494,44.0152
2426088000,-0.0270,-21.0799,44.0967
2426191000,-0.0102,-21.0130,44.1286
2426288000,-0.0641,-21.2887,43.9962
2426388000,-0.2175,-21.1649,44.0554
2426488000,-0.2649,-21.1832,44.0463
2426588000,-0.2523,-21.1865,44.0449
2426688000,-0.1895,-21.1673,44.0544
2426788000,-0.1438,-21.1768,44.0500
2426888000,0.0052,-21.1706,44.0532
2426988000,-0.0350,-21.3004,43.9906
2427088000,-0.0050,-20.9576,44.1550
2427188000,-0.0720,-21.1501,44.0630
2427288000,-0.0979,-21.0739,44.0994
2427388000,-0.1050,-21.1068,44.0837
2427488000,0.0350,-21.1796,44.0489
2427588000,-0.0692,-21.1610,44.0578
2427688000,-0.1927,-21.1674,44.0543
2427788000,-0.1443,-21.1073,44.0833
2427888000,-0.0934,-21.2307,44.0242
2427988000,-0.1611,-21.1454,44.0650
2428088000,-0.0929,-21.1677,44.0545
2428188000,0.0188,-21.1156,44.0796
2428288000,0.0407,-21.0277,44.1216
2428388000,-0.1346,-21.0168,44.1266
2428488000,-0.1400,-21.1122,44.0810
2428588000,-0.1425,-21.2557,44.0120
2428688000,-0.0972,-21.2751,44.0027
2428788000,0.0051,-21.1994,44.0394
2428890000,-0.0850,-21.0823,44.0954
2428988000,-0.1255,-21.0769,44.0979
2429088000,-0.1637,-21.2058,44.0360
2429188000,-0.0473,-21.1562,44.0601
2429288000,-0.0072,-21.1318,44.0718
2429389000,-0.0776,-21.1809,44.0482
2429488000,-0.1562,-21.2096,44.0342
2429588000,-0.1736,-21.1878,44.0446
2429688000,-0.1624,-21.1808,44.0480
2429788000,0.0580,-21.2275,44.0258
2429888000,-0.0458,-21.1831,44.0472
2429988000,-0.0712,-21.1681,44.0543
2430088000,-0.1339,-21.1451,44.0652
2430188000,-0.1014,-21.1568,44.0597
2430288000,-0.0421,-21.1499,44.0631
2430388000,-0.1471,-21.1903,44.0435
2430488000,-0.0650,-21.2648,44.0077
2430588000,-0.0171,-21.1556,44.0604
2430688000,0.0606,-20.9285,44.1687
2430788000,-0.1099,-21.0329,44.1190
2430888000,-0.2205,-21.0696,44.1011
2430988000,-0.1714,-21.1357,44.0696
2431088000,-0.0766,-21.4373,43.9240
2431188000,-0.1918,-21.2376,44.0205
2431288000,-0.0356,-21.2135,44.0325
2431388000,-0.1283,-21.1757,44.0506
2431488000,-0.2189,-21.1731,44.0515
2431591000,-0.1148,-21.1670,44.0548
2431688000,-0.1484,-21.1561,44.0599
2431788000,-0.0836,-21.2509,44.0144
2431888000,-0.0759,-21.2271,44.0260
2431988000,-0.0814,-21.3887,43.9477
2432089000,-0.1082,-21.1215,44.0766
2432188000,-0.0860,-21.1417,44.0670
2432288000,-0.0427,-21.2389,44.0203
2432388000,-0.0451,-21.2962,43.9926
2432489000,-0.1752,-21.0957,44.0888
2432588000,-0.1404,-21.0641,44.1040
2432690000,-0.2204,-21.0906,44.0910
2432788000,-0.2507,-21.1778,44.0490
2432888000,-0.2582,-21.1805,44.0477
2432988000,-0.0362,-21.3467,43.9681
2433088000,-0.0098,-21.3217,43.9803
2433188000,-0.1822,-21.0779,44.0973
2433288000,-0.1521,-20.9875,44.1405
2433388000,-0.1452,-20.9551,44.1559
2433491000,-0.2160,-21.2021,44.0375
2433588000,0.0017,-21.3362,43.9732
2433688000,-0.0912,-21.1482,44.0639
2433789000,-0.0880,-21.3128,43.9845
2433888000,-0.2263,-21.1960,44.0404
2433988000,-0.1383,-21.0632,44.1045
2434088000,-0.1113,-21.1916,44.0429
2434191000,-0.0906,-21.1511,44.0625
2434288000,-0.0514,-21.2108,44.0339
2434389000,-0.1548,-21.1813,44.0478
2434489000,-0.0765,-21.0825,44.0954
2434588000,-0.1531,-21.1518,44.0620
2434688000,-0.1819,-21.1426,44.0663
2434788000,-0.1152,-21.2178,44.0303
2434888000,-0.1271,-21.1350,44.0701
2434988000,-0.0627,-21.1268,44.0742
2435088000,-0.2011,-21.1640,44.0559
2435188000,-0.1432,-21.1504,44.0627
2435288000,-0.2262,-21.1630,44.0563
2435388000,-0.0949,-21.2016,44.0382
2435488000,-0.0517,-21.2625,44.0089
2435588000,-0.1877,-21.1324,44.0712
2435688000,-0.0064,-21.0583,44.1070
2435788000,-0.0989,-21.3595,43.9618
2435888000,-0.2491,-21.2498,44.0144
2435988000,-0.2537,-21.2202,44.0286
2436088000,-0.2045,-21.1781,44.0491
2436188000,-0.2263,-21.1861,44.0452
2436288000,-0.2101,-21.1812,44.0476
2436388000,-0.0756,-21.2444,44.0176
2436488000,-0.1246,-21.2327,44.0231
2436588000,-0.0966,-21.1699,44.0534
2436688000,-0.1015,-21.2068,44.0357
2436788000,-0.0966,-21.2390,44.0201
2436888000,-0.1807,-21.1248,44.0748
2436988000,-0.1275,-21.1830,44.0471
2437088000,-0.1663,-21.1156,44.0793
2437188000,-0.1573,-21.1126,44.0808
2437288000,-0.0907,-21.1355,44.0700
2437388000,-0.0486,-21.1524,44.0619
2437488000,-0.1141,-21.1868,44.0453
2437589000,-0.0828,-21.0465,44.1126
2437690000,-0.0664,-21.2314,44.0239
2437788000,-0.0229,-21.1999,44.0391
2437889000,-0.1967,-21.0979,44.0876
2437988000,-0.0693,-21.0307,44.1201
2438089000,-0.1050,-21.2876,43.9967
2438189000,-0.1247,-21.3110,43.9853
2438289000,0.0031,-21.3487,43.9672
2438388000,-0.0851,-21.2035,44.0373
2438488000,0.0154,-21.2356,44.0219
2438591000,-0.1344,-21.1391,44.0681
2438691000,-0.1436,-21.1736,44.0515
2438788000,-0.1151,-21.2586,44.0106
2438892000,-0.0201,-21.2226,44.0282
2438988000,-0.1179,-21.1430,44.0663
2439089000,-0.1446,-21.1530,44.0614
2439188000,-0.0147,-21.1030,44.0856
2439288000,-0.1160,-21.2437,44.0179
2439388000,-0.1497,-21.2482,44.0156
2439488000,-0.0234,-21.2212,44.0288
2439588000,-0.0569,-21.1535,44.0614
2439688000,-0.1212,-21.1997,44.0390
2439788000,-0.0479,-21.3095,43.9861
2439888000,-0.1032,-21.2223,44.0282
2439988000,-0.0683,-21.3215,43.9803
2440088000,-0.0360,-21.2617,44.0093
2440188000,0.0243,-21.0118,44.1292
2440288000,0.0555,-20.9312,44.1674
2440388000,-0.1481,-20.9974,44.1358
2440490000,-0.2088,-21.0874,44.0926
2440589000,-0.1815,-21.2545,44.0124
2440688000,-0.2250,-21.2359,44.0212
2440788000,-0.1760,-21.1920,44.0426
2440888000,-0.1153,-21.2317,44.0236
2440988000,-0.2423,-21.2018,44.0376
2441090000,-0.0763,-21.1629,44.0568
2441188000,-0.0515,-21.2222,44.0284
2441288000,-0.1079,-21.0182,44.1260
2441388000,-0.1518,-21.1380,44.0686
2441488000,-0.0293,-21.2943,43.9936
2441589000,-0.0795,-21.2221,44.0283
2441688000,-0.0480,-21.2727,44.0040
2441788000,-0.0112,-21.2674,44.0066
2441888000,-0.1223,-21.1061,44.0840
2441988000,-0.1005,-21.0866,44.0934
2442088000,-0.0863,-21.0720,44.1004
2442188000,-0.1643,-21.1500,44.0628
2442288000,-0.0678,-21.0243,44.1232
2442388000,-0.0134,-20.9930,44.1381
2442488000,-0.0922,-21.4326,43.9263
2442588000,-0.0965,-21.4027,43.9408
2442688000,-0.1618,-21.0892,44.0919
2442788000,-0.1808,-20.9886,44.1398
2442888000,-0.2421,-21.0884,44.0919
2442988000,-0.1609,-21.1262,44.0742
2443090000,-0.0803,-21.1264,44.0743
2443188000,-0.1623,-21.0837,44.0945
2443288000,-0.0389,-21.2265,44.0263
2443388000,-0.0983,-21.2682,44.0060
2443488000,-0.1567,-21.1779,44.0494
2443588000,-0.0332,-21.2626,44.0089
2443688000,-0.0667,-21.1268,44.0742
2443788000,-0.0024,-21.0420,44.1148
2443888000,-0.0963,-21.2582,44.0109
2443988000,-0.1928,-21.2013,44.0380
2444088000,-0.2245,-21.1667,44.0545
2444188000,-0.2011,-21.1571,44.0592
2444288000,-0.2242,-21.1447,44.0651
2444388000,-0.1704,-21.1801,44.0483
2444488000,-0.1389,-21.1899,44.0437
2444588000,-0.1586,-21.2441,44.0175
2444688000,-0.1063,-21.1580,44.0591
2444788000,-0.1439,-21.1920,44.0427
2444888000,-0.2288,-21.1311,44.0716
2444988000,-0.0343,-21.2613,44.0095
2445088000,-0.0445,-21.2649,44.0078
2445188000,-0.0307,-21.1817,44.0478
2445288000,-0.0547,-21.3014,43.9901
2445388000,-0.1792,-21.1572,44.0593
2445491000,-0.1685,-21.1889,44.0441
2445588000,-0.1645,-21.2039,44.0369
2445688000,-0.2108,-21.1783,44.0490
2445792000,-0.0487,-21.0802,44.0965
2445888000,-0.1171,-21.1482,44.0638
2445988000,-0.0555,-21.2392,44.0201
2446088000,-0.0998,-21.2745,44.0030
2446188000,-0.2033,-21.1391,44.0678
2446288000,-0.0279,-21.2453,44.0172
2446388000,-0.0339,-21.2897,43.9958
2446488000,-0.0624,-21.1686,44.0541
2446588000,-0.0539,-21.1578,44.0593
2446691000,-0.1415,-21.1733,44.0517
2446790000,-0.1008,-21.0629,44.1047
2446889000,-0.1706,-21.2093,44.0343
2446988000,-0.0151,-21.1727,44.0522
2447088000,-0.0429,-21.3179,43.9821
2447188000,-0.0487,-21.2762,44.0023
2447288000,-0.0282,-21.1990,44.0395
2447391000,0.0102,-21.0813,44.0960
2447488000,-0.1162,-21.0481,44.1117
2447588000,-0.1230,-21.0415,44.1149
2447688000,-0.1736,-21.2004,44.0385
2447788000,-0.0761,-21.2639,44.0082
2447888000,-0.1366,-21.1778,44.0495
2447988000,-0.0790,-21.2088,44.0348
2448088000,-0.0348,-21.3154,43.9833
2448188000,-0.0927,-21.0661,44.1032
2448288000,-0.0595,-21.0560,44.1080
2448388000,-0.0384,-21.0875,44.0930
2448488000,-0.0990,-21.1332,44.0711
2448588000,-0.1543,-21.1306,44.0721
2448688000,-0.1770,-21.1828,44.0470
2448788000,-0.1450,-21.1899,44.0437
2448891000,-0.2075,-21.2063,44.0356
2448988000,-0.0877,-21.2007,44.0387
2449090000,-0.1317,-21.1800,44.0485
2449188000,-0.1428,-21.1664,44.0550
2449288000,-0.1788,-21.1820,44.0474
2449388000,-0.1689,-21.2027,44.0375
2449490000,-0.0109,-21.2046,44.0369
2449588000,-0.0145,-21.1988,44.0396
2449688000,-0.0534,-21.4020,43.9412
2449790000,-0.0351,-21.0104,44.1298
2449889000,-0.2249,-21.0503,44.1103
2449989000,-0.2834,-21.0824,44.0946
2450088000,-0.3276,-21.1136,44.0793
2450189000,-0.1569,-21.1933,44.0420
2450288000,-0.1785,-21.1957,44.0408
2450388000,-0.2052,-21.1850,44.0458
2450488000,-0.2132,-21.1838,44.0463
2450588000,-0.1553,-21.1777,44.0495
2450688000,-0.0962,-21.3315,43.9754
2450788000,-0.0739,-21.1524,44.0619
2450888000,-0.1022,-21.1600,44.0582
2450988000,-0.1744,-21.2072,44.0352
2451088000,-0.1698,-21.1995,44.0390
2451188000,-0.0837,-21.2177,44.0305
2451288000,-0.0542,-21.2045,44.0369
2451388000,-0.1931,-21.1198,44.0772
2451488000,-0.1437,-21.1750,44.0509
2451588000,-0.1743,-21.1795,44.0486
2451688000,-0.1069,-21.1337,44.0708
2451788000,-0.1330,-21.1467,44.0645
2451888000,-0.1645,-21.1640,44.0561
2451988000,-0.0926,-21.2187,44.0300
2452088000,-0.1226,-21.2633,44.0084
2452188000,-0.0973,-21.3261,43.9780
2452288000,-0.0932,-21.0515,44.1102
2452388000,-0.2146,-21.1543,44.0605
2452488000,-0.1478,-21.1915,44.0429
2452588000,-0.0819,-21.2300,44.0245
2452688000,-0.1628,-21.1786,44.0491
2452788000,-0.0869,-21.1228,44.0761
2452891000,-0.0587,-21.2420,44.0188
2452988000,-0.1395,-21.1836,44.0467
2453088000,-0.1055,-21.2629,44.0086
2453189000,-0.1104,-21.1926,44.0425
2453288000,-0.1295,-21.2468,44.0163
2453388000,-0.0755,-21.3277,43.9773
2453488000,-0.1764,-21.2207,44.0288
2453588000,-0.0751,-21.2393,44.0201
2453688000,-0.0314,-21.1692,44.0539
2453788000,-0.1900,-21.0703,44.1009
2453888000,-0.1079,-21.0897,44.0919
2453988000,-0.0222,-21.1378,44.0690
2454088000,-0.1070,-21.2402,44.0196
2454188000,-0.1807,-21.1521,44.0617
2454288000,-0.1748,-21.1822,44.0473
2454388000,-0.1022,-21.1464,44.0647
2454488000,-0.0192,-21.3145,43.9838
2454588000,-0.1389,-21.1624,44.0569
2454688000,-0.2054,-21.1550,44.0602
2454788000,-0.2117,-21.1561,44.0597
2454889000,-0.0377,-21.2285,44.0253
2454988000,-0.1432,-21.1668,44.0548
2455088000,-0.1071,-21.1913,44.0431
2455188000,-0.0691,-21.0980,44.0880
2455288000,-0.1399,-21.1023,44.0857
2455388000,-0.1146,-21.1648,44.0558
2455488000,-0.0580,-21.1620,44.0573
2455588000,-0.0308,-21.1856,44.0460
2455688000,-0.0645,-21.2630,44.0086
2455788000,-0.0542,-21.1493,44.0634
2455888000,-0.1109,-21.0403,44.1154
2455988000,-0.1770,-21.0915,44.0908
2456088000,0.0330,-21.0728,44.1001
2456188000,-0.2443,-21.1115,44.0809
2456288000,-0.1832,-21.2115,44.0331
2456388000,-0.0530,-21.2742,44.0032
2456488000,-0.1316,-21.0433,44.1140
2456588000,-0.1875,-21.1645,44.0558
2456688000,-0.1736,-21.2403,44.0193
2456788000,0.0003,-21.2906,43.9953
2456888000,0.0037,-21.2173,44.0307
2456988000,-0.1319,-21.0379,44.1166
2457088000,-0.1806,-21.0841,44.0943
2457188000,-0.0086,-21.2012,44.0385
2457288000,-0.0242,-21.3207,43.9808
2457390000,-0.1353,-21.2569,44.0114
2457489000,-0.0871,-21.2143,44.0321
2457588000,-0.1587,-21.2077,44.0351
2457689000,-0.1325,-21.2211,44.0287
2457788000,-0.0887,-21.2370,44.0212
2457888000,-0.0694,-21.1428,44.0665
2457988000,-0.0567,-21.0720,44.1004
2458088000,-0.1556,-21.1080,44.0830
2458188000,-0.1817,-21.1768,44.0499
2458288000,-0.1015,-21.2568,44.0116
2458388000,-0.0299,-21.2162,44.0313
2458488000,-0.1358,-21.1462,44.0647
2458588000,-0.1436,-21.1992,44.0392
2458690000,-0.1182,-21.1767,44.0501
2458790000,-0.1615,-21.1440,44.0657
2458888000,-0.1625,-21.0438,44.1136
2458988000,-0.1384,-21.1083,44.0829
2459088000,-0.0317,-21.1062,44.0841
2459188000,-0.0713,-21.1994,44.0393
2459288000,-0.0697,-21.2045,44.0369
2459388000,-0.1552,-21.0963,44.0886
2459488000,-0.2559,-21.0940,44.0892
2459588000,-0.0357,-20.9519,44.1576
2459688000,-0.1644,-21.1710,44.0527
2459788000,-0.2193,-21.1559,44.0597
2459888000,-0.1657,-21.1647,44.0557
2459988000,-0.2134,-21.1486,44.0633
2460088000,-0.1911,-21.1595,44.0581
2460190000,0.0314,-21.2577,44.0112
2460288000,-0.0925,-21.2446,44.0175
2460390000,-0.0465,-21.1808,44.0483
2460488000,0.0107,-21.1281,44.0736
2460588000,-0.0882,-21.1131,44.0807
2460688000,-0.1490,-21.1711,44.0527
2460788000,-0.1578,-21.1719,44.0523
2460889000,-0.0211,-21.1475,44.0643
2460989000,-0.1846,-21.0846,44.0940
2461088000,-0.1847,-21.1373,44.0688
2461190000,-0.1870,-21.1603,44.0578
2461288000,-0.1125,-21.1179,44.0783
2461391000,-0.2104,-21.2842,43.9979
2461488000,-0.2156,-21.1911,44.0428
2461588000,-0.0986,-21.2737,44.0034
2461690000,-0.0561,-21.2741,44.0033
2461788000,-0.0662,-21.2563,44.0119
2461890000,-0.1558,-20.9927,44.1380
2461990000,-0.0414,-20.9516,44.1578
2462089000,-0.0965,-21.2835,43.9987
2462189000,-0.1789,-21.1366,44.0692
2462288000,-0.1899,-21.1854,44.0457
2462388000,-0.1010,-21.1543,44.0609
2462488000,-0.0312,-21.1652,44.0558
2462593000,-0.1086,-21.1724,44.0522
2462688000,-0.0969,-21.1818,44.0477
2462790000,-0.1348,-21.1822,44.0474
2462889000,-0.1768,-21.1397,44.0677
2462988000,-0.2200,-21.1405,44.0671
2463088000,-0.1974,-21.1174,44.0783
2463188000,-0.0779,-21.2005,44.0388
2463294000,-0.1130,-21.1124,44.0810
2463388000,-0.1954,-21.1733,44.0515
2463491000,-0.1098,-21.3569,43.9630
2463588000,-0.0835,-21.3680,43.9577
2463688000,-0.1403,-21.2039,44.0370
2463789000,-0.1790,-21.1489,44.0633
2463890000,-0.1492,-21.1026,44.0856
2463989000,-0.0117,-21.1497,44.0633
2464088000,-0.0817,-21.1066,44.0838
2464188000,-0.1313,-21.1385,44.0684
2464288000,-0.2136,-21.1285,44.0729
2464388000,-0.1858,-21.2069,44.0354
2464488000,-0.0743,-21.2818,43.9995
2464588000,-0.1134,-21.0406,44.1153
2464688000,-0.1491,-21.2295,44.0246
2464788000,-0.1915,-21.1964,44.0404
2464888000,-0.0176,-21.1443,44.0658
2464988000,-0.1125,-21.1447,44.0655
2465088000,-0.0434,-21.1743,44.0514
2465188000,-0.1886,-21.1950,44.0411
2465288000,-0.0922,-21.2960,43.9926
2465388000,-0.0491,-21.1825,44.0475
2465488000,-0.0628,-21.2041,44.0370
2465588000,-0.0520,-21.2725,44.0040
2465688000,-0.0544,-21.2782,44.0013
2465788000,-0.1486,-21.0592,44.1063
2465891000,-0.1209,-21.1036,44.0852
2465988000,-0.0648,-21.1916,44.0431
2466088000,-0.0715,-21.1070,44.0836
2466188000,-0.0678,-21.1972,44.0404
2466288000,-0.0979,-21.2666,44.0068
2466388000,-0.0150,-21.3082,43.9868
2466489000,-0.0384,-21.0131,44.1286
2466588000,-0.1862,-21.0760,44.0981
2466688000,0.0016,-21.1026,44.0858
2466789000,-0.0238,-21.3147,43.9837
2466888000,-0.0839,-21.2529,44.0135
2466988000,-0.1209,-21.1562,44.0600
2467088000,-0.1742,-21.1637,44.0562
2467188000,-0.1339,-21.2657,44.0072
2467288000,-0.0074,-21.1943,44.0418
2467388000,-0.0911,-21.1626,44.0570
2467488000,-0.1777,-21.1624,44.0568
2467588000,-0.1963,-21.1876,44.0446
2467689000,-0.0716,-21.2293,44.0249
2467788000,0.0090,-21.1863,44.0457
2467888000,-0.0668,-21.3082,43.9868
2467988000,-0.0238,-21.2885,43.9964
2468088000,-0.0360,-21.2367,44.0214
2468188000,-0.0260,-21.3086,43.9866
2468288000,-0.0316,-21.1075,44.0835
2468388000,-0.0466,-21.2796,44.0006
2468488000,-0.2242,-21.0673,44.1022
2468588000,-0.1321,-21.0468,44.1123
2468688000,-0.0407,-21.1704,44.0533
2468788000,0.0834,-20.9798,44.1443
2468888000,-0.1467,-21.0774,44.0976
2468988000,-0.0396,-21.1046,44.0849
2469088000,-0.1761,-21.1142,44.0799
2469188000,-0.1890,-21.1369,44.0690
2469291000,-0.1103,-21.2460,44.0168
2469388000,-0.0949,-21.2327,44.0232
2469488000,-0.1167,-21.2448,44.0173
2469588000,-0.0859,-21.2557,44.0121
2469689000,-0.0756,-21.0918,44.0909
2469788000,-0.1526,-21.0680,44.1021
2469888000,-0.1771,-21.0728,44.0997
2469988000,-0.0453,-21.2702,44.0052
2470088000,-0.1360,-21.1893,44.0440
2470188000,-0.2148,-21.1041,44.0846
2470288000,-0.1107,-21.2371,44.0210
2470388000,-0.2022,-21.1501,44.0626
2470488000,-0.2285,-21.1866,44.0449
2470588000,-0.1424,-21.2105,44.0338
2470689000,-0.1320,-21.0574,44.1072
2470788000,-0.1751,-21.1466,44.0644
2470888000,-0.2028,-21.1075,44.0830
2470988000,-0.2294,-21.1665,44.0546
2471088000,-0.1600,-21.2091,44.0344
2471188000,-0.1481,-21.2229,44.0278
2471288000,-0.1295,-21.2306,44.0241
2471388000,-0.2196,-21.1365,44.0690
2471488000,-0.0712,-21.0426,44.1144
2471588000,-0.1147,-21.3621,43.9605
2471689000,-0.2439,-21.2731,44.0031
2471788000,-0.0908,-21.3624,43.9604
2471888000,-0.1362,-21.1887,44.0443
2471988000,-0.0684,-21.1159,44.0794
2472088000,-0.0124,-21.1250,44.0751
2472188000,-0.0521,-21.2062,44.0361
2472288000,-0.1331,-21.1285,44.0732
2472388000,-0.1892,-21.1445,44.0653
2472488000,-0.1039,-21.1664,44.0551
2472588000,-0.1007,-21.2290,44.0250
2472688000,-0.1268,-21.2157,44.0313
2472788000,-0.0688,-21.2346,44.0223
2472888000,-0.1127,-21.1991,44.0394
2472988000,-0.1480,-21.1957,44.0409
2473088000,-0.2128,-21.1630,44.0564
2473188000,-0.1141,-21.0449,44.1132
2473288000,-0.1140,-21.1888,44.0443
2473388000,-0.2032,-21.1774,44.0495
2473488000,-0.0961,-21.2085,44.0348
2473588000,-0.2339,-21.3095,43.9855
2473688000,-0.2809,-21.2839,43.9977
2473788000,-0.3040,-21.1983,44.0388
2473888000,-0.2471,-21.1654,44.0550
2473988000,-0.1492,-21.2085,44.0347
2474088000,-0.1366,-21.0442,44.1135
2474190000,-0.1424,-21.1954,44.0411
2474288000,-0.2213,-21.1197,44.0771
2474390000,-0.0889,-21.3939,43.9451
2474488000,-0.1026,-21.2265,44.0262
2474589000,-0.1052,-21.2321,44.0235
2474688000,-0.0489,-21.0133,44.1284
2474788000,-0.0507,-21.3371,43.9728
2474888000,-0.0409,-21.3711,43.9563
2474988000,-0.0772,-21.1470,44.0645
2475088000,-0.1298,-21.1745,44.0511
2475190000,-0.2187,-21.0675,44.1021
2475288000,-0.0878,-21.1593,44.0586
2475388000,-0.0335,-21.1791,44.0491
2475488000,-0.0355,-21.2860,43.9976
2475588000,-0.0611,-21.2970,43.9922
2475688000,-0.0934,-21.0347,44.1182
2475788000,-0.0582,-21.2052,44.0365
2475888000,-0.0599,-21.2596,44.0103
2475988000,-0.0250,-21.2160,44.0314
2476088000,-0.1092,-21.0767,44.0981
2476188000,0.0347,-21.1021,44.0860
2476288000,-0.0413,-21.3222,43.9800
2476388000,-0.1521,-21.2031,44.0373
2476488000,-0.1460,-21.0533,44.1091
2476588000,-0.2169,-21.1690,44.0535
2476688000,-0.1412,-21.2494,44.0150
2476788000,-0.0103,-21.2335,44.0229
2476888000,0.0087,-21.3314,43.9756
2476988000,0.0093,-21.3368,43.9730
2477088000,-0.1321,-21.1346,44.0703
2477188000,-0.0098,-21.1442,44.0659
2477288000,-0.0234,-21.3579,43.9627
2477390000,-0.1243,-21.1929,44.0423
2477488000,-0.1349,-21.0829,44.0951
2477588000,-0.1143,-21.1197,44.0775
2477688000,-0.0412,-21.2941,43.9936
2477788000,-0.1498,-21.1938,44.0418
2477888000,-0.0581,-21.1883,44.0447
2477990000,-0.1019,-21.0733,44.0997
2478088000,-0.0651,-21.0873,44.0931
2478190000,-0.0233,-21.2816,43.9997
2478288000,-0.0408,-21.3560,43.9636
2478388000,-0.0435,-21.3613,43.9610
2478489000,0.0068,-21.1611,44.0578
2478588000,-0.1277,-20.9594,44.1539
2478688000,-0.1540,-20.9483,44.1591
2478788000,-0.1683,-21.0851,44.0939
2478888000,-0.1550,-21.0419,44.1146
2478988000,-0.2389,-21.2682,44.0055
2479088000,-0.0978,-21.1970,44.0404
2479188000,-0.1346,-21.1613,44.0575
2479288000,-0.1862,-21.1977,44.0398
2479388000,-0.2247,-21.1669,44.0544
2479488000,-0.0356,-21.2081,44.0351
2479588000,-0.0804,-21.2365,44.0214
2479688000,-0.1406,-21.2046,44.0366
2479788000,-0.1230,-21.1744,44.0512
2479888000,-0.1262,-21.0668,44.1028
2479988000,-0.1229,-21.0746,44.0991
2480088000,-0.0973,-21.0869,44.0932
2480188000,-0.1247,-21.0049,44.1323
2480288000,-0.1145,-21.2379,44.0207
2480388000,-0.1588,-21.1727,44.0519
2480488000,-0.1197,-21.2395,44.0199
2480588000,-0.1718,-21.1551,44.0603
2480688000,-0.1765,-21.2517,44.0138
2480788000,-0.1195,-21.2265,44.0261
2480888000,-0.0814,-21.1548,44.0607
2480988000,-0.0643,-20.9693,44.1493
2481088000,-0.2648,-21.1480,44.0633
2481188000,-0.1988,-21.2690,44.0053
2481288000,-0.1252,-21.2765,44.0020
2481388000,-0.0583,-21.2274,44.0258
2481488000,-0.1075,-20.9493,44.1587
2481588000,-0.0883,-20.9660,44.1509
2481688000,-0.1800,-21.1986,44.0394
2481788000,-0.2523,-21.2010,44.0379
2481888000,-0.2103,-21.2380,44.0202
2481988000,-0.1092,-21.3688,43.9573
2482088000,-0.0441,-21.3127,43.9846
2482188000,-0.2234,-21.1871,44.0447
2482288000,-0.1872,-21.2196,44.0292
2482388000,-0.1439,-21.2413,44.0189
2482488000,-0.2153,-21.1758,44.0502
2482588000,-0.1044,-21.0627,44.1048
2482688000,-0.1191,-21.2225,44.0281
2482788000,-0.0893,-21.1518,44.0621
2482888000,-0.1614,-21.1867,44.0452
2482988000,-0.0726,-21.2884,43.9963
2483088000,-0.0630,-21.2831,43.9989
2483188000,-0.1210,-21.1409,44.0673
2483288000,-0.1253,-21.0367,44.1171
2483388000,-0.1886,-21.1632,44.0564
2483488000,-0.0869,-21.2069,44.0357
2483588000,-0.0194,-21.2153,44.0317
2483688000,-0.0111,-21.1520,44.0621
2483788000,-0.0701,-21.2519,44.0140
2483888000,-0.1549,-21.0828,44.0950
2483988000,-0.2167,-21.0597,44.1058
2484088000,-0.2004,-21.0990,44.0871
2484188000,0.0743,-21.2755,44.0026
2484288000,0.0303,-21.4318,43.9267
2484388000,-0.0277,-21.2570,44.0116
2484488000,-0.1476,-21.2008,44.0384
2484588000,-0.0460,-21.1895,44.0441
2484691000,-0.1207,-21.0042,44.1326
2484790000,-0.1091,-21.0858,44.0937
2484889000,-0.0758,-21.1776,44.0498
2484988000,-0.1377,-21.1210,44.0768
2485088000,-0.2212,-21.1131,44.0802
2485188000,-0.0998,-21.2525,44.0136
2485288000,-0.0808,-21.1781,44.0495
2485388000,-0.0314,-21.1517,44.0623
2485488000,-0.1773,-21.2700,44.0049
2485588000,-0.1196,-21.2560,44.0119
2485688000,-0.1890,-21.2517,44.0137
2485788000,-0.0313,-21.2979,43.9918
2485888000,-0.0312,-21.2717,44.0045
2485989000,-0.0701,-21.1911,44.0433
2486088000,-0.0761,-21.2275,44.0257
2486188000,0.0018,-21.2081,44.0352
2486288000,-0.0919,-20.9988,44.1353
2486388000,-0.1822,-21.1224,44.0760
2486488000,-0.2376,-21.1483,44.0633
2486588000,-0.1304,-21.2220,44.0283
2486688000,-0.0542,-21.2144,44.0321
2486790000,-0.0803,-21.1756,44.0507
2486888000,-0.0372,-21.2674,44.0065
2486988000,-0.0682,-21.3516,43.9657
2487088000,-0.1043,-21.1409,44.0673
2487188000,-0.1284,-21.1136,44.0804
2487288000,-0.0331,-21.3039,43.9889
2487388000,-0.1331,-21.0557,44.1080
2487488000,-0.1009,-21.2511,44.0143
2487588000,-0.1672,-21.1810,44.0479
2487688000,-0.1685,-21.1809,44.0479
2487788000,-0.1210,-21.1426,44.0665
2487888000,-0.1187,-21.1457,44.0650
