# t_us, speed_mps
# from 0x40/0x80 odometry frames. Both replay harnesses read the first two columns only; the rest is the producer's own record: stddev_mps, delay_ms, reverse (1 = travelling backwards, blank = direction unknown)
5490865172,0.0000,0.0802,86,
5490965994,0.0000,0.0802,86,
5491067200,0.0000,0.0802,86,
5491170148,0.0000,0.0802,89,
5491268179,0.0000,0.0802,87,
5491367950,0.0000,0.0802,86,
5491468710,0.0000,0.0802,86,
5491568000,0.0000,0.0802,85,
5491669439,0.0000,0.0802,85,
5491773008,0.0000,0.0802,89,
5491870956,0.0000,0.0802,87,
5491973716,0.0000,0.0802,87,
5492072327,0.0000,0.0802,86,
5492172739,0.0000,0.0802,87,
5492274587,0.0000,0.0802,87,
5492375325,0.0000,0.0802,88,
5492475233,0.0000,0.0802,87,
5492576932,0.0000,0.0802,89,
5492674521,0.0000,0.0802,86,
5492776930,0.0000,0.0802,87,
5492876825,0.0000,0.0802,86,
5492976444,0.0000,0.0802,84,
5493077305,0.0000,0.0802,85,
5493187570,0.0000,0.0802,86,
5493286350,0.0000,0.0802,85,
5493389174,0.0000,0.0802,86,
5493488145,0.0000,0.0802,85,
5493591301,0.0000,0.0802,88,
5493689534,0.0000,0.0802,85,
5493787061,0.0000,0.0802,83,
5493895999,0.0000,0.0802,92,
5493992678,0.0000,0.0802,87,
5494098606,0.0000,0.0802,92,
5494194447,0.0000,0.0802,87,
5494298806,0.0000,0.0802,92,
5494395060,0.0000,0.0802,87,
5494500119,0.0000,0.0802,92,
5494595192,0.0000,0.0802,86,
5494700606,0.0000,0.0802,90,
5494797577,0.0000,0.0802,87,
5494902046,0.0000,0.0802,90,
5494999350,0.0000,0.0802,87,
5495103448,0.0000,0.0802,90,
5495196958,0.0000,0.0802,84,
5495303233,0.0000,0.0802,90,
5495402071,0.0000,0.0802,88,
5495504531,0.0000,0.0802,89,
5495603578,0.0000,0.0802,87,
5495704983,0.0000,0.0802,89,
5495804335,0.0000,0.0802,88,
5495906359,0.0000,0.0802,89,
5496005639,0.0000,0.0802,86,
5496107686,0.0000,0.0802,88,
5496205515,0.0000,0.0802,87,
5496308178,0.0000,0.0802,88,
5496407765,0.0000,0.0802,88,
5496508125,0.0000,0.0802,88,
5496606946,0.0000,0.0802,87,
5496708380,0.0000,0.0802,87,
5496807863,0.0000,0.0802,86,
5496910601,0.0000,0.0802,88,
5497007440,0.0000,0.0802,84,
5497110316,0.0000,0.0802,88,
5497208746,0.0000,0.0802,85,
5497311340,0.0000,0.0802,87,
5497407899,0.0000,0.0802,85,
5497512502,0.0000,0.0802,88,
5497614528,0.0000,0.0802,88,
5497713763,0.0000,0.0802,87,
5497815405,0.0000,0.0802,89,
5497913016,0.0000,0.0802,86,
5498015084,0.0000,0.0802,87,
5498115418,0.0000,0.0802,88,
5498215402,0.0000,0.0802,87,
5498315068,0.0000,0.0802,86,
5498416660,0.0000,0.0802,88,
5498516495,0.0000,0.0802,86,
5498615570,0.0000,0.0802,86,
5498716684,0.0000,0.0802,86,
5498817301,0.0000,0.0802,85,
5498918803,0.0000,0.0802,87,
5499016774,0.0000,0.0802,85,
5499120737,0.0000,0.0802,89,
5499217758,0.0000,0.0802,85,
5499318597,0.0000,0.0802,86,
5499424233,0.0000,0.0802,87,
5499521954,0.0000,0.0802,88,
5499621753,0.0000,0.0802,88,
5499723444,0.0000,0.0802,89,
5499822509,0.0000,0.0802,86,
5499924282,0.0000,0.0802,87,
5500025060,0.0000,0.0802,88,
5500124945,0.0000,0.0802,87,
5500226071,0.0000,0.0802,88,
5500327002,0.0000,0.0802,87,
5500426546,0.0000,0.0802,86,
5500527535,0.0000,0.0802,87,
5500627296,0.0000,0.0802,85,
5500729398,0.0000,0.0802,86,
5500827042,0.0000,0.0802,84,
5500927082,0.0000,0.0802,84,
5501034113,0.0000,0.0802,89,
5501133601,0.0000,0.0802,88,
5501232248,0.0000,0.0802,86,
5501334446,0.0000,0.0802,88,
5501432871,0.0000,0.0802,86,
5501533579,0.0000,0.0802,88,
5501633461,0.0000,0.0802,86,
5501734408,0.0000,0.0802,87,
5501835289,0.0000,0.0802,88,
5501935578,0.0000,0.0802,88,
5502035354,0.0000,0.0802,87,
5502136911,0.0000,0.0802,87,
5502235152,0.0000,0.0802,85,
5502337916,0.0000,0.0802,87,
5502436038,0.0000,0.0802,85,
5502537300,0.0000,0.0802,87,
5502637156,0.0000,0.0802,86,
5502736444,0.0000,0.0802,85,
5502837084,0.0000,0.0802,85,
5502937346,0.0000,0.0802,84,
5503041777,0.0000,0.0802,88,
5503142934,0.0000,0.0802,89,
5503242091,0.0000,0.0802,87,
5503342007,0.0000,0.0802,86,
5503442814,0.0000,0.0802,87,
5503544337,0.0000,0.0802,87,
5503646078,0.0000,0.0802,88,
5503746294,0.0000,0.0802,88,
5503844367,0.0000,0.0802,87,
5503945734,0.0000,0.0802,87,
5504045339,0.0000,0.0802,87,
5504146211,0.0000,0.0802,87,
5504246257,0.0000,0.0802,87,
5504344836,0.0000,0.0802,85,
5504447216,0.0000,0.0802,87,
5504546111,0.0000,0.0802,85,
5504647854,0.0000,0.0802,86,
5504747349,0.0000,0.0802,84,
5504847589,0.0000,0.0802,85,
5504948147,0.0000,0.0802,85,
5505050660,0.0000,0.0802,87,
5505151005,0.0000,0.0802,86,
5505252811,0.0000,0.0802,87,
5505352705,0.0000,0.0802,87,
5505452868,0.0000,0.0802,87,
5505556426,0.0000,0.0802,90,
5505651460,0.0000,0.0802,84,
5505756461,0.0000,0.0802,89,
5505853315,0.0000,0.0802,85,
5505955799,0.0000,0.0802,88,
5506055562,0.0000,0.0802,88,
5506156483,0.0000,0.0802,88,
5506257541,0.0000,0.0802,87,
5506356481,0.0000,0.0802,86,
5506457930,0.0000,0.0802,87,
5506558535,0.0000,0.0802,86,
5506655955,0.0000,0.0802,84,
5506762060,0.0000,0.0802,89,
5506862845,0.0000,0.0802,88,
5506961752,0.0000,0.0802,87,
5507063032,0.0000,0.0802,87,
5507162352,0.0000,0.0802,86,
5507262276,0.0000,0.0802,85,
5507363458,0.0000,0.0802,87,
5507464818,0.0000,0.0802,87,
5507566823,0.0000,0.0802,89,
5507666709,0.0000,0.0802,87,
5507767874,0.0000,0.0802,88,
5507867383,0.0000,0.0802,87,
5507965913,0.0000,0.0802,85,
5508069221,0.0000,0.0802,87,
5508169016,0.0000,0.0802,86,
5508268655,0.0000,0.0802,86,
5508371170,0.0000,0.0802,87,
5508471865,0.0000,0.0802,88,
5508570910,0.0000,0.0802,86,
5508673627,0.0000,0.0802,88,
5508772072,0.0000,0.0802,87,
5508871661,0.0000,0.0802,85,
5508973642,0.0000,0.0802,87,
5509075980,0.0000,0.0802,88,
5509177117,0.0000,0.0802,89,
5509274370,0.0000,0.0802,86,
5509378156,0.0000,0.0802,88,
5509476055,0.0000,0.0802,87,
5509576256,0.0000,0.0802,86,
5509676788,0.0000,0.0802,87,
5509776327,0.0000,0.0802,86,
5509877533,0.0000,0.0802,86,
5509980406,0.0000,0.0802,87,
5510082584,0.0000,0.0802,88,
5510182170,0.0000,0.0802,86,
5510284391,0.0000,0.0802,88,
5510383852,0.0000,0.0802,88,
5510484109,0.0000,0.0802,88,
5510582813,0.0000,0.0802,86,
5510681991,0.0000,0.0802,85,
5510786021,0.0000,0.0802,88,
5510888374,0.0000,0.0802,89,
5510985697,0.0000,0.0802,87,
5511087178,0.0000,0.0802,88,
5511188371,0.0000,0.0802,88,
5511287156,0.0000,0.0802,86,
5511386485,0.0000,0.0802,85,
5511489084,0.0000,0.0802,87,
5511588182,0.0000,0.0802,86,
5511689042,0.0000,0.0802,87,
5511788455,0.0000,0.0802,85,
5511891423,0.0000,0.0802,88,
5511991428,0.0000,0.0802,88,
5512091431,0.0000,0.0802,87,
5512192906,0.0000,0.0802,87,
5512291312,0.0000,0.0802,86,
5512393643,0.0000,0.0802,87,
5512493119,0.0000,0.0802,85,
5512595914,0.0000,0.0802,88,
5512694254,0.0000,0.0802,86,
5512797644,0.0000,0.0802,88,
5512897207,0.0000,0.0802,87,
5512996844,0.0000,0.0802,86,
5513098349,0.0000,0.0802,86,
5513196366,0.0000,0.0802,84,
5513299572,0.0000,0.0802,87,
5513400806,0.0000,0.0802,86,
5513501462,0.0000,0.0802,87,
5513600124,0.0000,0.0802,86,
5513703658,0.0000,0.0802,88,
5513802120,0.0000,0.0802,85,
5513903605,0.0000,0.0802,86,
5514005226,0.0000,0.0802,87,
5514105492,0.0000,0.0802,88,
5514204421,0.0000,0.0802,87,
5514305646,0.0000,0.0802,88,
5514408714,0.0000,0.0802,89,
5514507055,0.0000,0.0802,87,
5514607162,0.0000,0.0802,88,
5514707846,0.0000,0.0802,88,
5514806881,0.0000,0.0802,85,
5514907954,0.0000,0.0802,86,
5515007572,0.0000,0.0802,87,
5515108944,0.0000,0.0802,86,
5515211630,0.0000,0.0802,87,
5515312292,0.0000,0.0802,87,
5515411260,0.0000,0.0802,87,
5515511760,0.0000,0.0802,88,
5515611582,0.0000,0.0802,86,
5515712756,0.0000,0.0802,86,
5515813207,0.0000,0.0802,87,
5515912961,0.0000,0.0802,85,
5516015636,0.0000,0.0802,88,
5516116785,0.0000,0.0802,88,
5516216678,0.0000,0.0802,89,
5516315482,0.0000,0.0802,86,
5516416484,0.0000,0.0802,86,
5516516317,0.0000,0.0802,86,
5516617001,0.0000,0.0802,85,
5516718164,0.0000,0.0802,87,
5516816887,0.0000,0.0802,86,
5516918703,0.0000,0.0802,86,
5517019492,0.0000,0.0802,87,
5517122057,0.0000,0.0802,89,
5517222023,0.0000,0.0802,87,
5517321348,0.0000,0.0802,86,
5517421289,0.0000,0.0802,87,
5517521172,0.0000,0.0802,85,
5517623946,0.0000,0.0802,88,
5517722249,0.0000,0.0802,86,
5517824109,0.0000,0.0802,87,
5517925101,0.0000,0.0802,87,
5518027416,0.0000,0.0802,89,
5518127064,0.0000,0.0802,87,
5518226234,0.0000,0.0802,86,
5518327469,0.0000,0.0802,88,
5518428018,0.0000,0.0802,85,
5518531349,0.0000,0.0802,89,
5518630445,0.0000,0.0802,86,
5518732713,0.0000,0.0802,88,
5518831721,0.0000,0.0802,87,
5518931358,0.0000,0.0802,85,
5519032785,0.0000,0.0802,87,
5519132167,0.0000,0.0802,86,
5519233676,0.0000,0.0802,87,
5519333310,0.0000,0.0802,86,
5519436670,0.0000,0.0802,89,
5519535605,0.0000,0.0802,87,
5519636983,0.0000,0.0802,89,
5519735744,0.0000,0.0802,87,
5519838206,0.0000,0.0802,89,
5519936449,0.0000,0.0802,86,
5520037888,0.0000,0.0802,88,
5520138617,0.0000,0.0802,88,
5520237641,0.0000,0.0802,87,
5520339883,0.0000,0.0802,88,
5520439933,0.0000,0.0802,87,
5520539996,0.0000,0.0802,87,
5520642012,0.0000,0.0802,88,
5520740171,0.0000,0.0802,86,
5520841415,0.0000,0.0802,87,
5520941433,0.0000,0.0802,87,
5521042038,0.0000,0.0802,88,
5521141977,0.0000,0.0802,87,
5521241082,0.0000,0.0802,86,
5521342899,0.0000,0.0802,87,
5521447513,0.0000,0.0802,90,
5521545951,0.0000,0.0802,88,
5521645702,0.0000,0.0802,86,
5521748263,0.0000,0.0802,88,
5521847028,0.0000,0.0802,87,
5521949109,0.0000,0.0802,87,
5522047583,0.0000,0.0802,86,
5522147285,0.0000,0.0802,85,
5522250801,0.0000,0.0802,87,
5522349564,0.0000,0.0802,86,
5522450329,0.0000,0.0802,87,
5522549654,0.0000,0.0802,87,
5522651571,0.0000,0.0802,88,
5522751447,0.0000,0.0802,87,
5522851007,0.0000,0.0802,85,
5522953517,0.0000,0.0802,86,
5523053364,0.0000,0.0802,86,
5523153151,0.0000,0.0802,85,
5523253335,0.0000,0.0802,85,
5523356410,0.0000,0.0802,88,
5523463710,0.2778,0.0809,93,
5523559054,0.2778,0.0803,88,
5523663979,0.2778,0.0808,92,
5523758676,0.5556,0.0804,87,
5523862276,0.5556,0.0805,90,
5523956905,0.5556,0.0802,85,
5524064142,0.5556,0.0807,91,
5524159829,0.8333,0.0803,88,
5524264448,0.8333,0.0806,91,
5524362502,0.8333,0.0803,88,
5524465947,0.8333,0.0807,91,
5524562276,1.1111,0.0802,87,
5524668089,1.1111,0.0808,92,
5524762206,1.1111,0.0802,86,
5524868947,1.1111,0.0808,92,
5524962795,1.1111,0.0802,85,
5525066881,1.3889,0.0804,89,
5525167896,1.3889,0.0804,89,
5525268125,1.3889,0.0804,89,
5525367793,1.3889,0.0804,89,
5525468861,1.6667,0.0804,89,
5525565038,1.6667,0.0802,86,
5525669541,1.9444,0.0813,90,
5525766353,1.9444,0.0803,86,
5525870128,1.9444,0.0804,90,
5525967341,1.9444,0.0802,86,
5526068552,2.2222,0.0802,87,
5526171971,2.2222,0.0803,87,
5526270414,2.5000,0.0802,85,
5526371721,2.5000,0.0803,87,
5526476160,2.5000,0.0805,90,
5526573858,2.5000,0.0802,86,
5526680994,2.5000,0.0802,94,
5526776067,2.7778,0.0803,87,
5526876631,2.7778,0.0803,88,
5526977105,2.7778,0.0803,88,
5527076391,2.7778,0.0802,87,
5527178177,3.0556,0.0803,88,
5527277211,3.0556,0.0802,87,
5527376213,3.0556,0.0802,85,
5527481409,3.3333,0.0807,88,
5527580241,3.3333,0.0802,87,
5527681672,3.3333,0.0803,88,
5527780201,3.3333,0.0802,86,
5527880831,3.6111,0.0802,86,
5527981699,3.6111,0.0802,86,
5528083126,3.6111,0.0802,87,
5528183018,3.6111,0.0802,86,
5528281607,3.8889,0.0802,85,
5528382532,3.8889,0.0802,85,
5528483810,3.8889,0.0802,86,
5528587707,3.8889,0.0804,89,
5528689188,3.8889,0.0802,90,
5528788060,3.8889,0.0802,89,
5528886454,4.1667,0.0802,87,
5528988427,4.1667,0.0804,89,
5529088058,4.1667,0.0803,88,
5529187531,4.1667,0.0802,86,
5529289391,4.1667,0.0802,87,
5529390105,4.4444,0.0803,88,
5529488329,4.4444,0.0802,86,
5529590495,4.4444,0.0803,88,
5529689720,4.4444,0.0802,86,
5529793319,4.7222,0.0803,88,
5529891307,4.7222,0.0802,86,
5529991706,4.7222,0.0802,85,
5530091699,5.0000,0.0802,86,
5530190377,5.0000,0.0802,84,
5530292546,5.0000,0.0802,86,
5530392278,5.0000,0.0802,85,
5530496373,5.2778,0.0805,89,
5530597501,5.2778,0.0805,89,
5530696667,5.2778,0.0803,87,
5530796219,5.2778,0.0803,86,
5530897857,5.5556,0.0803,87,
5530996932,5.5556,0.0803,87,
5531098338,5.5556,0.0803,87,
5531201191,5.5556,0.0805,89,
5531299165,5.8333,0.0803,86,
5531401515,5.8333,0.0804,88,
5531499394,5.8333,0.0803,86,
5531601410,5.8333,0.0804,87,
5531701065,5.8333,0.0802,86,
5531801188,5.8333,0.0802,86,
5531902247,6.1111,0.0803,87,
5532001122,6.1111,0.0802,85,
5532102374,6.1111,0.0803,86,
5532202099,6.1111,0.0802,86,
5532303485,6.1111,0.0802,87,
5532402490,6.1111,0.0802,86,
5532502391,6.1111,0.0802,85,
5532605355,6.1111,0.0802,88,
5532707573,6.3889,0.0804,88,
5532805815,6.3889,0.0803,87,
5532907315,6.3889,0.0803,87,
5533006615,6.3889,0.0803,87,
5533109164,6.3889,0.0802,88,
5533210365,6.3889,0.0802,89,
5533310331,6.1111,0.0804,88,
5533409586,6.1111,0.0803,86,
5533511175,6.1111,0.0804,88,
5533610100,6.1111,0.0803,87,
5533712198,6.1111,0.0802,87,
5533810668,6.1111,0.0802,85,
5533911844,6.1111,0.0802,86,
5534010918,5.8333,0.0802,85,
5534111077,5.8333,0.0802,84,
5534213268,5.8333,0.0802,86,
5534313224,5.8333,0.0802,85,
5534413489,5.8333,0.0802,85,
5534516957,5.8333,0.0802,89,
5534616788,5.5556,0.0803,87,
5534718228,5.5556,0.0805,89,
5534816803,5.5556,0.0803,87,
5534917617,5.2778,0.0806,87,
5535019085,5.2778,0.0803,87,
5535120156,5.2778,0.0804,87,
5535218997,5.0000,0.0805,86,
5535320833,5.0000,0.0804,88,
5535420342,5.0000,0.0803,86,
5535521344,4.7222,0.0805,86,
5535620873,4.7222,0.0802,86,
5535720656,4.7222,0.0802,85,
5535831169,4.4444,0.0847,94,
5535921665,4.4444,0.0802,85,
5536031723,4.4444,0.0812,93,
5536127310,4.1667,0.0811,88,
5536230778,4.1667,0.0809,91,
5536327615,3.8889,0.0813,89,
5536433572,3.8889,0.0834,92,
5536528814,3.6111,0.0807,87,
5536633035,3.6111,0.0826,91,
5536731920,3.3333,0.0812,88,
5536834528,3.3333,0.0828,91,
5536930208,3.0556,0.0806,87,
5537035940,3.0556,0.0834,92,
5537131291,3.0556,0.0803,86,
5537237564,2.7778,0.0829,91,
5537332383,2.7778,0.0802,84,
5537437487,2.7778,0.0806,90,
5537536423,2.7778,0.0804,88,
5537637441,2.5000,0.0805,89,
5537737367,2.5000,0.0805,89,
5537840193,2.5000,0.0807,90,
5537937005,2.2222,0.0809,88,
5538038861,2.2222,0.0805,89,
5538138020,2.2222,0.0804,88,
5538240167,1.9444,0.0818,90,
5538338462,1.9444,0.0803,87,
5538441245,1.9444,0.0806,90,
5538540400,1.6667,0.0808,87,
5538641672,1.6667,0.0804,88,
5538741598,1.6667,0.0804,88,
5538842628,1.6667,0.0805,89,
5538942685,1.6667,0.0802,88,
5539043773,1.3889,0.0803,87,
5539141021,1.3889,0.0802,85,
5539244770,1.3889,0.0804,87,
5539341914,1.3889,0.0802,84,
5539444494,1.3889,0.0802,88,
5539546693,1.3889,0.0802,89,
5539645683,1.3889,0.0802,87,
5539747850,1.3889,0.0802,88,
5539847728,1.1111,0.0804,88,
5539946327,1.1111,0.0803,86,
5540048273,1.1111,0.0804,87,
5540147364,1.1111,0.0803,86,
5540247550,1.1111,0.0802,86,
5540349952,1.1111,0.0802,89,
5540449782,0.8333,0.0804,88,
5540551155,0.8333,0.0804,88,
5540650901,0.8333,0.0804,88,
5540748734,0.8333,0.0802,86,
5540850078,0.8333,0.0802,87,
5540949413,0.8333,0.0802,86,
5541052115,0.8333,0.0802,88,
5541150868,0.5556,0.0803,87,
5541250840,0.5556,0.0802,86,
5541351500,0.5556,0.0802,86,
5541453017,0.5556,0.0803,87,
5541552716,0.5556,0.0802,86,
5541653041,0.5556,0.0802,86,
5541752315,0.5556,0.0802,84,
5541854009,0.2778,0.0802,86,
5541956731,0.2778,0.0803,88,
5542056858,0.2778,0.0803,88,
5542158952,0.2778,0.0804,88,
5542258908,0.2778,0.0802,87,
5542359364,0.2778,0.0802,88,
5542458795,0.2778,0.0802,87,
5542557459,0.2778,0.0802,86,
5542659924,0.2778,0.0802,87,
5542759139,0.0000,0.0803,87,
5542858596,0.0000,0.0802,86,
5542960707,0.0000,0.0803,87,
5543061274,0.0000,0.0803,86,
5543162793,0.0000,0.0802,87,
5543260705,0.0000,0.0802,85,
5543359971,0.0000,0.0802,84,
5543461668,0.0000,0.0802,85,
5543577455,0.0000,0.0802,88,
5543675716,0.0000,0.0802,86,
5543777928,0.0000,0.0802,88,
5543877762,0.0000,0.0802,87,
5543979237,0.0000,0.0802,87,
5544079227,0.0000,0.0802,86,
5544179993,0.0000,0.0802,87,
5544279809,0.0000,0.0802,86,
5544380818,0.0000,0.0802,86,
5544479756,0.0000,0.0802,86,
5544582272,0.0000,0.0802,88,
5544681271,0.0000,0.0802,86,
5544779701,0.0000,0.0802,84,
5544881683,0.0000,0.0802,86,
5544985801,0.0000,0.0802,89,
5545080378,0.0000,0.0802,84,
5545181357,0.0000,0.0802,84,
5545280644,0.0000,0.0802,83,
5545387547,0.0000,0.0802,89,
5545486484,0.0000,0.0802,87,
5545585996,0.0000,0.0802,87,
5545687744,0.0000,0.0802,88,
5545788302,0.0000,0.0802,88,
5545887250,0.0000,0.0802,88,
5545989576,0.0000,0.0802,89,
5546087503,0.0000,0.0802,87,
5546187733,0.0000,0.0802,87,
5546289585,0.0000,0.0802,87,
5546390506,0.0000,0.0802,85,
5546491897,0.0000,0.0802,87,
5546591340,0.0000,0.0802,86,
5546690509,0.0000,0.0802,84,
5546792171,0.0000,0.0802,84,
5546890345,0.0000,0.0802,83,
5546997290,0.0000,0.0802,88,
5547095392,0.0000,0.0802,87,
5547197991,0.0000,0.0802,89,
5547297350,0.0000,0.0802,87,
5547395441,0.0000,0.0802,86,
5547496547,0.0000,0.0802,87,
5547599993,0.0000,0.0802,88,
5547698891,0.0000,0.0802,87,
5547799184,0.0000,0.0802,86,
5547898598,0.0000,0.0802,86,
5547999464,0.0000,0.0802,85,
5548099915,0.0000,0.0802,86,
5548199286,0.0000,0.0802,86,
5548301639,0.0000,0.0802,86,
5548400987,0.0000,0.0802,86,
5548500192,0.0000,0.0802,84,
5548601945,0.0000,0.0802,86,
5548701254,0.0000,0.0802,83,
5548803524,0.0000,0.0802,86,
5548907634,0.0000,0.0802,86,
5549009001,0.0000,0.0802,86,
5549111230,0.0000,0.0802,86,
5549211446,0.0000,0.0802,86,
5549310323,0.0000,0.0802,85,
5549412107,0.0000,0.0802,86,
5549511616,0.0000,0.0802,86,
5549610889,0.0000,0.0802,84,
5549712515,0.0000,0.0802,85,
5549817670,0.0000,0.0802,88,
5549918944,0.0000,0.0802,88,
5550017409,0.0000,0.0802,86,
5550119641,0.0000,0.0802,87,
5550218504,0.0000,0.0802,85,
5550321440,0.0000,0.0802,86,
5550420036,0.0000,0.0802,85,
5550519588,0.0000,0.0802,85,
5550621160,0.0000,0.0802,85,
5550720883,0.0000,0.0802,85,
5550821106,0.0000,0.0802,85,
5550921127,0.0000,0.0802,85,
5551023503,0.0000,0.0802,86,
5551123238,0.0000,0.0802,85,
5551228653,0.0000,0.0802,87,
5551328887,0.0000,0.0802,87,
5551429782,0.0000,0.0802,86,
5551529397,0.0000,0.0802,86,
5551630884,0.0000,0.0802,86,
5551730090,0.0000,0.0802,85,
5551830895,0.0000,0.0802,84,
5551935625,0.0000,0.0802,90,
5552031177,0.0000,0.0802,84,
5552137659,0.0000,0.0802,88,
5552237198,0.0000,0.0802,87,
5552339184,0.0000,0.0802,88,
5552438865,0.0000,0.0802,86,
5552539069,0.0000,0.0802,87,
5552640322,0.0000,0.0802,87,
5552745860,0.0000,0.0802,90,
5552840566,0.0000,0.0802,84,
5552947070,0.0000,0.0802,91,
5553043845,0.0000,0.0802,85,
5553145269,0.0000,0.0802,88,
5553240831,0.0000,0.0802,83,
5553346223,0.0000,0.0802,88,
5553445661,0.0000,0.0802,87,
5553548095,0.0000,0.0802,87,
5553649996,0.0000,0.0802,89,
5553749177,0.0000,0.0802,88,
5553848511,0.0000,0.0802,87,
5553948658,0.0000,0.0802,87,
5554047907,0.0000,0.0802,86,
5554150412,0.0000,0.0802,88,
5554249096,0.0000,0.0802,86,
5554349545,0.0000,0.0802,85,
5554450158,0.0000,0.0802,86,
5554556206,0.0000,0.0802,92,
5554651933,0.0000,0.0802,86,
5554753933,0.0000,0.0802,89,
5554851248,0.0000,0.0802,86,
5554955409,0.0000,0.0802,89,
5555051922,0.0000,0.0802,84,
5555156980,0.0000,0.0802,89,
5555251841,0.0000,0.0802,83,
5555357980,0.0000,0.0802,88,
5555459122,0.0000,0.0802,89,
5555558700,0.0000,0.0802,87,
5555658242,0.0000,0.0802,87,
5555760549,0.0000,0.0802,88,
5555859291,0.0000,0.0802,86,
5555960152,0.0000,0.0802,87,
5556059619,0.0000,0.0802,86,
5556158558,0.0000,0.0802,85,
5556259636,0.0000,0.0802,85,
5556359650,0.0000,0.0802,85,
5556460940,0.0000,0.0802,86,
5556560786,0.0000,0.0802,85,
5556660096,0.0000,0.0802,84,
5556761277,0.0000,0.0802,84,
5556861279,0.0000,0.0802,84,
5556967316,0.0000,0.0802,88,
5557066421,0.0000,0.0802,87,
5557168713,0.0000,0.0802,87,
5557266476,0.0000,0.0802,86,
5557368510,0.0000,0.0802,88,
5557468689,0.0000,0.0802,87,
5557569402,0.0000,0.0802,87,
5557668941,0.0000,0.0802,86,
5557769226,0.0000,0.0802,86,
5557870757,0.0000,0.0802,87,
5557968357,0.0000,0.0802,84,
5558072000,0.0000,0.0802,87,
5558169661,0.0000,0.0802,84,
5558271197,0.0000,0.0802,85,
5558370728,0.0000,0.0802,85,
5558469404,0.0000,0.0802,83,
5558571730,0.0000,0.0802,84,
5558671249,0.0000,0.0802,84,
5558770434,0.0000,0.0802,83,
5558877889,0.0000,0.0802,88,
5558978532,0.0000,0.0802,88,
5559076930,0.0000,0.0802,87,
5559179701,0.0000,0.0802,89,
5559277699,0.0000,0.0802,86,
5559376647,0.0000,0.0802,85,
5559478563,0.0000,0.0802,87,
5559578472,0.0000,0.0802,86,
5559679771,0.0000,0.0802,86,
5559779672,0.0000,0.0802,86,
5559879201,0.0000,0.0802,84,
5559980490,0.0000,0.0802,84,
5560081485,0.0000,0.0802,85,
5560183662,0.0000,0.0802,86,
5560281541,0.0000,0.0802,84,
5560383396,0.0000,0.0802,84,
5560481312,0.0000,0.0802,83,
5560586884,0.0000,0.0802,88,
5560687447,0.0000,0.0802,87,
5560788865,0.0000,0.0802,88,
5560887621,0.0000,0.0802,87,
5560988979,0.0000,0.0802,89,
5561088325,0.0000,0.0802,87,
5561187376,0.0000,0.0802,86,
5561290380,0.0000,0.0802,87,
5561390331,0.0000,0.0802,86,
5561489648,0.0000,0.0802,86,
5561590654,0.0000,0.0802,85,
5561690285,0.0000,0.0802,85,
5561791055,0.0000,0.0802,84,
5561890875,0.0000,0.0802,84,
5561992195,0.0000,0.0802,85,
5562091771,0.0000,0.0802,84,
5562198445,0.0000,0.0802,89,
5562301688,0.0000,0.0802,91,
5562399831,0.0000,0.0802,89,
5562502260,0.0000,0.0802,91,
5562600128,0.0000,0.0802,88,
5562703730,0.0000,0.0802,91,
5562798448,0.0000,0.0802,85,
5562905213,0.0000,0.0802,92,
5563000069,0.0000,0.0802,84,
5563108016,0.0000,0.0802,91,
5563201014,0.0000,0.0802,84,
5563301019,0.0000,0.0802,83,
5563407043,0.0000,0.0802,88,
5563509397,0.0000,0.0802,91,
5563606996,0.0000,0.0802,88,
5563710211,0.0000,0.0802,89,
5563808417,0.0000,0.0802,88,
5563910895,0.0000,0.0802,89,
5564008753,0.0000,0.0802,88,
5564111282,0.0000,0.0802,89,
5564209292,0.0000,0.0802,87,
5564312077,0.0000,0.0802,89,
5564407725,0.0000,0.0802,85,
5564512286,0.0000,0.0802,88,
5564608334,0.0000,0.0802,85,
5564713618,0.0000,0.0802,88,
5564809756,0.0000,0.0802,84,
5564913550,0.0000,0.0802,88,
5565011481,0.0000,0.0802,85,
5565114968,0.0000,0.0802,88,
5565211863,0.0000,0.0802,84,
5565318258,0.0000,0.0802,89,
5565416833,0.0000,0.0802,88,
5565519063,0.0000,0.0802,88,
5565618236,0.0000,0.0802,88,
5565717393,0.0000,0.0802,87,
5565818640,0.0000,0.0802,87,
5565918843,0.0000,0.0802,88,
5566020063,0.0000,0.0802,87,
5566120501,0.0000,0.0802,89,
5566219504,0.0000,0.0802,85,
5566321833,0.0000,0.0802,87,
5566418873,0.0000,0.0802,85,
5566522737,0.0000,0.0802,87,
5566620868,0.0000,0.0802,84,
5566723811,0.0000,0.0802,88,
5566821857,0.0000,0.0802,84,
5566924686,0.0000,0.0802,87,
5567027028,0.0000,0.0802,87,
5567128994,0.0000,0.0802,88,
5567228568,0.0000,0.0802,87,
5567328459,0.0000,0.0802,86,
5567429081,0.0000,0.0802,88,
5567528112,0.0000,0.0802,86,
5567628486,0.0000,0.0802,87,
5567727719,0.0000,0.0802,85,
5567829106,0.0000,0.0802,85,
5567930017,0.0000,0.0802,86,
5568030000,0.0000,0.0802,85,
5568132194,0.0000,0.0802,86,
5568230882,0.0000,0.0802,85,
5568331448,0.0000,0.0802,85,
5568431870,0.0000,0.0802,85,
5568531353,0.0000,0.0802,85,
5568632998,0.0000,0.0802,86,
5568735850,0.0000,0.0802,87,
5568837286,0.0000,0.0802,87,
5568936862,0.0000,0.0802,87,
5569038182,0.0000,0.0802,87,
5569137868,0.0000,0.0802,86,
5569239146,0.0000,0.0802,88,
5569338070,0.0000,0.0802,86,
5569439847,0.0000,0.0802,87,
5569539332,0.0000,0.0802,86,
5569638255,0.0000,0.0802,85,
5569739446,0.0000,0.0802,85,
5569839042,0.0000,0.0802,85,
5569940979,0.0000,0.0802,85,
5570039839,0.0000,0.0802,84,
5570141544,0.0000,0.0802,85,
5570240506,0.0000,0.0802,85,
5570342158,0.0000,0.0802,85,
5570440787,0.0000,0.0802,84,
5570545760,0.0000,0.0802,87,
5570642784,0.0000,0.0802,85,
5570746075,0.0000,0.0802,88,
5570847447,0.0000,0.0802,88,
5570947702,0.0000,0.0802,88,
5571045497,0.0000,0.0802,87,
5571147504,0.0000,0.0802,87,
5571248927,0.0000,0.0802,89,
5571348683,0.0000,0.0802,87,
5571449294,0.0000,0.0802,88,
5571549761,0.0000,0.0802,87,
5571649658,0.0000,0.0802,86,
5571751016,0.0000,0.0802,87,
5571850223,0.0000,0.0802,86,
5571952020,0.0000,0.0802,86,
5572050732,0.0000,0.0802,85,
5572152450,0.0000,0.0802,85,
5572251532,0.0000,0.0802,84,
5572351481,0.0000,0.0802,84,
5572452043,0.0000,0.0802,85,
5572556793,0.0000,0.0802,89,
5572658809,0.0000,0.0802,89,
5572758336,0.0000,0.0802,88,
5572858408,0.0000,0.0802,88,
5572959489,0.0000,0.0802,88,
5573059201,0.0000,0.0802,88,
5573165241,0.0000,0.0802,94,
5573260378,0.0000,0.0802,87,
5573360774,0.0000,0.0802,87,
5573459707,0.0000,0.0802,85,
5573561955,0.0000,0.0802,86,
5573660937,0.0000,0.0802,85,
5573760729,0.0000,0.0802,84,
5573862086,0.0000,0.0802,85,
5573966162,0.0000,0.0802,87,
5574067178,0.0000,0.0802,88,
5574168952,0.0000,0.0802,88,
5574268531,0.0000,0.0802,88,
5574368418,0.0000,0.0802,87,
5574470489,0.0000,0.0802,88,
5574569291,0.0000,0.0802,86,
5574671128,0.0000,0.0802,86,
5574771321,0.0000,0.0802,85,
5574870655,0.0000,0.0802,85,
5574971443,0.0000,0.0802,86,
5575071935,0.0000,0.0802,84,
5575173538,0.0000,0.0802,86,
5575276173,0.0000,0.0802,88,
5575375057,0.2778,0.0803,86,
5575476851,0.2778,0.0804,88,
5575576669,0.5556,0.0810,88,
5575678217,0.5556,0.0811,88,
5575778961,0.5556,0.0804,88,
5575877817,0.8333,0.0810,88,
5575976918,0.8333,0.0803,87,
5576080172,1.1111,0.0815,89,
5576179295,1.1111,0.0808,87,
5576280011,1.3889,0.0807,87,
5576379783,1.6667,0.0805,85,
5576481749,1.6667,0.0805,86,
5576586390,2.2222,0.0875,90,
5576681220,2.2222,0.0804,85,
5576781355,2.5000,0.0802,84,
5576885591,2.7778,0.0836,88,
5576987441,2.7778,0.0816,89,
5577085753,3.0556,0.0811,87,
5577187006,3.3333,0.0819,88,
5577287410,3.3333,0.0811,88,
5577388054,3.6111,0.0827,89,
5577487655,3.6111,0.0808,87,
5577585582,3.8889,0.0804,86,
5577687844,3.8889,0.0807,87,
5577788860,3.8889,0.0803,87,
5577888530,4.1667,0.0804,86,
5577988887,4.1667,0.0802,85,
5578091265,4.1667,0.0803,86,
5578190626,4.4444,0.0804,86,
5578289732,4.4444,0.0802,85,
5578391720,4.4444,0.0803,87,
5578491157,4.7222,0.0802,84,
5578595393,4.7222,0.0805,89,
5578695310,4.7222,0.0804,88,
5578798443,5.0000,0.0808,87,
5578897335,5.0000,0.0803,86,
5578998522,5.0000,0.0803,87,
5579100702,5.2778,0.0808,87,
5579201424,5.2778,0.0803,87,
5579300951,5.5556,0.0803,85,
5579401646,5.5556,0.0803,85,
5579500838,5.5556,0.0802,85,
5579605718,5.8333,0.0812,88,
5579705911,5.8333,0.0805,89,
5579806332,5.8333,0.0804,88,
5579908913,6.1111,0.0816,89,
5580007981,6.1111,0.0804,87,
5580108573,6.1111,0.0804,87,
5580207922,6.1111,0.0803,87,
5580308631,6.3889,0.0803,87,
5580408583,6.3889,0.0803,86,
5580508563,6.3889,0.0803,87,
5580609426,6.3889,0.0803,87,
5580709005,6.3889,0.0802,86,
5580814309,6.3889,0.0802,91,
5580910627,6.6667,0.0802,86,
5581015458,6.6667,0.0806,90,
5581111854,6.6667,0.0802,85,
5581217737,6.6667,0.0807,90,
5581317134,6.6667,0.0802,89,
5581418531,6.9444,0.0807,90,
5581516168,6.9444,0.0803,88,
5581626962,6.9444,0.0823,98,
5581720102,6.9444,0.0805,89,
5581822074,7.2222,0.0807,91,
5581919892,7.2222,0.0803,87,
5582023108,7.2222,0.0807,90,
5582122260,7.2222,0.0803,86,
5582224563,7.5000,0.0805,89,
5582327399,7.5000,0.0804,88,
5582427119,7.5000,0.0804,88,
5582529427,7.5000,0.0805,89,
5582625109,7.7778,0.0802,85,
5582729040,7.7778,0.0805,89,
5582829480,7.7778,0.0804,88,
5582928277,7.7778,0.0803,87,
5583030284,8.0556,0.0805,89,
5583129331,8.0556,0.0804,88,
5583228840,8.0556,0.0803,87,
5583329741,8.3333,0.0805,86,
5583430356,8.3333,0.0802,84,
5583531180,8.3333,0.0802,86,
5583632194,8.6111,0.0803,85,
5583734249,8.6111,0.0803,88,
5583835522,8.6111,0.0804,89,
5583936707,8.6111,0.0804,89,
5584035845,8.8889,0.0803,88,
5584136944,8.8889,0.0803,87,
5584236643,8.8889,0.0803,88,
5584338366,9.1667,0.0809,88,
5584438231,9.1667,0.0803,88,
5584537668,9.1667,0.0802,86,
5584637954,9.4444,0.0805,87,
5584739950,9.4444,0.0803,87,
5584841102,9.7222,0.0806,87,
5584938399,9.7222,0.0802,85,
5585039481,9.7222,0.0802,85,
5585141140,10.0000,0.0804,87,
5585239464,10.0000,0.0802,84,
5585341039,10.0000,0.0802,86,
5585445430,10.2778,0.0811,89,
5585546536,10.2778,0.0804,88,
5585645995,10.2778,0.0803,88,
5585744393,10.5556,0.0804,87,
5585845968,10.5556,0.0803,87,
5585946782,10.8333,0.0806,87,
5586047095,10.8333,0.0807,88,
5586146045,10.8333,0.0802,87,
5586248792,10.8333,0.0802,86,
5586349009,11.1111,0.0803,87,
5586448806,11.1111,0.0803,87,
5586547217,11.1111,0.0802,86,
5586650441,11.1111,0.0803,88,
5586751374,11.3889,0.0803,87,
5586849142,11.3889,0.0802,86,
5586951515,11.3889,0.0802,86,
5587050397,11.3889,0.0802,86,
5587153399,11.6667,0.0804,89,
5587255157,11.6667,0.0804,88,
5587354266,11.6667,0.0803,87,
5587457163,11.6667,0.0805,89,
5587556938,11.9444,0.0804,88,
5587655675,11.9444,0.0803,87,
5587756817,11.9444,0.0803,87,
5587858224,11.9444,0.0804,88,
5587957415,12.2222,0.0803,88,
5588059734,12.2222,0.0804,88,
5588158372,12.2222,0.0803,87,
5588260456,12.2222,0.0804,88,
5588359022,12.5000,0.0802,86,
5588459302,12.5000,0.0802,86,
5588559678,12.5000,0.0802,86,
5588660203,12.5000,0.0802,86,
5588761015,12.5000,0.0802,87,
5588860347,12.7778,0.0802,85,
5588963088,12.7778,0.0803,87,
5589066810,12.7778,0.0805,89,
5589170665,12.7778,0.0810,93,
5589266017,13.0556,0.0803,87,
5589365495,13.0556,0.0803,88,
5589466505,13.0556,0.0803,88,
5589567705,13.0556,0.0802,86,
5589669491,13.0556,0.0802,87,
5589769302,13.3333,0.0803,88,
5589869955,13.3333,0.0803,87,
5589969072,13.3333,0.0802,85,
5590071491,13.3333,0.0803,88,
5590169774,13.6111,0.0802,85,
5590270092,13.6111,0.0802,84,
5590371446,13.6111,0.0802,85,
5590476533,13.6111,0.0805,89,
5590579812,13.8889,0.0809,92,
5590675508,13.8889,0.0804,89,
5590779444,13.8889,0.0808,92,
5590879249,13.8889,0.0806,90,
5590981368,14.1667,0.0810,92,
5591075409,14.1667,0.0803,87,
5591181206,14.1667,0.0809,92,
5591278912,14.1667,0.0804,88,
5591382251,14.1667,0.0802,91,
5591480243,14.1667,0.0802,88,
5591583770,14.4444,0.0807,91,
5591680662,14.4444,0.0803,88,
5591785242,14.4444,0.0806,90,
5591879544,14.4444,0.0802,84,
5591985488,14.4444,0.0802,90,
5592079958,14.4444,0.0802,84,
5592186216,14.7222,0.0806,89,
5592285476,14.7222,0.0804,88,
5592385520,14.7222,0.0804,89,
5592486564,14.7222,0.0804,88,
5592586112,15.0000,0.0804,88,
5592684537,15.0000,0.0802,86,
5592787492,15.0000,0.0804,88,
5592886652,15.0000,0.0803,87,
5592989653,15.0000,0.0802,88,
5593089533,15.0000,0.0802,88,
5593188958,15.2778,0.0804,88,
5593289053,15.2778,0.0803,87,
5593390720,15.2778,0.0803,87,
5593491016,15.2778,0.0804,88,
5593591221,15.2778,0.0802,88,
5593689426,15.2778,0.0802,86,
5593792553,15.5556,0.0804,88,
5593893921,15.5556,0.0805,89,
5593992490,15.5556,0.0803,87,
5594094761,15.5556,0.0804,89,
5594195235,15.5556,0.0802,87,
5594294154,15.5556,0.0802,87,
5594397126,15.5556,0.0802,89,
5594495746,15.5556,0.0802,86,
5594603319,15.8333,0.0810,92,
5594697870,15.8333,0.0804,88,
5594798476,15.8333,0.0803,87,
5594899716,15.8333,0.0804,88,
5594998651,15.8333,0.0802,87,
5595100901,15.8333,0.0802,88,
5595201473,15.8333,0.0802,87,
5595299188,16.1111,0.0802,85,
5595400916,16.1111,0.0802,86,
5595499703,16.1111,0.0802,84,
5595601039,16.1111,0.0802,86,
5595700494,16.1111,0.0802,84,
5595803268,16.1111,0.0802,87,
5595906050,16.1111,0.0802,89,
5596005964,16.1111,0.0802,88,
5596104908,16.1111,0.0802,87,
5596206393,16.3889,0.0803,87,
5596305352,16.3889,0.0802,86,
5596406927,16.3889,0.0802,86,
5596509839,16.3889,0.0805,89,
5596608785,16.3889,0.0802,86,
5596711324,16.3889,0.0802,88,
5596809929,16.3889,0.0802,86,
5596912540,16.3889,0.0802,87,
5597012581,16.3889,0.0802,88,
5597115471,16.6667,0.0804,88,
5597214690,16.6667,0.0803,87,
5597316339,16.6667,0.0804,88,
5597414887,16.6667,0.0803,87,
5597515458,16.6667,0.0802,87,
5597615720,16.6667,0.0802,87,
5597714389,16.6667,0.0802,85,
5597815970,16.6667,0.0802,86,
5597918209,16.6667,0.0802,87,
5598018446,16.9444,0.0803,88,
5598119356,16.9444,0.0803,87,
5598218434,16.9444,0.0803,86,
5598321534,16.9444,0.0805,89,
5598419388,16.9444,0.0802,87,
5598520529,16.9444,0.0802,87,
5598619545,16.9444,0.0802,86,
5598720925,16.9444,0.0802,87,
5598820843,16.9444,0.0802,87,
5598919833,17.2222,0.0802,85,
5599020265,17.2222,0.0802,85,
5599125124,17.2222,0.0804,88,
5599221945,17.2222,0.0802,86,
5599322850,17.2222,0.0802,87,
5599426012,17.2222,0.0802,89,
5599523951,17.2222,0.0802,87,
5599625833,17.2222,0.0802,89,
5599724615,17.2222,0.0802,87,
5599825494,17.2222,0.0802,88,
5599926097,17.2222,0.0802,88,
5600024676,17.2222,0.0802,86,
5600125784,17.5000,0.0803,87,
5600225278,17.5000,0.0802,86,
5600327644,17.5000,0.0803,87,
5600425271,17.5000,0.0802,86,
5600527088,17.5000,0.0802,86,
5600628975,17.5000,0.0802,89,
5600728866,17.5000,0.0802,88,
5600829656,17.5000,0.0802,88,
5600929203,17.5000,0.0802,87,
5601028646,17.5000,0.0802,86,
5601130275,17.5000,0.0802,87,
5601228228,17.5000,0.0802,86,
5601331042,17.7778,0.0803,87,
5601431836,17.7778,0.0803,86,
5601534859,17.7778,0.0806,90,
5601633784,17.7778,0.0804,88,
5601735192,17.7778,0.0802,89,
5601834192,17.7778,0.0802,86,
5601936322,17.7778,0.0802,88,
5602036319,17.7778,0.0802,87,
5602134758,17.7778,0.0802,85,
5602235992,17.7778,0.0802,86,
5602337863,17.7778,0.0802,87,
5602439378,17.7778,0.0802,88,
5602537939,17.7778,0.0802,87,
5602640402,17.7778,0.0802,87,
5602739150,17.7778,0.0802,87,
5602839969,17.7778,0.0802,86,
5602941522,18.0556,0.0803,87,
5603041021,18.0556,0.0802,86,
5603142387,18.0556,0.0803,87,
5603242484,18.0556,0.0803,87,
5603344543,18.0556,0.0802,88,
5603443681,18.0556,0.0802,86,
5603550189,18.0556,0.0802,87,
5603649173,18.0556,0.0802,87,
5603751610,18.0556,0.0802,87,
5603851226,18.0556,0.0802,88,
5603949112,18.0556,0.0802,85,
5604052523,18.0556,0.0802,88,
5604153171,18.0556,0.0802,86,
5604253177,18.0556,0.0802,87,
5604357118,18.0556,0.0802,90,
5604455542,18.0556,0.0802,88,
5604554813,18.0556,0.0802,87,
5604657161,18.0556,0.0802,87,
5604755432,18.0556,0.0802,87,
5604854807,18.3333,0.0802,84,
5604956507,18.3333,0.0802,86,
5605058567,18.3333,0.0803,87,
5605158572,18.3333,0.0803,87,
5605258383,18.3333,0.0802,87,
5605359211,18.3333,0.0802,87,
5605460395,18.3333,0.0802,87,
5605560957,18.3333,0.0802,88,
5605660422,18.3333,0.0802,87,
5605760291,18.3333,0.0802,85,
5605860910,18.3333,0.0802,86,
5605963074,18.3333,0.0802,88,
5606065288,18.3333,0.0802,89,
5606164029,18.3333,0.0802,88,
5606265456,18.3333,0.0802,89,
5606364462,18.3333,0.0802,86,
5606464207,18.3333,0.0802,87,
5606564506,18.3333,0.0802,86,
5606664597,18.3333,0.0802,86,
5606767311,18.3333,0.0802,87,
5606864825,18.3333,0.0802,86,
5606965111,18.3333,0.0802,84,
5607066437,18.6111,0.0802,85,
5607171616,18.6111,0.0805,89,
5607269987,18.6111,0.0803,88,
5607371233,18.6111,0.0804,88,
5607470305,18.6111,0.0802,88,
5607570273,18.6111,0.0802,86,
5607671771,18.6111,0.0802,87,
5607771088,18.6111,0.0802,86,
5607870849,18.6111,0.0802,86,
5607973688,18.6111,0.0802,89,
5608074367,18.6111,0.0802,88,
5608174777,18.6111,0.0802,87,
5608273905,18.6111,0.0802,86,
5608375820,18.6111,0.0802,86,
5608473895,18.6111,0.0802,85,
5608576128,18.6111,0.0802,86,
5608678680,18.6111,0.0802,87,
5608780090,18.6111,0.0802,89,
5608879797,18.6111,0.0802,88,
5608980937,18.6111,0.0802,89,
5609080037,18.6111,0.0802,88,
5609181133,18.6111,0.0802,88,
5609280716,18.6111,0.0802,88,
5609379840,18.6111,0.0802,86,
5609480530,18.6111,0.0802,87,
5609580204,18.6111,0.0802,86,
5609680819,18.8889,0.0802,85,
5609783839,18.6111,0.0802,88,
5609883032,18.8889,0.0803,88,
5609985510,18.8889,0.0804,89,
5610084097,18.8889,0.0802,86,
5610185228,18.8889,0.0803,87,
5610284960,18.8889,0.0802,87,
5610384266,18.8889,0.0802,86,
5610486457,18.8889,0.0802,86,
5610585050,18.8889,0.0802,84,
5610688852,18.8889,0.0802,87,
5610788034,18.8889,0.0802,87,
5610889632,18.8889,0.0802,87,
5610991247,18.8889,0.0802,88,
5611092378,18.8889,0.0802,89,
5611190722,18.8889,0.0802,87,
5611291960,18.8889,0.0802,88,
5611392512,18.8889,0.0802,88,
5611492034,18.8889,0.0802,86,
5611594218,18.8889,0.0802,88,
5611694169,18.8889,0.0802,87,
5611795656,19.1667,0.0803,88,
5611894499,19.1667,0.0802,86,
5611996481,19.1667,0.0802,86,
5612095964,19.1667,0.0802,85,
5612200710,19.1667,0.0802,89,
5612297956,19.1667,0.0802,87,
5612400240,19.1667,0.0802,89,
5612498942,19.1667,0.0802,86,
5612599165,19.1667,0.0802,85,
5612700761,19.1667,0.0802,86,
5612802906,19.1667,0.0802,87,
5612903516,19.1667,0.0802,88,
5613002753,19.1667,0.0802,87,
5613105065,19.1667,0.0802,89,
5613203619,19.1667,0.0802,87,
5613304045,19.1667,0.0802,87,
5613406500,19.1667,0.0802,88,
5613503367,19.1667,0.0802,86,
5613605512,19.1667,0.0802,88,
5613704870,19.1667,0.0802,86,
5613803517,19.1667,0.0802,85,
5613907353,19.4444,0.0803,87,
5614004591,19.1667,0.0802,85,
5614109110,19.4444,0.0804,88,
5614207439,19.4444,0.0802,87,
5614309483,19.4444,0.0802,89,
5614408374,19.4444,0.0802,86,
5614510954,19.4444,0.0802,88,
5614608536,19.4444,0.0802,86,
5614710225,19.4444,0.0802,88,
5614809487,19.4444,0.0802,86,
5614912290,19.4444,0.0802,88,
5615013647,19.4444,0.0802,88,
5615111974,19.4444,0.0802,87,
5615215152,19.4444,0.0802,88,
5615321779,19.4444,0.0802,94,
5615414779,19.4444,0.0802,86,
5615517014,19.4444,0.0802,88,
5615613768,19.4444,0.0802,85,
5615720390,19.4444,0.0802,90,
5615820442,19.4444,0.0802,89,
5615922041,19.4444,0.0802,90,
5616020224,19.4444,0.0802,88,
5616124697,19.4444,0.0802,92,
5616220094,19.4444,0.0802,87,
5616327135,19.4444,0.0802,93,
5616422296,19.4444,0.0802,88,
5616525963,19.4444,0.0802,91,
5616624712,19.4444,0.0802,88,
5616727521,19.4444,0.0802,92,
5616825166,19.4444,0.0802,89,
5616928361,19.7222,0.0808,91,
5617023020,19.7222,0.0802,87,
5617126246,19.7222,0.0805,90,
5617225996,19.7222,0.0803,87,
5617328896,19.7222,0.0802,89,
5617425837,19.7222,0.0802,85,
5617528128,19.7222,0.0802,88,
5617628954,19.7222,0.0802,88,
5617729528,19.7222,0.0802,88,
5617828527,19.7222,0.0802,86,
5617931049,19.7222,0.0802,89,
5618028944,19.7222,0.0802,86,
5618132324,19.7222,0.0802,88,
5618233067,19.7222,0.0802,87,
5618332533,19.7222,0.0802,86,
5618434633,19.7222,0.0802,89,
5618533449,19.7222,0.0802,87,
5618633081,19.7222,0.0802,85,
5618733871,19.7222,0.0802,86,
5618834291,19.7222,0.0802,85,
5618935520,19.7222,0.0802,86,
5619035283,19.7222,0.0802,86,
5619136786,19.7222,0.0802,87,
5619240639,19.7222,0.0802,89,
5619339165,19.7222,0.0802,87,
5619437844,19.7222,0.0802,86,
5619540075,19.7222,0.0802,87,
5619641325,19.7222,0.0802,89,
5619741186,19.7222,0.0802,87,
5619843183,19.7222,0.0802,88,
5619942555,19.7222,0.0802,87,
5620043810,19.7222,0.0802,88,
5620143147,19.7222,0.0802,87,
5620245037,19.7222,0.0802,87,
5620344099,19.7222,0.0802,86,
5620444436,19.7222,0.0802,85,
5620546082,19.7222,0.0802,86,
5620649210,19.7222,0.0802,88,
5620749337,19.7222,0.0802,87,
5620850384,19.7222,0.0802,89,
5620949841,19.7222,0.0802,87,
5621050521,19.7222,0.0802,86,
5621153390,19.7222,0.0802,88,
5621253173,19.7222,0.0802,87,
5621352639,19.7222,0.0802,86,
5621454097,19.7222,0.0802,87,
5621553290,19.7222,0.0802,85,
5621654679,19.7222,0.0802,87,
5621753677,19.7222,0.0802,85,
5621854518,19.7222,0.0802,86,
5621955657,19.7222,0.0802,86,
5622054049,19.7222,0.0802,85,
5622157427,19.7222,0.0802,87,
5622258911,19.7222,0.0802,87,
5622358640,19.7222,0.0802,87,
5622461221,19.7222,0.0802,88,
5622561993,19.7222,0.0802,87,
5622667631,19.7222,0.0802,93,
5622763804,19.7222,0.0802,88,
5622862563,19.7222,0.0802,86,
5622964466,19.7222,0.0802,88,
5623063469,19.7222,0.0802,86,
5623163311,19.4444,0.0802,86,
5623264283,19.7222,0.0802,87,
5623364079,19.4444,0.0802,85,
5623465035,19.4444,0.0802,86,
5623564076,19.4444,0.0802,85,
5623665890,19.4444,0.0802,86,
5623770500,19.4444,0.0802,88,
5623875493,19.4444,0.0802,92,
5623972498,19.4444,0.0802,88,
5624076098,19.4444,0.0802,91,
5624172151,19.4444,0.0802,87,
5624277047,19.4444,0.0802,92,
5624373062,19.4444,0.0802,87,
5624477030,19.4444,0.0802,91,
5624573861,19.4444,0.0802,87,
5624680899,19.4444,0.0802,92,
5624773834,19.4444,0.0802,85,
5624880220,19.4444,0.0802,90,
5624975085,19.4444,0.0802,84,
5625080825,19.4444,0.0802,90,
5625180332,19.4444,0.0802,89,
5625282129,19.4444,0.0802,90,
5625380614,19.4444,0.0802,88,
5625483523,19.4444,0.0802,90,
5625581821,19.1667,0.0804,89,
5625682957,19.4444,0.0802,90,
5625782008,19.1667,0.0804,88,
5625884988,19.1667,0.0806,90,
5625983528,19.1667,0.0802,88,
5626085025,19.1667,0.0804,89,
5626184743,19.1667,0.0802,87,
5626285996,19.1667,0.0802,88,
5626385510,19.1667,0.0802,87,
5626488608,19.1667,0.0802,89,
5626583618,19.1667,0.0802,84,
5626688328,19.1667,0.0802,88,
5626785818,19.1667,0.0802,84,
5626889269,19.1667,0.0802,86,
5626990583,18.8889,0.0804,89,
5627089356,18.8889,0.0803,88,
5627191555,18.8889,0.0804,88,
5627290356,18.8889,0.0802,86,
5627388825,18.8889,0.0802,86,
5627491958,18.8889,0.0802,88,
5627593310,18.8889,0.0802,88,
5627691839,18.8889,0.0802,87,
5627794246,18.8889,0.0802,87,
5627892921,18.8889,0.0802,86,
5627992638,18.8889,0.0802,85,
5628094729,18.8889,0.0802,87,
5628193718,18.8889,0.0802,86,
5628295366,18.8889,0.0802,86,
5628393846,18.8889,0.0802,84,
5628494517,18.8889,0.0802,85,
5628596771,18.8889,0.0802,86,
5628695514,18.8889,0.0802,85,
5628795659,18.8889,0.0802,85,
5628896223,18.8889,0.0802,85,
5629001030,18.8889,0.0802,89,
5629099259,18.8889,0.0802,87,
5629199377,18.8889,0.0802,86,
5629300715,18.8889,0.0802,88,
5629403265,18.6111,0.0805,89,
5629501863,18.6111,0.0803,88,
5629602824,18.6111,0.0804,89,
5629701808,18.6111,0.0803,87,
5629801135,18.6111,0.0802,86,
5629903011,18.6111,0.0802,87,
5630003095,18.6111,0.0802,86,
5630103423,18.6111,0.0802,87,
5630203618,18.6111,0.0802,86,
5630303087,18.6111,0.0802,85,
5630404483,18.6111,0.0802,86,
5630503860,18.6111,0.0802,85,
5630604382,18.6111,0.0802,86,
5630704359,18.8889,0.0802,85,
5630806227,18.8889,0.0802,86,
5630906633,18.8889,0.0802,86,
5631009652,18.8889,0.0805,90,
5631105623,18.8889,0.0802,85,
5631205917,18.8889,0.0802,85,
5631311257,18.8889,0.0802,88,
5631410111,18.8889,0.0802,88,
5631512801,18.8889,0.0802,88,
5631612285,18.8889,0.0802,87,
5631713524,18.8889,0.0802,89,
5631813784,18.8889,0.0802,87,
5631913657,18.8889,0.0802,87,
5632013081,18.8889,0.0802,86,
5632113399,18.6111,0.0802,86,
5632215525,18.6111,0.0804,88,
5632313971,18.6111,0.0802,85,
5632415138,18.6111,0.0803,87,
5632514376,18.6111,0.0802,85,
5632614727,18.6111,0.0802,84,
5632714960,18.6111,0.0802,84,
5632814864,18.6111,0.0802,83,
5632920368,18.8889,0.0805,89,
5633020653,18.8889,0.0804,88,
5633122370,18.8889,0.0806,90,
5633221431,18.8889,0.0804,87,
5633321424,18.6111,0.0803,87,
5633422752,18.6111,0.0804,88,
5633524439,18.8889,0.0802,87,
5633623095,18.6111,0.0802,85,
5633723451,18.8889,0.0803,86,
5633824088,18.8889,0.0803,86,
5633922878,18.8889,0.0802,84,
5634026244,18.8889,0.0803,86,
5634124920,18.8889,0.0802,85,
5634225204,18.8889,0.0802,84,
5634324919,18.8889,0.0802,84,
5634425179,18.8889,0.0802,83,
5634531354,18.8889,0.0802,89,
5634629823,18.8889,0.0802,87,
5634732990,18.8889,0.0802,88,
5634831190,18.8889,0.0802,86,
5634934337,18.8889,0.0802,88,
5635031617,18.8889,0.0802,86,
5635135908,18.8889,0.0802,88,
5635233034,18.8889,0.0802,86,
5635332238,18.8889,0.0802,85,
5635434144,18.8889,0.0802,86,
5635532831,18.8889,0.0802,85,
5635635523,18.8889,0.0802,85,
5635734276,18.8889,0.0802,85,
5635834988,18.8889,0.0802,85,
5635935659,18.8889,0.0802,85,
5636035290,18.8889,0.0802,83,
5636139821,18.8889,0.0802,87,
5636241067,18.8889,0.0802,88,
5636342901,18.8889,0.0802,88,
5636440996,18.8889,0.0802,86,
5636543904,18.8889,0.0802,86,
5636644060,18.8889,0.0802,85,
5636745816,18.8889,0.0802,86,
5636844863,18.8889,0.0802,84,
5636944083,18.8889,0.0802,83,
5637049851,18.8889,0.0802,89,
5637149087,18.8889,0.0802,86,
5637251447,18.8889,0.0802,87,
5637352938,18.8889,0.0802,89,
5637451511,18.8889,0.0802,87,
5637551891,18.8889,0.0802,87,
5637652872,18.8889,0.0802,86,
5637753162,18.8889,0.0802,86,
5637854939,18.8889,0.0802,86,
5637954219,18.8889,0.0802,85,
5638053408,18.8889,0.0802,85,
5638155269,18.8889,0.0802,86,
5638254363,18.8889,0.0802,85,
5638355712,18.8889,0.0802,86,
5638454429,18.8889,0.0802,84,
5638554304,18.8889,0.0802,84,
5638654446,18.8889,0.0802,84,
5638760522,18.8889,0.0802,88,
5638859661,18.8889,0.0802,87,
5638962216,18.8889,0.0802,88,
5639062527,18.8889,0.0802,88,
5639161915,18.8889,0.0802,84,
5639264662,18.8889,0.0802,86,
5639362874,18.8889,0.0802,84,
5639464452,18.8889,0.0802,85,
5639564957,18.8889,0.0802,84,
5639663362,18.8889,0.0802,82,
5639765599,18.8889,0.0802,83,
5639870767,18.8889,0.0802,88,
5639969807,18.8889,0.0802,87,
5640071744,18.8889,0.0802,89,
5640171231,18.8889,0.0802,89,
5640270332,18.8889,0.0802,86,
5640372517,18.8889,0.0802,89,
5640470142,18.8889,0.0802,86,
5640572580,18.8889,0.0802,87,
5640672245,18.8889,0.0802,86,
5640770795,18.8889,0.0802,84,
5640872522,18.8889,0.0802,87,
5640971968,18.8889,0.0802,85,
5641073483,18.8889,0.0802,86,
5641172831,18.8889,0.0802,84,
5641274670,18.8889,0.0802,86,
5641374492,18.8889,0.0802,84,
5641474110,18.8889,0.0802,84,
5641574170,18.8889,0.0802,84,
5641674075,18.8889,0.0802,83,
5641776913,18.8889,0.0802,85,
5641875104,18.8889,0.0802,84,
5641980789,18.8889,0.0802,88,
5642081212,18.8889,0.0802,88,
5642181631,18.8889,0.0802,88,
5642279987,18.8889,0.0802,87,
5642382402,18.8889,0.0802,89,
5642481902,18.8889,0.0802,87,
5642580713,18.8889,0.0802,86,
5642682252,18.8889,0.0802,86,
5642781608,18.8889,0.0802,85,
5642884250,18.8889,0.0802,87,
5642983276,18.8889,0.0802,85,
5643083005,18.8889,0.0802,84,
5643184702,18.8889,0.0802,86,
5643283511,18.8889,0.0802,83,
5643385216,18.8889,0.0802,84,
5643484597,18.8889,0.0802,84,
5643583198,18.8889,0.0802,82,
5643690854,18.8889,0.0802,88,
5643791886,18.8889,0.0802,89,
5643890466,18.8889,0.0802,87,
5643992342,18.8889,0.0802,88,
5644092915,18.8889,0.0802,87,
5644191782,18.8889,0.0802,85,
5644294619,18.8889,0.0802,87,
5644391763,18.8889,0.0802,85,
5644493725,18.8889,0.0802,85,
5644592919,18.8889,0.0802,85,
5644692669,18.8889,0.0802,84,
5644799157,19.1667,0.0810,90,
5644891577,18.8889,0.0802,83,
5644995567,18.8889,0.0802,86,
5645093952,18.8889,0.0802,83,
5645196602,18.8889,0.0803,84,
5645299786,19.1667,0.0806,88,
5645401498,18.8889,0.0802,88,
5645500196,18.8889,0.0802,88,
5645606555,18.8889,0.0802,91,
5645702010,18.8889,0.0804,86,
5645808445,18.8889,0.0802,91,
5645902599,18.8889,0.0802,85,
5646008944,18.8889,0.0802,91,
5646104109,18.8889,0.0802,86,
5646209558,19.1667,0.0811,90,
5646304854,19.1667,0.0804,86,
5646408583,19.1667,0.0807,88,
5646503833,19.1667,0.0802,84,
5646609785,19.1667,0.0802,88,
5646705007,19.1667,0.0802,83,
5646810157,18.8889,0.0806,87,
5646911893,18.8889,0.0808,89,
5647011471,18.8889,0.0807,89,
5647110391,18.8889,0.0804,86,
5647213466,18.8889,0.0802,87,
5647312909,18.8889,0.0802,86,
5647412986,18.8889,0.0802,86,
5647512841,18.8889,0.0802,85,
5647612571,19.1667,0.0803,85,
5647713281,18.8889,0.0802,85,
5647813317,18.8889,0.0802,85,
5647915618,18.8889,0.0802,86,
5648013793,18.8889,0.0802,84,
5648114006,18.8889,0.0802,83,
5648216885,18.8889,0.0802,84,
5648322007,18.8889,0.0802,88,
5648422074,18.8889,0.0802,87,
5648523042,18.8889,0.0802,89,
5648621965,18.8889,0.0802,87,
5648720289,18.8889,0.0802,85,
5648822348,18.8889,0.0802,86,
5648922683,18.8889,0.0802,86,
5649023219,18.8889,0.0802,85,
5649123741,18.8889,0.0802,84,
5649222974,18.8889,0.0802,84,
5649331271,18.8889,0.0802,88,
5649425033,18.8889,0.0802,84,
5649526668,18.8889,0.0802,84,
5649624738,18.8889,0.0802,82,
5649730798,18.8889,0.0802,88,
5649830239,18.8889,0.0802,87,
5649931479,18.8889,0.0802,88,
5650030523,18.8889,0.0802,86,
5650131876,18.8889,0.0802,87,
5650232421,18.8889,0.0802,86,
5650331324,18.8889,0.0802,86,
5650432551,18.8889,0.0802,87,
5650532812,18.8889,0.0802,86,
5650633462,18.8889,0.0802,87,
5650732923,18.8889,0.0802,85,
5650832110,18.6111,0.0802,84,
5650933222,18.6111,0.0803,85,
5651031866,18.6111,0.0802,83,
5651139471,18.6111,0.0806,88,
5651239006,18.6111,0.0802,88,
5651340299,18.6111,0.0802,88,
5651439565,18.6111,0.0802,87,
5651542853,18.6111,0.0802,89,
5651640523,18.6111,0.0802,86,
5651741290,18.6111,0.0802,87,
5651841544,18.6111,0.0802,86,
5651941490,18.6111,0.0802,86,
5652042680,18.6111,0.0802,86,
5652141493,18.6111,0.0802,85,
5652243957,18.6111,0.0802,87,
5652342533,18.6111,0.0802,84,
5652445087,18.6111,0.0802,86,
5652544058,18.6111,0.0802,84,
5652643212,18.6111,0.0802,83,
5652753610,18.3333,0.0816,93,
5652844460,18.6111,0.0802,82,
5652950424,18.3333,0.0806,88,
5653050865,18.3333,0.0806,88,
5653155634,18.3333,0.0802,92,
5653249939,18.3333,0.0804,86,
5653357310,18.3333,0.0802,93,
5653450831,18.3333,0.0802,87,
5653558955,18.3333,0.0802,93,
5653653662,18.3333,0.0802,86,
5653751504,18.3333,0.0802,84,
5653853158,18.3333,0.0802,85,
5653953182,18.3333,0.0802,85,
5654054103,18.3333,0.0802,85,
5654153575,18.3333,0.0802,85,
5654255106,18.3333,0.0802,85,
5654354275,18.3333,0.0802,84,
5654454324,18.3333,0.0802,84,
5654562874,18.3333,0.0802,91,
5654657735,18.3333,0.0802,86,
5654763700,18.3333,0.0802,91,
5654859745,18.3333,0.0802,86,
5654965878,18.3333,0.0802,91,
5655068761,18.3333,0.0802,93,
5655167155,18.3333,0.0802,91,
5655262063,18.3333,0.0802,85,
5655368012,18.3333,0.0802,91,
5655463156,18.3333,0.0802,85,
5655567685,18.3333,0.0802,90,
5655664532,18.3333,0.0802,85,
5655769111,18.3333,0.0802,89,
5655864999,18.3333,0.0802,84,
5655969939,18.3333,0.0802,89,
5656070168,18.3333,0.0802,89,
5656171416,18.3333,0.0802,90,
5656271637,18.3333,0.0802,87,
5656373642,18.3333,0.0802,89,
5656471682,18.3333,0.0802,87,
5656574484,18.3333,0.0802,89,
5656674424,18.3333,0.0802,89,
5656774607,18.3333,0.0802,89,
5656872952,18.3333,0.0802,87,
5656974816,18.3333,0.0802,88,
5657072425,18.3333,0.0802,86,
5657176238,18.3333,0.0802,88,
5657274995,18.3333,0.0802,86,
5657378186,18.0556,0.0805,87,
5657474677,18.3333,0.0802,84,
5657579102,18.0556,0.0805,87,
5657681277,18.0556,0.0808,89,
5657780132,18.0556,0.0802,88,
5657879253,18.0556,0.0804,86,
5657980035,18.3333,0.0804,87,
5658083139,18.3333,0.0807,89,
5658181805,18.0556,0.0802,87,
5658282457,18.0556,0.0802,88,
5658386678,18.0556,0.0810,91,
5658484267,18.0556,0.0805,88,
5658585464,18.0556,0.0802,88,
5658683539,18.3333,0.0803,85,
5658785037,18.3333,0.0804,86,
5658882653,18.0556,0.0802,84,
5658985895,18.3333,0.0804,86,
5659084173,18.3333,0.0802,85,
5659187784,18.3333,0.0802,86,
5659289358,18.0556,0.0802,88,
5659389705,18.0556,0.0805,87,
5659489668,18.0556,0.0805,88,
5659590407,18.0556,0.0805,87,
5659691247,18.3333,0.0806,88,
5659791372,18.0556,0.0802,88,
5659892120,18.0556,0.0802,88,
5659991044,18.0556,0.0802,87,
5660093630,18.3333,0.0802,89,
5660192869,18.0556,0.0802,87,
5660291078,18.0556,0.0802,85,
5660393053,18.0556,0.0802,87,
5660492316,18.0556,0.0803,85,
5660595456,18.0556,0.0802,87,
5660693285,18.0556,0.0802,86,
5660793458,18.0556,0.0802,86,
5660895218,18.3333,0.0804,86,
5660994653,18.3333,0.0803,85,
5661094209,18.3333,0.0803,85,
5661194852,18.3333,0.0803,85,
5661292474,18.3333,0.0802,83,
5661396347,18.0556,0.0803,85,
5661495845,18.3333,0.0802,85,
5661596268,18.3333,0.0802,85,
5661693778,18.3333,0.0802,83,
5661798940,18.0556,0.0802,87,
5661899578,18.0556,0.0805,88,
5662001783,18.3333,0.0802,89,
5662100169,18.3333,0.0802,87,
5662202348,18.3333,0.0806,88,
5662302333,18.3333,0.0805,87,
5662404609,18.3333,0.0802,87,
5662505022,18.3333,0.0802,87,
5662603265,18.3333,0.0802,85,
5662704059,18.3333,0.0802,87,
5662802934,18.3333,0.0802,85,
5662905456,18.3333,0.0802,86,
5663005736,18.3333,0.0802,85,
5663103947,18.3333,0.0802,83,
5663205665,18.3333,0.0802,84,
5663304673,18.3333,0.0802,83,
5663405396,18.3333,0.0802,85,
5663510306,18.3333,0.0802,88,
5663608769,18.3333,0.0802,86,
5663710593,18.3333,0.0802,89,
5663809420,18.3333,0.0802,86,
5663910783,18.3333,0.0802,87,
5664012824,18.3333,0.0802,89,
5664112658,18.3333,0.0802,88,
5664211291,18.3333,0.0802,86,
5664312011,18.3333,0.0802,87,
5664411593,18.3333,0.0802,87,
5664513755,18.3333,0.0802,87,
5664612951,18.3333,0.0802,86,
5664711718,18.3333,0.0802,84,
5664814879,18.3333,0.0802,86,
5664913868,18.3333,0.0802,85,
5665015717,18.3333,0.0802,85,
5665115810,18.3333,0.0802,85,
5665220817,18.3333,0.0802,89,
5665321781,18.3333,0.0802,90,
5665423074,18.3333,0.0802,89,
5665523536,18.3333,0.0802,90,
5665623152,18.3333,0.0802,89,
5665722301,18.3333,0.0802,88,
5665821919,18.3333,0.0802,86,
5665922088,18.3333,0.0802,87,
5666021701,18.3333,0.0802,86,
5666123378,18.3333,0.0802,87,
5666223960,18.3333,0.0802,86,
5666324965,18.3333,0.0802,87,
5666423391,18.3333,0.0802,85,
5666524049,18.3333,0.0802,84,
5666624999,18.3333,0.0802,85,
5666724878,18.3333,0.0802,84,
5666831374,18.3333,0.0802,90,
5666931247,18.3333,0.0802,90,
5667029260,18.3333,0.0802,88,
5667130284,18.3333,0.0802,89,
5667229843,18.3333,0.0802,87,
5667331489,18.3333,0.0802,88,
5667432850,18.6111,0.0807,89,
5667533223,18.3333,0.0802,88,
5667632471,18.6111,0.0803,86,
5667733679,18.6111,0.0804,87,
5667833751,18.6111,0.0802,85,
5667934914,18.3333,0.0802,87,
5668033876,18.6111,0.0802,85,
5668133293,18.6111,0.0802,84,
5668235833,18.3333,0.0803,86,
5668334394,18.6111,0.0802,84,
5668437977,18.3333,0.0803,86,
5668539081,18.6111,0.0802,88,
5668638124,18.6111,0.0803,86,
5668740764,18.3333,0.0804,87,
5668842814,18.6111,0.0806,89,
5668941626,18.6111,0.0802,87,
5669043208,18.6111,0.0802,87,
5669143805,18.6111,0.0803,85,
5669243809,18.6111,0.0802,85,
5669345701,18.6111,0.0802,85,
5669449260,18.6111,0.0802,88,
5669548783,18.6111,0.0802,87,
5669649288,18.6111,0.0802,87,
5669749269,18.6111,0.0802,87,
5669850200,18.6111,0.0802,88,
5669956151,18.6111,0.0802,93,
5670051879,18.6111,0.0802,88,
5670153005,18.6111,0.0802,88,
5670253126,18.6111,0.0802,88,
5670354020,18.6111,0.0802,87,
5670454733,18.6111,0.0802,87,
5670552669,18.6111,0.0802,85,
5670654922,18.6111,0.0802,86,
5670753672,18.6111,0.0802,86,
5670856971,18.6111,0.0802,87,
5670959636,18.6111,0.0802,90,
5671054551,18.6111,0.0802,85,
5671155709,18.6111,0.0802,85,
5671253806,18.8889,0.0802,84,
5671357991,18.8889,0.0804,86,
5671459944,18.6111,0.0802,88,
5671559563,18.8889,0.0804,87,
5671661383,18.8889,0.0802,89,
5671760085,18.8889,0.0802,86,
5671862452,18.8889,0.0805,88,
5671962884,18.8889,0.0802,89,
5672063143,18.8889,0.0802,87,
5672162092,18.8889,0.0802,86,
5672263698,18.8889,0.0802,87,
5672363365,18.8889,0.0802,85,
5672464806,18.8889,0.0802,87,
5672563877,18.8889,0.0802,86,
5672663592,18.8889,0.0802,84,
5672764467,18.8889,0.0802,86,
5672864254,18.8889,0.0802,84,
5672965381,18.8889,0.0802,85,
5673069234,18.8889,0.0802,88,
5673169087,18.8889,0.0802,88,
5673270370,18.8889,0.0802,88,
5673370101,18.8889,0.0802,86,
5673469343,18.8889,0.0802,85,
5673573655,18.8889,0.0802,89,
5673670951,18.8889,0.0802,87,
5673771469,18.8889,0.0802,86,
5673871904,18.8889,0.0802,87,
5673972860,18.8889,0.0802,86,
5674073558,18.8889,0.0802,88,
5674173593,18.8889,0.0802,87,
5674273832,18.8889,0.0802,86,
5674373833,18.8889,0.0802,87,
5674473988,18.8889,0.0802,86,
5674575497,18.8889,0.0802,87,
5674673933,18.8889,0.0802,85,
5674775442,18.8889,0.0802,86,
5674874006,18.8889,0.0802,84,
5674974299,19.1667,0.0802,84,
5675075246,19.1667,0.0802,85,
5675178673,18.8889,0.0802,88,
5675278391,19.1667,0.0803,87,
5675380424,19.1667,0.0802,89,
5675478318,19.1667,0.0802,87,
5675580283,19.1667,0.0804,88,
5675680355,19.1667,0.0802,88,
5675780290,19.1667,0.0802,86,
5675880431,19.1667,0.0802,87,
5675982846,19.1667,0.0802,88,
5676082382,19.1667,0.0802,86,
5676183353,19.1667,0.0802,87,
5676283332,19.1667,0.0802,86,
5676384818,19.1667,0.0802,87,
5676484536,19.1667,0.0802,87,
5676584575,19.1667,0.0802,87,
5676684245,19.1667,0.0802,86,
5676783255,19.1667,0.0802,85,
5676884488,19.1667,0.0802,86,
5676984405,19.1667,0.0802,85,
5677088661,19.1667,0.0802,87,
5677190837,18.8889,0.0805,89,
5677290239,18.8889,0.0804,87,
5677389107,18.8889,0.0803,86,
5677490739,18.8889,0.0803,86,
5677592621,18.8889,0.0802,87,
5677693620,18.8889,0.0802,89,
5677792935,18.8889,0.0802,88,
5677891487,18.8889,0.0802,86,
5677995137,18.8889,0.0802,88,
5678093425,18.8889,0.0802,86,
5678194313,18.8889,0.0802,88,
5678293832,18.8889,0.0802,84,
5678393564,18.8889,0.0802,84,
5678495160,18.8889,0.0802,85,
5678593574,18.8889,0.0802,84,
5678695627,18.8889,0.0802,85,
5678800254,18.8889,0.0802,89,
5678899053,18.8889,0.0802,88,
5678998839,18.8889,0.0802,86,
5679103967,18.8889,0.0802,92,
5679200480,18.8889,0.0802,87,
5679305732,18.8889,0.0802,89,
5679403805,18.8889,0.0802,87,
5679507777,18.8889,0.0802,88,
5679605559,18.8889,0.0802,87,
5679708702,18.8889,0.0802,90,
5679805243,18.8889,0.0802,85,
5679909604,18.8889,0.0802,88,
5680007995,18.8889,0.0802,87,
5680108741,18.8889,0.0802,87,
5680211950,18.8889,0.0802,89,
5680312182,18.8889,0.0802,89,
5680411276,18.8889,0.0802,88,
5680510646,18.8889,0.0802,88,
5680611682,18.8889,0.0802,88,
5680713250,18.8889,0.0802,88,
5680812054,18.8889,0.0802,86,
5680915094,18.8889,0.0802,88,
5681013979,18.8889,0.0802,86,
5681117502,18.8889,0.0802,89,
5681215002,18.8889,0.0802,88,
5681317950,18.8889,0.0802,89,
5681415073,18.8889,0.0802,86,
5681519044,18.8889,0.0802,89,
5681616065,18.8889,0.0802,86,
5681719024,18.8889,0.0802,90,
5681819143,18.8889,0.0802,89,
5681918376,18.8889,0.0802,87,
5682019742,18.8889,0.0802,87,
5682119921,18.8889,0.0802,86,
5682221513,18.8889,0.0802,87,
5682322338,18.8889,0.0802,87,
5682421692,18.8889,0.0802,87,
5682522445,18.8889,0.0802,87,
5682622311,18.8889,0.0802,86,
5682723795,18.8889,0.0802,87,
5682822355,18.8889,0.0802,85,
5682926484,18.8889,0.0802,90,
5683023124,18.8889,0.0802,86,
5683124297,18.8889,0.0802,86,
5683228107,18.8889,0.0802,88,
5683324148,18.8889,0.0802,84,
5683428776,18.8889,0.0802,88,
5683527963,18.8889,0.0802,86,
5683629726,18.8889,0.0802,87,
5683729486,18.8889,0.0802,85,
5683830791,18.8889,0.0802,87,
5683933056,18.8889,0.0802,87,
5684034328,18.8889,0.0802,88,
5684134150,18.8889,0.0802,87,
5684231903,18.8889,0.0802,85,
5684334530,18.8889,0.0802,86,
5684432935,18.8889,0.0802,85,
5684535414,18.8889,0.0802,87,
5684636235,18.8889,0.0802,86,
5684739100,18.8889,0.0802,89,
5684839209,18.8889,0.0802,88,
5684940707,18.8889,0.0802,88,
5685039727,18.8889,0.0802,87,
5685142523,18.8889,0.0802,88,
5685242635,18.8889,0.0802,88,
5685341731,18.8889,0.0802,86,
5685444013,18.8889,0.0802,88,
5685544449,18.8889,0.0802,87,
5685652409,18.8889,0.0802,94,
5685745231,18.8889,0.0802,86,
5685845366,18.8889,0.0802,87,
5685945014,18.8889,0.0802,86,
5686053275,18.8889,0.0802,92,
5686148649,18.8889,0.0802,87,
5686252762,18.8889,0.0802,92,
5686349736,18.8889,0.0802,87,
5686447933,18.8889,0.0802,85,
5686550701,18.8889,0.0802,86,
5686655628,18.8889,0.0802,91,
5686752357,18.8889,0.0802,87,
5686856115,18.8889,0.0802,91,
5686951079,18.8889,0.0802,86,
5687057337,18.8889,0.0802,91,
5687153332,18.8889,0.0802,87,
5687257940,18.8889,0.0802,91,
5687353730,18.8889,0.0802,87,
5687458752,18.8889,0.0802,90,
5687553782,18.8889,0.0802,86,
5687659615,18.8889,0.0802,90,
5687757450,18.8889,0.0802,88,
5687859117,18.8889,0.0802,90,
5687957929,18.8889,0.0802,87,
5688061429,18.8889,0.0802,91,
5688160460,18.8889,0.0802,88,
5688262739,18.8889,0.0802,90,
5688360678,18.8889,0.0802,87,
5688465111,18.8889,0.0802,90,
5688559985,18.8889,0.0802,86,
5688665248,18.8889,0.0802,90,
5688764087,18.8889,0.0802,89,
5688864937,18.8889,0.0802,89,
5688963618,18.8889,0.0802,87,
5689065481,18.8889,0.0802,89,
5689165117,18.8889,0.0802,87,
5689266688,18.8889,0.0802,89,
5689364259,18.8889,0.0802,86,
5689466334,18.8889,0.0802,88,
5689565758,18.8889,0.0802,86,
5689667621,18.8889,0.0802,88,
5689767532,18.8889,0.0802,88,
5689869169,18.8889,0.0802,88,
5689969451,18.8889,0.0802,89,
5690068135,18.8889,0.0802,87,
5690167766,18.8889,0.0802,86,
5690269146,18.8889,0.0802,87,
5690368573,18.8889,0.0802,85,
5690469355,18.8889,0.0802,87,
5690568765,18.8889,0.0802,86,
5690671937,18.8889,0.0802,87,
5690770569,18.8889,0.0802,85,
5690873863,18.8889,0.0802,89,
5690972620,18.8889,0.0802,87,
5691073515,18.8889,0.0802,86,
5691174246,18.8889,0.0802,87,
5691275964,18.8889,0.0802,89,
5691375583,18.8889,0.0802,87,
5691475113,18.8889,0.0802,86,
5691577052,18.8889,0.0802,88,
5691675232,18.8889,0.0802,87,
5691776560,18.8889,0.0802,87,
5691878848,18.8889,0.0802,89,
5691977650,18.8889,0.0802,87,
5692079384,18.8889,0.0802,88,
5692179950,18.8889,0.0802,87,
5692280974,18.8889,0.0802,89,
5692379006,18.8889,0.0802,86,
5692478863,18.8889,0.0802,86,
5692581167,18.8889,0.0802,87,
5692684108,18.8889,0.0802,89,
5692784275,18.8889,0.0802,88,
5692885608,18.8889,0.0802,89,
5692984480,18.8889,0.0802,88,
5693084817,18.8889,0.0802,87,
5693186592,18.8889,0.0802,88,
5693287249,18.8889,0.0802,88,
5693383369,18.8889,0.0802,84,
5693487661,18.8889,0.0802,88,
5693587104,18.8889,0.0802,86,
5693689404,18.8889,0.0802,89,
5693788603,18.8889,0.0802,87,
5693889944,18.8889,0.0802,87,
5693990420,18.8889,0.0802,86,
5694089455,18.8889,0.0802,85,
5694191929,18.8889,0.0802,88,
5694293980,18.8889,0.0802,88,
5694394078,18.8889,0.0802,87,
5694496635,18.8889,0.0802,89,
5694594078,18.8889,0.0802,87,
5694694761,18.8889,0.0802,88,
5694797956,18.8889,0.0802,90,
5694896198,18.8889,0.0802,87,
5694999202,18.8889,0.0802,89,
5695097745,18.8889,0.0802,88,
5695197314,18.8889,0.0802,87,
5695298663,18.8889,0.0802,87,
5695397600,18.8889,0.0802,86,
5695499086,18.8889,0.0802,87,
5695599338,18.8889,0.0802,87,
5695700824,18.8889,0.0802,87,
5695799729,18.8889,0.0802,85,
5695898924,18.8889,0.0802,85,
5696002945,18.8889,0.0802,87,
5696104884,18.8889,0.0802,88,
5696205340,18.8889,0.0802,88,
5696305506,18.8889,0.0802,88,
5696405686,18.8889,0.0802,87,
5696506730,18.8889,0.0802,88,
5696609017,18.8889,0.0802,89,
5696708857,18.8889,0.0802,88,
5696809691,18.8889,0.0802,88,
5696910353,18.8889,0.0802,88,
5697008266,18.8889,0.0802,87,
5697109142,18.8889,0.0802,86,
5697214013,18.8889,0.0802,89,
5697311490,18.8889,0.0802,87,
5697411399,18.8889,0.0802,87,
5697510431,18.8889,0.0802,86,
5697613153,18.8889,0.0802,87,
5697714061,18.8889,0.0802,88,
5697813313,18.8889,0.0802,88,
5697913124,18.8889,0.0802,86,
5698015650,18.8889,0.0802,88,
5698117114,18.8889,0.0802,88,
5698218430,18.8889,0.0802,88,
5698317517,18.8889,0.0802,88,
5698417040,18.8889,0.0802,87,
5698518686,18.8889,0.0802,87,
5698619194,18.8889,0.0802,88,
5698720085,18.8889,0.0802,87,
5698817904,18.8889,0.0802,85,
5698920185,18.8889,0.0802,88,
5699020022,18.8889,0.0802,86,
5699118730,18.8889,0.0802,85,
5699220324,18.8889,0.0802,87,
5699319489,18.8889,0.0802,85,
5699422906,18.8889,0.0802,88,
5699523678,18.8889,0.0802,88,
5699623680,18.8889,0.0802,88,
5699724489,18.8889,0.0802,87,
5699826433,18.8889,0.0802,88,
5699923703,18.8889,0.0802,86,
5700027297,18.8889,0.0802,88,
5700127654,18.8889,0.0802,88,
5700228533,18.8889,0.0802,86,
5700329237,18.8889,0.0802,86,
5700429047,18.8889,0.0802,85,
5700529703,18.8889,0.0802,87,
5700628895,18.8889,0.0802,85,
5700731275,18.8889,0.0802,86,
5700832854,18.8889,0.0802,87,
5700934264,18.8889,0.0802,89,
5701033123,18.8889,0.0802,88,
5701134476,18.8889,0.0802,88,
5701235029,18.8889,0.0802,88,
5701332239,18.8889,0.0802,86,
5701438436,18.8889,0.0802,90,
5701535394,18.8889,0.0802,88,
5701638039,18.8889,0.0802,89,
5701737324,18.8889,0.0802,88,
5701837433,18.8889,0.0802,87,
5701938426,18.8889,0.0802,88,
5702037569,18.8889,0.0802,86,
5702139156,18.8889,0.0802,87,
5702238494,18.8889,0.0802,85,
5702341221,18.8889,0.0802,87,
5702439340,18.8889,0.0802,86,
5702545436,18.8889,0.0802,89,
5702644289,18.8889,0.0802,87,
5702745096,18.8889,0.0802,87,
5702845457,18.8889,0.0802,87,
5702948501,18.8889,0.0802,90,
5703047795,18.6111,0.0804,88,
5703148139,18.6111,0.0804,88,
5703248368,18.6111,0.0804,88,
5703348324,18.6111,0.0803,87,
5703449135,18.6111,0.0802,88,
5703548574,18.6111,0.0802,86,
5703648612,18.6111,0.0802,86,
5703749489,18.6111,0.0802,86,
5703848241,18.6111,0.0802,85,
5703950987,18.6111,0.0802,86,
5704055223,18.6111,0.0802,89,
5704154863,18.8889,0.0803,88,
5704256957,18.6111,0.0802,90,
5704356564,18.6111,0.0802,89,
5704459728,18.6111,0.0802,90,
5704556523,18.6111,0.0802,86,
5704658708,18.6111,0.0802,88,
5704757098,18.6111,0.0802,87,
5704858938,18.6111,0.0802,88,
5704959632,18.6111,0.0802,86,
5705058472,18.6111,0.0802,85,
5705159743,18.6111,0.0802,86,
5705264093,18.6111,0.0802,88,
5705362886,18.6111,0.0802,87,
5705466006,18.6111,0.0802,88,
5705564862,18.6111,0.0802,87,
5705667568,18.6111,0.0802,89,
5705767490,18.6111,0.0802,89,
5705867979,18.6111,0.0802,89,
5705968379,18.6111,0.0802,89,
5706068763,18.6111,0.0802,87,
5706169749,18.6111,0.0802,87,
5706268629,18.6111,0.0802,87,
5706369743,18.6111,0.0802,86,
5706469905,18.6111,0.0802,86,
5706570432,18.6111,0.0802,85,
5706673101,18.6111,0.0802,87,
5706775853,18.6111,0.0802,89,
5706876251,18.6111,0.0802,88,
5706976469,18.6111,0.0802,87,
5707077495,18.6111,0.0802,88,
5707177616,18.6111,0.0802,88,
5707278698,18.6111,0.0802,89,
5707377534,18.6111,0.0802,87,
5707476941,18.6111,0.0802,85,
5707579166,18.6111,0.0802,87,
5707677306,18.6111,0.0802,85,
5707780017,18.6111,0.0802,86,
5707880292,18.6111,0.0802,86,
5707978984,18.6111,0.0802,84,
5708079506,18.6111,0.0802,84,
5708180355,18.6111,0.0802,85,
5708283157,18.6111,0.0802,87,
5708383607,18.6111,0.0802,88,
5708484137,18.6111,0.0802,87,
5708587460,18.6111,0.0802,90,
5708687030,18.6111,0.0802,89,
5708788983,18.6111,0.0802,90,
5708888188,18.6111,0.0802,89,
5708991174,18.6111,0.0802,92,
5709088529,18.6111,0.0802,88,
5709186900,18.6111,0.0802,87,
5709287697,18.6111,0.0802,86,
5709392965,18.6111,0.0802,92,
5709488744,18.6111,0.0802,86,
5709594425,18.6111,0.0802,91,
5709689818,18.6111,0.0802,85,
5709795926,18.6111,0.0802,91,
5709892031,18.6111,0.0802,86,
5709995918,18.6111,0.0802,91,
5710091168,18.6111,0.0802,86,
5710196573,18.6111,0.0802,89,
5710296611,18.6111,0.0802,89,
5710395476,18.6111,0.0802,88,
5710497437,18.6111,0.0802,89,
5710596526,18.6111,0.0802,87,
5710696267,18.6111,0.0802,86,
5710797422,18.6111,0.0802,86,
5710898673,18.6111,0.0802,86,
5711002740,18.6111,0.0802,89,
5711099411,18.6111,0.0802,86,
5711202392,18.6111,0.0802,89,
5711299161,18.6111,0.0802,86,
5711402648,18.6111,0.0802,88,
5711505414,18.6111,0.0802,89,
5711604074,18.6111,0.0802,88,
5711703388,18.6111,0.0802,86,
5711807804,18.6111,0.0802,89,
5711908670,18.6111,0.0802,91,
5712007678,18.6111,0.0802,88,
5712109052,18.6111,0.0802,89,
5712209038,18.6111,0.0802,89,
5712310115,18.6111,0.0802,88,
5712410403,18.6111,0.0802,88,
5712509978,18.6111,0.0802,87,
5712610399,18.6111,0.0802,86,
5712710199,18.6111,0.0802,85,
5712811130,18.6111,0.0802,85,
5712914561,18.6111,0.0802,89,
5713014658,18.6111,0.0802,87,
5713115044,18.6111,0.0802,88,
5713216891,18.6111,0.0802,88,
5713317116,18.6111,0.0802,88,
5713416724,18.6111,0.0802,86,
5713518721,18.6111,0.0802,88,
5713617648,18.6111,0.0802,86,
5713718189,18.6111,0.0802,87,
5713817026,18.6111,0.0802,85,
5713918109,18.6111,0.0802,85,
5714019538,18.6111,0.0802,85,
5714118517,18.6111,0.0802,84,
5714225232,18.6111,0.0802,89,
5714325470,18.6111,0.0802,88,
5714426363,18.6111,0.0802,88,
5714527024,18.6111,0.0802,86,
5714628124,18.6111,0.0802,86,
5714727451,18.6111,0.0802,86,
5714829955,18.6111,0.0802,88,
5714928032,18.6111,0.0802,85,
5715029211,18.6111,0.0802,87,
5715130811,18.6111,0.0802,87,
5715228211,18.6111,0.0802,84,
5715330988,18.6111,0.0802,86,
5715430324,18.6111,0.0802,85,
5715539894,18.6111,0.0802,93,
5715635200,18.6111,0.0802,88,
5715742516,18.6111,0.0802,94,
5715835913,18.6111,0.0802,87,
5715942690,18.6111,0.0802,93,
5716036350,18.6111,0.0802,86,
5716137522,18.6111,0.0802,87,
5716237621,18.6111,0.0802,86,
5716336835,18.6111,0.0802,85,
5716438218,18.6111,0.0802,86,
5716538019,18.6111,0.0802,85,
5716639922,18.6111,0.0802,87,
5716737976,18.6111,0.0802,84,
5716838560,18.6111,0.0802,84,
5716939336,18.6111,0.0802,84,
5717038863,18.6111,0.0802,84,
5717141068,18.6111,0.0802,85,
5717244121,18.6111,0.0802,88,
5717350157,18.8889,0.0813,94,
5717444431,18.6111,0.0802,88,
5717551835,18.6111,0.0802,94,
5717645638,18.6111,0.0802,87,
5717752420,18.6111,0.0812,93,
5717845869,18.6111,0.0802,87,
5717946091,18.6111,0.0802,86,
5718047512,18.6111,0.0802,87,
5718146604,18.8889,0.0802,86,
5718250045,18.6111,0.0802,88,
5718356127,18.6111,0.0802,93,
5718448255,18.6111,0.0802,84,
5718549767,18.6111,0.0802,85,
5718653579,18.8889,0.0804,88,
5718757898,18.8889,0.0809,91,
5718853768,18.8889,0.0804,88,
5718957754,18.8889,0.0807,91,
5719055039,18.8889,0.0802,88,
5719159248,18.8889,0.0802,91,
5719255032,18.8889,0.0802,87,
5719360706,18.8889,0.0802,91,
5719456823,18.6111,0.0804,87,
5719560475,18.6111,0.0809,92,
5719657905,18.6111,0.0803,87,
5719761687,18.8889,0.0802,92,
5719857713,18.8889,0.0803,86,
5719962221,18.8889,0.0809,92,
5720058714,18.8889,0.0803,87,
5720163180,18.8889,0.0802,91,
5720257379,18.8889,0.0802,85,
5720363235,18.8889,0.0802,90,
5720459369,18.8889,0.0802,85,
5720565638,18.6111,0.0807,90,
5720659625,18.8889,0.0802,83,
5720759039,18.6111,0.0802,83,
5720859636,18.8889,0.0802,84,
5720966703,18.8889,0.0807,89,
5721066500,18.8889,0.0802,89,
5721167625,18.8889,0.0806,89,
5721265937,18.6111,0.0805,88,
5721368577,18.6111,0.0807,89,
5721466740,18.6111,0.0804,88,
5721569364,18.6111,0.0806,89,
5721666679,18.6111,0.0802,85,
5721770988,18.6111,0.0802,88,
5721866022,18.6111,0.0802,84,
5721971013,18.6111,0.0802,88,
5722068218,18.6111,0.0802,85,
5722173702,18.6111,0.0802,89,
5722268868,18.6111,0.0802,84,
5722373626,18.6111,0.0802,88,
5722473945,18.6111,0.0802,88,
5722574207,18.6111,0.0802,88,
5722674976,18.6111,0.0802,88,
5722776625,18.6111,0.0802,88,
5722874761,18.6111,0.0802,87,
5722976418,18.6111,0.0802,87,
5723077400,18.6111,0.0802,87,
5723176752,18.6111,0.0802,87,
5723277431,18.6111,0.0802,87,
5723378449,18.6111,0.0802,88,
5723475359,18.6111,0.0802,84,
5723579851,18.6111,0.0802,87,
5723676939,18.6111,0.0802,84,
5723780401,18.6111,0.0802,87,
5723882442,18.6111,0.0802,88,
5723983004,18.6111,0.0802,86,
5724084434,18.6111,0.0802,86,
5724186395,18.6111,0.0802,87,
5724285970,18.6111,0.0802,86,
5724384728,18.6111,0.0802,85,
5724485679,18.6111,0.0802,86,
5724585949,18.6111,0.0802,85,
5724688082,18.6111,0.0802,87,
5724787348,18.6111,0.0802,85,
5724887965,18.6111,0.0802,86,
5724987442,18.6111,0.0802,85,
5725087613,18.6111,0.0802,84,
5725188700,18.6111,0.0802,85,
5725287133,18.6111,0.0802,84,
5725388314,18.6111,0.0802,85,
5725488817,18.6111,0.0802,83,
5725588891,18.6111,0.0802,84,
5725688351,18.6111,0.0802,83,
5725796726,18.6111,0.0802,89,
5725894290,18.6111,0.0802,87,
5725995858,18.6111,0.0802,89,
5726095321,18.6111,0.0802,87,
5726195400,18.6111,0.0802,87,
5726296707,18.6111,0.0802,87,
5726397085,18.6111,0.0802,86,
5726498238,18.6111,0.0802,87,
5726596922,18.6111,0.0802,84,
5726698185,18.6111,0.0802,86,
5726797915,18.6111,0.0802,84,
5726898483,18.6111,0.0802,84,
5726999050,18.6111,0.0802,85,
5727098603,18.6111,0.0802,84,
5727198603,18.6111,0.0802,84,
5727299062,18.6111,0.0802,84,
5727397632,18.6111,0.0802,82,
5727500417,18.6111,0.0802,84,
5727605277,18.6111,0.0802,88,
5727704543,18.6111,0.0802,87,
5727804256,18.6111,0.0802,86,
5727906761,18.6111,0.0802,88,
5728005027,18.6111,0.0802,86,
5728107834,18.6111,0.0802,87,
5728206830,18.6111,0.0802,86,
5728307698,18.6111,0.0802,86,
5728406903,18.6111,0.0802,86,
5728507866,18.6111,0.0802,84,
5728608822,18.6111,0.0802,86,
5728707473,18.6111,0.0802,85,
5728808117,18.6111,0.0802,86,
5728906719,18.6111,0.0802,84,
5729007760,18.6111,0.0802,84,
5729113341,18.6111,0.0802,88,
5729208295,18.6111,0.0802,84,
5729311093,18.6111,0.0802,86,
5729414665,18.6111,0.0802,89,
5729510744,18.6111,0.0802,84,
5729614009,18.6111,0.0802,86,
5729714960,18.6111,0.0802,87,
5729815684,18.6111,0.0802,87,
5729916552,18.6111,0.0802,87,
5730015891,18.6111,0.0802,86,
5730115674,18.6111,0.0802,87,
5730217242,18.6111,0.0802,87,
5730317671,18.6111,0.0802,86,
5730417634,18.6111,0.0802,86,
5730517255,18.6111,0.0802,86,
5730616851,18.6111,0.0802,85,
5730717975,18.6111,0.0802,86,
5730816951,18.6111,0.0802,84,
5730920387,18.6111,0.0802,88,
5731018512,18.6111,0.0802,85,
5731119040,18.6111,0.0802,85,
5731219662,18.6111,0.0802,84,
5731318352,18.6111,0.0802,83,
5731419670,18.6111,0.0802,84,
5731519111,18.6111,0.0802,83,
5731623713,18.6111,0.0802,88,
5731723176,18.6111,0.0802,86,
5731824844,18.6111,0.0802,88,
5731924620,18.6111,0.0802,87,
5732025119,18.6111,0.0802,88,
5732125313,18.6111,0.0802,88,
5732225515,18.6111,0.0802,88,
5732326185,18.6111,0.0802,88,
5732424669,18.6111,0.0802,86,
5732525829,18.6111,0.0802,87,
5732626768,18.6111,0.0802,86,
5732727694,18.6111,0.0802,86,
5732826656,18.6111,0.0802,86,
5732929640,18.6111,0.0802,87,
5733028855,18.6111,0.0802,86,
5733127758,18.6111,0.0802,84,
5733229152,18.6111,0.0802,85,
5733328550,18.6111,0.0802,84,
5733428493,18.6111,0.0802,85,
5733528597,18.6111,0.0802,84,
5733628667,18.6111,0.0802,83,
5733729903,18.6111,0.0802,84,
5733830283,18.6111,0.0802,84,
5733934114,18.3333,0.0806,88,
5734034363,18.3333,0.0805,87,
5734136064,18.6111,0.0802,89,
5734233876,18.3333,0.0804,86,
5734337194,18.3333,0.0802,88,
5734435964,18.3333,0.0802,86,
5734537202,18.3333,0.0806,88,
5734637676,18.3333,0.0802,87,
5734736611,18.3333,0.0802,84,
5734837970,18.3333,0.0802,84,
5734937251,18.3333,0.0802,84,
5735038959,18.3333,0.0802,85,
5735138763,18.3333,0.0802,84,
5735238456,18.3333,0.0802,84,
5735338496,18.3333,0.0802,84,
5735438651,18.3333,0.0802,83,
5735539326,18.3333,0.0802,84,
5735642330,18.3333,0.0802,86,
5735745439,18.3333,0.0802,88,
5735846127,18.3333,0.0802,87,
5735945775,18.3333,0.0802,87,
5736046234,18.3333,0.0802,86,
5736147474,18.3333,0.0802,87,
5736247556,18.3333,0.0802,86,
5736347906,18.3333,0.0802,86,
5736448991,18.3333,0.0802,85,
5736547046,18.3333,0.0802,84,
5736648475,18.3333,0.0802,86,
5736748005,18.3333,0.0802,84,
5736850414,18.3333,0.0802,85,
5736954791,18.3333,0.0802,88,
5737055184,18.3333,0.0802,89,
5737154069,18.3333,0.0802,87,
5737255436,18.3333,0.0802,88,
5737354950,18.3333,0.0802,87,
5737453146,18.3333,0.0802,86,
5737555998,18.3333,0.0802,87,
5737655756,18.3333,0.0802,86,
5737756831,18.3333,0.0802,88,
5737856115,18.3333,0.0802,86,
5737958330,18.3333,0.0802,88,
5738057509,18.3333,0.0802,86,
5738155906,18.3333,0.0802,85,
5738259229,18.3333,0.0802,87,
5738357066,18.3333,0.0802,84,
5738458377,18.3333,0.0802,86,
5738558154,18.3333,0.0802,84,
5738657571,18.3333,0.0802,83,
5738759874,18.3333,0.0802,84,
5738857405,18.3333,0.0802,83,
5738960118,18.3333,0.0802,84,
5739062388,18.3333,0.0802,86,
5739166054,18.3333,0.0802,88,
5739263201,18.3333,0.0802,86,
5739366571,18.3333,0.0802,88,
5739465641,18.3333,0.0802,87,
5739568019,18.3333,0.0802,87,
5739669140,18.0556,0.0805,88,
5739768320,18.0556,0.0804,86,
5739867442,18.3333,0.0802,85,
5739968041,18.0556,0.0802,85,
5740069657,18.0556,0.0802,85,
5740167580,18.0556,0.0802,83,
5740273387,18.0556,0.0804,87,
5740374290,18.0556,0.0802,88,
5740475554,18.0556,0.0802,88,
5740576433,18.0556,0.0802,89,
5740672093,18.0556,0.0802,86,
5740775030,18.0556,0.0802,87,
5740876306,18.0556,0.0802,89,
5740975374,18.0556,0.0802,87,
5741078228,18.0556,0.0802,88,
5741176204,18.0556,0.0802,86,
5741276920,18.0556,0.0802,85,
5741377273,18.0556,0.0802,86,
5741476742,18.0556,0.0802,85,
5741587485,18.0556,0.0802,85,
5741689987,18.0556,0.0802,86,
5741789443,18.0556,0.0802,85,
5741889344,18.0556,0.0802,83,
5741994619,18.0556,0.0802,89,
5742095858,18.0556,0.0802,88,
5742196765,18.0556,0.0802,89,
5742296073,18.0556,0.0802,88,
5742396817,18.0556,0.0802,88,
5742496465,18.0556,0.0802,88,
5742596429,18.0556,0.0802,88,
5742695983,18.0556,0.0802,87,
5742798088,17.7778,0.0805,88,
5742896761,17.7778,0.0803,86,
5742997138,17.7778,0.0804,87,
5743098006,17.7778,0.0804,87,
5743197466,17.7778,0.0802,85,
5743302562,17.7778,0.0802,90,
5743399462,17.7778,0.0802,86,
5743504852,17.7778,0.0802,91,
5743599831,17.7778,0.0802,86,
5743704828,17.7778,0.0802,90,
5743797963,17.7778,0.0802,83,
5743904725,17.7778,0.0802,88,
5744002012,17.7778,0.0802,86,
5744104452,17.7778,0.0802,88,
5744206767,17.7778,0.0802,89,
5744310722,17.7778,0.0802,92,
5744406237,17.7778,0.0802,87,
5744509436,17.7778,0.0802,91,
5744605162,17.7778,0.0802,86,
5744711776,17.7778,0.0802,91,
5744806875,17.7778,0.0802,85,
5744912342,17.7778,0.0802,90,
5745008656,17.7778,0.0802,86,
5745113065,17.7778,0.0802,91,
5745208379,17.5000,0.0803,85,
5745313325,17.5000,0.0809,91,
5745412558,17.5000,0.0807,90,
5745511851,17.5000,0.0806,89,
5745610958,17.5000,0.0802,87,
5745713614,17.5000,0.0802,88,
5745809063,17.5000,0.0802,84,
5745915978,17.5000,0.0802,91,
5746012018,17.5000,0.0802,87,
5746114691,17.5000,0.0802,88,
5746214525,17.5000,0.0802,88,
5746315573,17.5000,0.0802,88,
5746415589,17.5000,0.0802,88,
5746515059,17.5000,0.0802,89,
5746614821,17.5000,0.0802,88,
5746713710,17.5000,0.0802,87,
5746816056,17.5000,0.0802,87,
5746915156,17.5000,0.0802,86,
5747016468,17.5000,0.0802,87,
5747116378,17.5000,0.0802,87,
5747215289,17.5000,0.0802,85,
5747317091,17.5000,0.0802,86,
5747417598,17.5000,0.0802,87,
5747523111,17.5000,0.0802,91,
5747616997,17.5000,0.0802,85,
5747724211,17.5000,0.0802,91,
5747819990,17.5000,0.0802,86,
5747924638,17.5000,0.0802,90,
5748019143,17.5000,0.0802,84,
5748124250,17.5000,0.0802,89,
5748219515,17.5000,0.0802,85,
5748326422,17.5000,0.0802,90,
5748422162,17.5000,0.0802,87,
5748525431,17.5000,0.0802,89,
5748623815,17.2222,0.0805,88,
5748725183,17.5000,0.0802,87,
5748826514,17.5000,0.0802,88,
5748926445,17.5000,0.0802,87,
5749026058,17.2222,0.0802,87,
5749127293,17.2222,0.0804,87,
5749226703,17.2222,0.0803,86,
5749328491,17.2222,0.0804,87,
5749426854,17.2222,0.0802,87,
5749529134,17.2222,0.0802,88,
5749627645,17.2222,0.0802,86,
5749728803,17.2222,0.0802,87,
5749829121,17.2222,0.0802,87,
5749930298,17.2222,0.0802,89,
5750028994,17.2222,0.0802,86,
5750127964,17.2222,0.0802,86,
5750227489,17.2222,0.0802,84,
5750332735,17.2222,0.0802,90,
5750427714,17.2222,0.0802,84,
5750530700,17.2222,0.0802,86,
5750628555,17.2222,0.0802,85,
5750732669,17.2222,0.0802,87,
5750833676,17.2222,0.0802,89,
5750936013,17.2222,0.0802,90,
5751032750,17.2222,0.0802,88,
5751136233,17.2222,0.0802,90,
5751232623,17.2222,0.0802,87,
5751334702,17.2222,0.0802,87,
5751434246,17.2222,0.0802,86,
5751534805,17.2222,0.0802,87,
5751636798,17.2222,0.0802,88,
5751735926,17.2222,0.0802,86,
5751837783,17.2222,0.0802,88,
5751937922,17.2222,0.0802,87,
5752036527,17.2222,0.0802,85,
5752140364,17.2222,0.0802,87,
5752238360,17.2222,0.0802,86,
5752340279,17.2222,0.0802,86,
5752438726,17.2222,0.0802,84,
5752540317,17.2222,0.0802,86,
5752644037,16.9444,0.0806,89,
5752743014,16.9444,0.0805,88,
5752842782,16.9444,0.0803,86,
5752944017,16.9444,0.0805,88,
5753043567,16.9444,0.0802,86,
5753144796,16.9444,0.0802,88,
5753246141,17.2222,0.0805,88,
5753345969,16.9444,0.0802,86,
5753448048,16.9444,0.0802,88,
5753547097,16.9444,0.0802,86,
5753647224,16.9444,0.0804,87,
5753748024,16.9444,0.0802,87,
5753847297,16.9444,0.0802,85,
5753949086,16.9444,0.0802,87,
5754047318,16.9444,0.0802,86,
5754151398,16.9444,0.0802,87,
5754253536,16.9444,0.0802,89,
5754352699,16.9444,0.0802,87,
5754451640,16.9444,0.0802,87,
5754552572,16.9444,0.0802,87,
5754652495,16.9444,0.0802,87,
5754754576,16.9444,0.0802,89,
5754853421,16.9444,0.0802,86,
5754955912,16.9444,0.0802,88,
5755063813,16.9444,0.0802,95,
5755154890,16.9444,0.0802,87,
5755257160,16.9444,0.0802,89,
5755356425,16.9444,0.0802,88,
5755456875,16.9444,0.0802,86,
5755557870,16.9444,0.0802,86,
5755658181,16.9444,0.0802,86,
5755759969,16.9444,0.0802,87,
5755859291,16.9444,0.0802,86,
5755960060,16.9444,0.0802,86,
5756061612,16.9444,0.0802,87,
5756162853,16.9444,0.0802,89,
5756262401,16.9444,0.0802,87,
5756363760,16.9444,0.0802,88,
5756463594,16.9444,0.0802,88,
5756566071,16.9444,0.0802,90,
5756663998,16.9444,0.0802,88,
5756762847,16.9444,0.0802,86,
5756865120,16.9444,0.0802,87,
5756963577,16.9444,0.0802,86,
5757065041,16.9444,0.0802,87,
5757166572,16.9444,0.0802,89,
5757265744,16.9444,0.0802,87,
5757366601,16.9444,0.0802,88,
5757466476,16.9444,0.0802,87,
5757568250,16.9444,0.0802,87,
5757666868,16.9444,0.0802,86,
5757767232,16.9444,0.0802,85,
5757867894,16.9444,0.0802,85,
5757967698,16.9444,0.0802,85,
5758069968,16.6667,0.0802,86,
5758172962,16.6667,0.0804,88,
5758271951,16.6667,0.0803,87,
5758371505,16.6667,0.0802,86,
5758473214,16.6667,0.0802,88,
5758573319,16.6667,0.0802,87,
5758674871,16.6667,0.0802,88,
5758772739,16.6667,0.0802,86,
5758875703,16.6667,0.0802,87,
5758977366,16.6667,0.0802,88,
5759077091,16.6667,0.0802,88,
5759177418,16.6667,0.0802,87,
5759276304,16.6667,0.0802,86,
5759378117,16.6667,0.0802,87,
5759478399,16.6667,0.0802,87,
5759577172,16.6667,0.0802,86,
5759677441,16.6667,0.0802,86,
5759777017,16.6667,0.0802,85,
5759878516,16.6667,0.0802,86,
5759978839,16.6667,0.0802,85,
5760081844,16.6667,0.0802,87,
5760181413,16.6667,0.0802,86,
5760284591,16.6667,0.0802,88,
5760382611,16.6667,0.0802,86,
5760492201,16.6667,0.0802,94,
5760586623,16.6667,0.0802,88,
5760685161,16.6667,0.0802,87,
5760787458,16.6667,0.0802,88,
5760887398,16.6667,0.0802,87,
5760988163,16.6667,0.0802,88,
5761087885,16.6667,0.0802,86,
5761187534,16.6667,0.0802,85,
5761288668,16.6667,0.0802,86,
5761388091,16.6667,0.0802,85,
5761488537,16.6667,0.0802,87,
5761588291,16.6667,0.0802,85,
5761695389,16.6667,0.0802,91,
5761790843,16.6667,0.0802,87,
5761888890,16.6667,0.0802,84,
5761992541,16.6667,0.0802,88,
5762097910,16.6667,0.0802,93,
5762193364,16.6667,0.0802,87,
5762297827,16.6667,0.0802,92,
5762392639,16.6667,0.0802,86,
5762498418,16.6667,0.0802,91,
5762594307,16.3889,0.0802,86,
5762700275,16.6667,0.0802,91,
5762797923,16.6667,0.0802,89,
5762900854,16.6667,0.0802,91,
5762996885,16.3889,0.0802,87,
5763102319,16.6667,0.0802,91,
5763197622,16.3889,0.0802,86,
5763302043,16.6667,0.0802,90,
5763398575,16.3889,0.0802,86,
5763503170,16.3889,0.0806,90,
5763602938,16.3889,0.0802,88,
5763705287,16.3889,0.0806,90,
5763804268,16.3889,0.0802,88,
5763905503,16.3889,0.0802,88,
5764006517,16.3889,0.0802,88,
5764105698,16.3889,0.0802,88,
5764204447,16.3889,0.0802,87,
5764307009,16.3889,0.0802,88,
5764408587,16.3889,0.0802,89,
5764507174,16.3889,0.0802,87,
5764606158,16.3889,0.0802,86,
5764708107,16.3889,0.0802,88,
5764807804,16.3889,0.0802,86,
5764907994,16.3889,0.0802,87,
5765007074,16.3889,0.0802,85,
5765109290,16.3889,0.0802,88,
5765208153,16.3889,0.0802,86,
5765311076,16.3889,0.0802,88,
5765408906,16.3889,0.0802,86,
5765512758,16.3889,0.0802,89,
5765612550,16.3889,0.0802,88,
5765711477,16.3889,0.0802,86,
5765813563,16.3889,0.0802,87,
5765912341,16.3889,0.0802,87,
5766014670,16.3889,0.0802,87,
5766113174,16.3889,0.0802,86,
5766212716,16.3889,0.0802,86,
5766314246,16.3889,0.0802,87,
5766416431,16.3889,0.0802,87,
5766517776,16.3889,0.0802,89,
5766617241,16.3889,0.0802,86,
5766717775,16.3889,0.0802,87,
5766817029,16.3889,0.0802,86,
5766915968,16.3889,0.0802,84,
5767017264,16.3889,0.0802,87,
5767117094,16.3889,0.0802,86,
5767218573,16.3889,0.0802,87,
5767317804,16.3889,0.0802,86,
5767420615,16.3889,0.0802,88,
5767520455,16.3889,0.0802,88,
5767623169,16.3889,0.0802,89,
5767721748,16.3889,0.0802,88,
5767822949,16.3889,0.0802,88,
5767922622,16.3889,0.0802,86,
5768023208,16.3889,0.0802,86,
5768125135,16.3889,0.0802,87,
5768223314,16.3889,0.0802,86,
5768326744,16.3889,0.0802,89,
5768425976,16.3889,0.0802,86,
5768526986,16.3889,0.0802,87,
5768627993,16.3889,0.0802,87,
5768729167,16.3889,0.0802,89,
5768828289,16.3889,0.0802,86,
5768926922,16.3889,0.0802,85,
5769028682,16.3889,0.0802,87,
5769131122,16.3889,0.0802,87,
5769231963,16.3889,0.0802,89,
5769331011,16.3889,0.0802,87,
5769432693,16.3889,0.0802,88,
5769532677,16.3889,0.0802,88,
5769631846,16.3889,0.0802,85,
5769733391,16.3889,0.0802,86,
5769833447,16.3889,0.0802,86,
5769934185,16.6667,0.0803,87,
5770032712,16.6667,0.0802,86,
5770136321,16.6667,0.0804,89,
5770237634,16.6667,0.0805,90,
5770337970,16.6667,0.0802,87,
5770437644,16.6667,0.0802,87,
5770538698,16.6667,0.0802,87,
5770640821,16.6667,0.0802,89,
5770740215,16.6667,0.0802,87,
5770841505,16.6667,0.0802,87,
5770941459,16.6667,0.0802,87,
5771041446,16.6667,0.0802,87,
5771142362,16.9444,0.0802,86,
5771241424,16.9444,0.0802,86,
5771342877,16.9444,0.0802,86,
5771441828,16.9444,0.0802,84,
5771546522,16.9444,0.0802,89,
5771645437,16.9444,0.0802,87,
5771747329,16.9444,0.0802,88,
5771845394,16.9444,0.0802,86,
5771948107,16.9444,0.0802,88,
5772047351,16.9444,0.0802,85,
5772147632,16.9444,0.0802,86,
5772251314,17.2222,0.0803,87,
5772349933,17.2222,0.0802,86,
5772451295,17.2222,0.0803,88,
5772551433,17.2222,0.0802,86,
5772652383,17.2222,0.0802,88,
5772750974,17.2222,0.0802,86,
5772851968,17.2222,0.0802,86,
5772953741,17.2222,0.0802,87,
5773053094,17.2222,0.0802,86,
5773153133,17.2222,0.0802,86,
5773254924,17.2222,0.0802,86,
5773356608,17.2222,0.0802,88,
5773458516,17.5000,0.0804,88,
5773558682,17.5000,0.0804,89,
5773657182,17.5000,0.0802,86,
5773759466,17.5000,0.0803,87,
5773859673,17.5000,0.0802,87,
5773959636,17.2222,0.0803,87,
5774061540,17.5000,0.0802,87,
5774159962,17.5000,0.0802,86,
5774262025,17.5000,0.0802,88,
5774360958,17.5000,0.0802,86,
5774463020,17.5000,0.0802,88,
5774561881,17.5000,0.0802,85,
5774661776,17.5000,0.0802,85,
5774764195,17.5000,0.0802,86,
5774861318,17.5000,0.0802,84,
5774967126,17.5000,0.0802,89,
5775068205,17.5000,0.0802,89,
5775167330,17.5000,0.0802,89,
5775268325,17.5000,0.0802,89,
5775367798,17.5000,0.0802,88,
5775468446,17.5000,0.0802,87,
5775568392,17.5000,0.0802,87,
5775670059,17.5000,0.0802,87,
5775773652,17.5000,0.0802,91,
5775870895,17.5000,0.0802,87,
5775970787,17.5000,0.0802,86,
5776073361,17.5000,0.0802,87,
5776176895,17.5000,0.0802,90,
5776271374,17.5000,0.0802,85,
5776372445,17.5000,0.0802,85,
5776476198,17.5000,0.0802,88,
5776574229,17.5000,0.0802,87,
5776677424,17.5000,0.0802,87,
5776777039,17.7778,0.0803,87,
5776879987,17.5000,0.0802,88,
5776978231,17.7778,0.0803,86,
5777075987,17.7778,0.0802,85,
5777178620,17.7778,0.0802,87,
5777280311,17.7778,0.0803,87,
5777380075,17.7778,0.0802,86,
5777481595,17.7778,0.0802,88,
5777581298,17.7778,0.0802,86,
5777682042,17.7778,0.0802,88,
5777782941,17.7778,0.0802,86,
5777880902,17.7778,0.0802,84,
5777986790,17.7778,0.0802,90,
5778086405,17.7778,0.0802,89,
5778185950,17.7778,0.0802,88,
5778287675,18.0556,0.0805,89,
5778385368,18.0556,0.0803,87,
5778487333,18.0556,0.0804,89,
5778587752,18.0556,0.0804,89,
5778686494,18.0556,0.0802,86,
5778787336,18.0556,0.0802,87,
5778890250,18.0556,0.0802,88,
5778991426,18.0556,0.0802,89,
5779090892,18.0556,0.0802,87,
5779189461,18.0556,0.0802,86,
5779291659,18.0556,0.0802,88,
5779391465,18.0556,0.0802,88,
5779489998,18.0556,0.0802,86,
5779591029,18.0556,0.0802,87,
5779690999,18.0556,0.0802,86,
5779791876,18.0556,0.0802,86,
5779890578,18.0556,0.0802,86,
5779990508,18.3333,0.0802,85,
5780092371,18.3333,0.0803,87,
5780191151,18.3333,0.0802,85,
5780292348,18.3333,0.0803,87,
5780391855,18.3333,0.0802,85,
5780493024,18.3333,0.0802,86,
5780591590,18.3333,0.0802,85,
5780691074,18.3333,0.0802,84,
5780792365,18.3333,0.0802,86,
5780892134,18.3333,0.0802,84,
5780993384,18.3333,0.0802,86,
5781093917,18.3333,0.0802,85,
5781196027,18.3333,0.0802,87,
5781297644,18.3333,0.0802,88,
5781397258,18.3333,0.0802,87,
5781499144,18.6111,0.0804,89,
5781598114,18.6111,0.0803,87,
5781697908,18.6111,0.0802,86,
5781799577,18.6111,0.0803,87,
5781900027,18.6111,0.0802,87,
5782000766,18.6111,0.0802,88,
5782102047,18.6111,0.0802,88,
5782201687,18.6111,0.0802,87,
5782301242,18.6111,0.0802,86,
5782401616,18.6111,0.0802,86,
5782501863,18.6111,0.0802,86,
5782603436,18.6111,0.0802,87,
5782701812,18.6111,0.0802,86,
5782800459,18.6111,0.0802,84,
5782901889,18.6111,0.0802,85,
5783005997,18.8889,0.0804,88,
5783107969,18.8889,0.0806,89,
5783206870,18.8889,0.0804,88,
5783306662,18.8889,0.0803,86,
5783408065,18.8889,0.0802,88,
5783507018,18.8889,0.0802,87,
5783608018,18.8889,0.0802,87,
5783707970,18.8889,0.0802,86,
5783808238,18.8889,0.0802,87,
5783907754,18.8889,0.0802,86,
5784009496,18.8889,0.0802,87,
5784109536,18.8889,0.0802,87,
5784210665,18.8889,0.0802,87,
5784310504,18.8889,0.0802,86,
5784412121,18.8889,0.0802,87,
5784511382,18.8889,0.0802,87,
5784610776,18.8889,0.0802,86,
5784710936,18.8889,0.0802,85,
5784810818,18.8889,0.0802,85,
5784913318,18.8889,0.0802,87,
5785016010,19.1667,0.0804,88,
5785116239,19.1667,0.0803,87,
5785217827,19.1667,0.0804,88,
5785317684,19.1667,0.0803,87,
5785419488,19.1667,0.0802,88,
5785520511,19.1667,0.0802,88,
5785619941,19.1667,0.0802,87,
5785721651,19.1667,0.0802,88,
5785820258,19.1667,0.0802,87,
