# t_us, lat_deg, lon_deg, h_m, cov_pos_ned nn,ne,nd,ee,ed,dd [m^2], vn, ve, vd [m/s], cov_vel_ned nn,ne,nd,ee,ed,dd [(m/s)^2], vel_ok
# Crazyflie stateEstimate position (flow/UWB deck) as position-only fixes
2019445000,49.8727955860,8.6511834809,143.9947,0.0025,0,0,0.0025,0,0.01,0.0000,0.0000,0.0000,0,0,0,0,0,0,0
2019545000,49.8727955860,8.6511834673,143.9971,0.0025,0,0,0.0025,0,0.01,0.0000,0.0000,0.0000,0,0,0,0,0,0,0
2019645000,49.8727955882,8.6511834809,143.9981,0.0025,0,0,0.0025,0,0.01,0.0000,0.0000,0.0000,0,0,0,0,0,0,0
2019745000,49.8727955904,8.6511834809,144.0010,0.0025,0,0,0.0025,0,0.01,0.0000,0.0000,0.0000,0,0,0,0,0,0,0
2019845000,49.8727955860,8.6511835080,143.9951,0.0025,0,0,0.0025,0,0.01,0.0000,0.0000,0.0000,0,0,0,0,0,0,0
2019945000,49.8727955750,8.6511835352,143.9882,0.0025,0,0,0.0025,0,0.01,0.0000,0.0000,0.0000,0,0,0,0,0,0,0
2020047000,49.8727955772,8.6511835080,143.9878,0.0025,0,0,0.0025,0,0.01,0.0000,0.0000,0.0000,0,0,0,0,0,0,0
2020145000,49.8727955509,8.6511835352,143.9947,0.0025,0,0,0.0025,0,0.01,0.0000,0.0000,0.0000,0,0,0,0,0,0,0
2020245000,49.8727956277,8.6511835488,144.0096,0.0025,0,0,0.0025,0,0.01,0.0000,0.0000,0.0000,0,0,0,0,0,0,0
2020345000,49.8727956584,8.6511835624,144.0173,0.0025,0,0,0.0025,0,0.01,0.0000,0.0000,0.0000,0,0,0,0,0,0,0
2020445000,49.8727955904,8.6511836031,144.0043,0.0025,0,0,0.0025,0,0.01,0.0000,0.0000,0.0000,0,0,0,0,0,0,0
2020545000,49.8727955860,8.6511835216,143.9970,0.0025,0,0,0.0025,0,0.01,0.0000,0.0000,0.0000,0,0,0,0,0,0,0
2020645000,49.8727955377,8.6511835352,143.9967,0.0025,0,0,0.0025,0,0.01,0.0000,0.0000,0.0000,0,0,0,0,0,0,0
2020745000,49.8727956057,8.6511835216,144.0097,0.0025,0,0,0.0025,0,0.01,0.0000,0.0000,0.0000,0,0,0,0,0,0,0
2020845000,49.8727955926,8.6511835488,144.0058,0.0025,0,0,0.0025,0,0.01,0.0000,0.0000,0.0000,0,0,0,0,0,0,0
2020945000,49.8727956277,8.6511835624,144.0065,0.0025,0,0,0.0025,0,0.01,0.0000,0.0000,0.0000,0,0,0,0,0,0,0
2021045000,49.8727955948,8.6511835624,143.9997,0.0025,0,0,0.0025,0,0.01,0.0000,0.0000,0.0000,0,0,0,0,0,0,0
2021145000,49.8727955838,8.6511835216,143.9948,0.0025,0,0,0.0025,0,0.01,0.0000,0.0000,0.0000,0,0,0,0,0,0,0
2021245000,49.8727955816,8.6511834945,143.9933,0.0025,0,0,0.0025,0,0.01,0.0000,0.0000,0.0000,0,0,0,0,0,0,0
2021345000,49.8727956079,8.6511835624,143.9974,0.0025,0,0,0.0025,0,0.01,0.0000,0.0000,0.0000,0,0,0,0,0,0,0
2021445000,49.8727955970,8.6511835624,143.9973,0.0025,0,0,0.0025,0,0.01,0.0000,0.0000,0.0000,0,0,0,0,0,0,0
2021545000,49.8727955816,8.6511835216,143.9945,0.0025,0,0,0.0025,0,0.01,0.0000,0.0000,0.0000,0,0,0,0,0,0,0
2021645000,49.8727955816,8.6511834809,144.0038,0.0025,0,0,0.0025,0,0.01,0.0000,0.0000,0.0000,0,0,0,0,0,0,0
2021745000,49.8727955772,8.6511834945,144.0109,0.0025,0,0,0.0025,0,0.01,0.0000,0.0000,0.0000,0,0,0,0,0,0,0
2021845000,49.8727956123,8.6511835760,144.0095,0.0025,0,0,0.0025,0,0.01,0.0000,0.0000,0.0000,0,0,0,0,0,0,0
2021945000,49.8727956277,8.6511835896,144.0122,0.0025,0,0,0.0025,0,0.01,0.0000,0.0000,0.0000,0,0,0,0,0,0,0
2022045000,49.8727956452,8.6511836031,144.0140,0.0025,0,0,0.0025,0,0.01,0.0000,0.0000,0.0000,0,0,0,0,0,0,0
2022145000,49.8727955618,8.6511836167,143.9966,0.0025,0,0,0.0025,0,0.01,0.0000,0.0000,0.0000,0,0,0,0,0,0,0
2022245000,49.8727955333,8.6511836439,143.9920,0.0025,0,0,0.0025,0,0.01,0.0000,0.0000,0.0000,0,0,0,0,0,0,0
2022345000,49.8727955728,8.6511834945,143.9891,0.0025,0,0,0.0025,0,0.01,0.0000,0.0000,0.0000,0,0,0,0,0,0,0
2022445000,49.8727955662,8.6511835216,143.9932,0.0025,0,0,0.0025,0,0.01,0.0000,0.0000,0.0000,0,0,0,0,0,0,0
2022545000,49.8727955794,8.6511834809,144.0018,0.0025,0,0,0.0025,0,0.01,0.0000,0.0000,0.0000,0,0,0,0,0,0,0
2022645000,49.8727955860,8.6511834401,144.0070,0.0025,0,0,0.0025,0,0.01,0.0000,0.0000,0.0000,0,0,0,0,0,0,0
2022745000,49.8727955926,8.6511834809,144.0019,0.0025,0,0,0.0025,0,0.01,0.0000,0.0000,0.0000,0,0,0,0,0,0,0
2022846000,49.8727955860,8.6511835080,143.9934,0.0025,0,0,0.0025,0,0.01,0.0000,0.0000,0.0000,0,0,0,0,0,0,0
2022945000,49.8727956255,8.6511835760,144.0039,0.0025,0,0,0.0025,0,0.01,0.0000,0.0000,0.0000,0,0,0,0,0,0,0
2023045000,49.8727955794,8.6511835760,143.9966,0.0025,0,0,0.0025,0,0.01,0.0000,0.0000,0.0000,0,0,0,0,0,0,0
2023145000,49.8727955575,8.6511835896,143.9925,0.0025,0,0,0.0025,0,0.01,0.0000,0.0000,0.0000,0,0,0,0,0,0,0
2023245000,49.8727955355,8.6511836167,143.9893,0.0025,0,0,0.0025,0,0.01,0.0000,0.0000,0.0000,0,0,0,0,0,0,0
2023345000,49.8727955114,8.6511836575,143.9861,0.0025,0,0,0.0025,0,0.01,0.0000,0.0000,0.0000,0,0,0,0,0,0,0
2023445000,49.8727955355,8.6511836303,143.9906,0.0025,0,0,0.0025,0,0.01,0.0000,0.0000,0.0000,0,0,0,0,0,0,0
2023545000,49.8727955157,8.6511835896,143.9932,0.0025,0,0,0.0025,0,0.01,0.0000,0.0000,0.0000,0,0,0,0,0,0,0
2023645000,49.8727955443,8.6511836031,143.9932,0.0025,0,0,0.0025,0,0.01,0.0000,0.0000,0.0000,0,0,0,0,0,0,0
2023745000,49.8727955816,8.6511835216,143.9931,0.0025,0,0,0.0025,0,0.01,0.0000,0.0000,0.0000,0,0,0,0,0,0,0
2023845000,49.8727955904,8.6511834945,143.9933,0.0025,0,0,0.0025,0,0.01,0.0000,0.0000,0.0000,0,0,0,0,0,0,0
2023945000,49.8727955838,8.6511834945,144.0029,0.0025,0,0,0.0025,0,0.01,0.0000,0.0000,0.0000,0,0,0,0,0,0,0
2024048000,49.8727955882,8.6511834673,144.0078,0.0025,0,0,0.0025,0,0.01,0.0000,0.0000,0.0000,0,0,0,0,0,0,0
2024145000,49.8727955860,8.6511834945,143.9962,0.0025,0,0,0.0025,0,0.01,0.0000,0.0000,0.0000,0,0,0,0,0,0,0
2024245000,49.8727955706,8.6511835352,143.9953,0.0025,0,0,0.0025,0,0.01,0.0000,0.0000,0.0000,0,0,0,0,0,0,0
2024345000,49.8727955596,8.6511835488,143.9959,0.0025,0,0,0.0025,0,0.01,0.0000,0.0000,0.0000,0,0,0,0,0,0,0
2024445000,49.8727955750,8.6511835080,144.0055,0.0025,0,0,0.0025,0,0.01,0.0000,0.0000,0.0000,0,0,0,0,0,0,0
2024545000,49.8727955772,8.6511835216,143.9987,0.0025,0,0,0.0025,0,0.01,0.0000,0.0000,0.0000,0,0,0,0,0,0,0
2024645000,49.8727955860,8.6511835080,143.9994,0.0025,0,0,0.0025,0,0.01,0.0000,0.0000,0.0000,0,0,0,0,0,0,0
2024745000,49.8727955662,8.6511835352,143.9970,0.0025,0,0,0.0025,0,0.01,0.0000,0.0000,0.0000,0,0,0,0,0,0,0
2024845000,49.8727955553,8.6511835624,143.9944,0.0025,0,0,0.0025,0,0.01,0.0000,0.0000,0.0000,0,0,0,0,0,0,0
2024945000,49.8727955509,8.6511835896,143.9905,0.0025,0,0,0.0025,0,0.01,0.0000,0.0000,0.0000,0,0,0,0,0,0,0
2025045000,49.8727955399,8.6511836303,143.9876,0.0025,0,0,0.0025,0,0.01,0.0000,0.0000,0.0000,0,0,0,0,0,0,0
2025145000,49.8727954653,8.6511836031,143.9892,0.0025,0,0,0.0025,0,0.01,0.0000,0.0000,0.0000,0,0,0,0,0,0,0
2025245000,49.8727955311,8.6511836167,143.9936,0.0025,0,0,0.0025,0,0.01,0.0000,0.0000,0.0000,0,0,0,0,0,0,0
2025345000,49.8727955684,8.6511835352,143.9977,0.0025,0,0,0.0025,0,0.01,0.0000,0.0000,0.0000,0,0,0,0,0,0,0
2025445000,49.8727955948,8.6511834945,144.0002,0.0025,0,0,0.0025,0,0.01,0.0000,0.0000,0.0000,0,0,0,0,0,0,0
2025545000,49.8727955948,8.6511834809,143.9946,0.0025,0,0,0.0025,0,0.01,0.0000,0.0000,0.0000,0,0,0,0,0,0,0
2025645000,49.8727955970,8.6511834673,144.0000,0.0025,0,0,0.0025,0,0.01,0.0000,0.0000,0.0000,0,0,0,0,0,0,0
2025746000,49.8727955904,8.6511834401,144.0053,0.0025,0,0,0.0025,0,0.01,0.0000,0.0000,0.0000,0,0,0,0,0,0,0
2025845000,49.8727955904,8.6511834673,144.0040,0.0025,0,0,0.0025,0,0.01,0.0000,0.0000,0.0000,0,0,0,0,0,0,0
2025945000,49.8727955904,8.6511834809,144.0018,0.0025,0,0,0.0025,0,0.01,0.0000,0.0000,0.0000,0,0,0,0,0,0,0
2026045000,49.8727955860,8.6511834945,144.0088,0.0025,0,0,0.0025,0,0.01,0.0000,0.0000,0.0000,0,0,0,0,0,0,0
2026146000,49.8727955816,8.6511835216,144.0034,0.0025,0,0,0.0025,0,0.01,0.0000,0.0000,0.0000,0,0,0,0,0,0,0
2026245000,49.8727955816,8.6511835352,143.9968,0.0025,0,0,0.0025,0,0.01,0.0000,0.0000,0.0000,0,0,0,0,0,0,0
2026345000,49.8727955487,8.6511835488,143.9976,0.0025,0,0,0.0025,0,0.01,0.0000,0.0000,0.0000,0,0,0,0,0,0,0
2026445000,49.8727955772,8.6511835080,144.0025,0.0025,0,0,0.0025,0,0.01,0.0000,0.0000,0.0000,0,0,0,0,0,0,0
2026545000,49.8727955816,8.6511835216,143.9950,0.0025,0,0,0.0025,0,0.01,0.0000,0.0000,0.0000,0,0,0,0,0,0,0
2026645000,49.8727955860,8.6511835352,143.9934,0.0025,0,0,0.0025,0,0.01,0.0000,0.0000,0.0000,0,0,0,0,0,0,0
2026745000,49.8727955377,8.6511835352,143.9997,0.0025,0,0,0.0025,0,0.01,0.0000,0.0000,0.0000,0,0,0,0,0,0,0
2026845000,49.8727955750,8.6511835352,143.9949,0.0025,0,0,0.0025,0,0.01,0.0000,0.0000,0.0000,0,0,0,0,0,0,0
2026945000,49.8727955860,8.6511835080,143.9932,0.0025,0,0,0.0025,0,0.01,0.0000,0.0000,0.0000,0,0,0,0,0,0,0
2027045000,49.8727955728,8.6511835352,143.9949,0.0025,0,0,0.0025,0,0.01,0.0000,0.0000,0.0000,0,0,0,0,0,0,0
2027145000,49.8727955882,8.6511834945,143.9984,0.0025,0,0,0.0025,0,0.01,0.0000,0.0000,0.0000,0,0,0,0,0,0,0
2027245000,49.8727955904,8.6511834809,144.0000,0.0025,0,0,0.0025,0,0.01,0.0000,0.0000,0.0000,0,0,0,0,0,0,0
2027345000,49.8727955904,8.6511834537,144.0060,0.0025,0,0,0.0025,0,0.01,0.0000,0.0000,0.0000,0,0,0,0,0,0,0
2027445000,49.8727955926,8.6511834809,144.0019,0.0025,0,0,0.0025,0,0.01,0.0000,0.0000,0.0000,0,0,0,0,0,0,0
2027545000,49.8727955838,8.6511835216,143.9924,0.0025,0,0,0.0025,0,0.01,0.0000,0.0000,0.0000,0,0,0,0,0,0,0
2027645000,49.8727955750,8.6511835352,143.9876,0.0025,0,0,0.0025,0,0.01,0.0000,0.0000,0.0000,0,0,0,0,0,0,0
2027745000,49.8727955289,8.6511835760,143.9904,0.0025,0,0,0.0025,0,0.01,0.0000,0.0000,0.0000,0,0,0,0,0,0,0
2027845000,49.8727955794,8.6511835216,143.9992,0.0025,0,0,0.0025,0,0.01,0.0000,0.0000,0.0000,0,0,0,0,0,0,0
2027945000,49.8727955882,8.6511834945,144.0009,0.0025,0,0,0.0025,0,0.01,0.0000,0.0000,0.0000,0,0,0,0,0,0,0
2028045000,49.8727956540,8.6511835624,144.0168,0.0025,0,0,0.0025,0,0.01,0.0000,0.0000,0.0000,0,0,0,0,0,0,0
2028145000,49.8727955904,8.6511835624,143.9999,0.0025,0,0,0.0025,0,0.01,0.0000,0.0000,0.0000,0,0,0,0,0,0,0
2028245000,49.8727955640,8.6511835352,143.9998,0.0025,0,0,0.0025,0,0.01,0.0000,0.0000,0.0000,0,0,0,0,0,0,0
2028345000,49.8727955553,8.6511835488,143.9948,0.0025,0,0,0.0025,0,0.01,0.0000,0.0000,0.0000,0,0,0,0,0,0,0
2028445000,49.8727955531,8.6511835760,143.9898,0.0025,0,0,0.0025,0,0.01,0.0000,0.0000,0.0000,0,0,0,0,0,0,0
2028546000,49.8727955728,8.6511835216,143.9955,0.0025,0,0,0.0025,0,0.01,0.0000,0.0000,0.0000,0,0,0,0,0,0,0
2028645000,49.8727955860,8.6511835080,143.9948,0.0025,0,0,0.0025,0,0.01,0.0000,0.0000,0.0000,0,0,0,0,0,0,0
2028745000,49.8727955421,8.6511835488,143.9997,0.0025,0,0,0.0025,0,0.01,0.0000,0.0000,0.0000,0,0,0,0,0,0,0
2028845000,49.8727955750,8.6511835352,143.9959,0.0025,0,0,0.0025,0,0.01,0.0000,0.0000,0.0000,0,0,0,0,0,0,0
2028945000,49.8727955882,8.6511835080,143.9946,0.0025,0,0,0.0025,0,0.01,0.0000,0.0000,0.0000,0,0,0,0,0,0,0
2029045000,49.8727955948,8.6511834945,143.9913,0.0025,0,0,0.0025,0,0.01,0.0000,0.0000,0.0000,0,0,0,0,0,0,0
2029145000,49.8727955882,8.6511834945,143.9906,0.0025,0,0,0.0025,0,0.01,0.0000,0.0000,0.0000,0,0,0,0,0,0,0
2029245000,49.8727955882,8.6511834809,143.9996,0.0025,0,0,0.0025,0,0.01,0.0000,0.0000,0.0000,0,0,0,0,0,0,0
2029345000,49.8727955838,8.6511834945,143.9942,0.0025,0,0,0.0025,0,0.01,0.0000,0.0000,0.0000,0,0,0,0,0,0,0
2029445000,49.8727955794,8.6511835080,143.9914,0.0025,0,0,0.0025,0,0.01,0.0000,0.0000,0.0000,0,0,0,0,0,0,0
2029547000,49.8727955794,8.6511834945,143.9906,0.0025,0,0,0.0025,0,0.01,0.0000,0.0000,0.0000,0,0,0,0,0,0,0
2029645000,49.8727955640,8.6511835080,144.0005,0.0025,0,0,0.0025,0,0.01,0.0000,0.0000,0.0000,0,0,0,0,0,0,0
2029745000,49.8727955575,8.6511835488,143.9968,0.0025,0,0,0.0025,0,0.01,0.0000,0.0000,0.0000,0,0,0,0,0,0,0
2029845000,49.8727955553,8.6511835896,143.9929,0.0025,0,0,0.0025,0,0.01,0.0000,0.0000,0.0000,0,0,0,0,0,0,0
2029945000,49.8727955816,8.6511835080,143.9921,0.0025,0,0,0.0025,0,0.01,0.0000,0.0000,0.0000,0,0,0,0,0,0,0
2030045000,49.8727955640,8.6511835352,143.9962,0.0025,0,0,0.0025,0,0.01,0.0000,0.0000,0.0000,0,0,0,0,0,0,0
2030145000,49.8727955750,8.6511835080,144.0000,0.0025,0,0,0.0025,0,0.01,0.0000,0.0000,0.0000,0,0,0,0,0,0,0
2030245000,49.8727955838,8.6511835216,143.9931,0.0025,0,0,0.0025,0,0.01,0.0000,0.0000,0.0000,0,0,0,0,0,0,0
2030345000,49.8727955948,8.6511834945,143.9987,0.0025,0,0,0.0025,0,0.01,0.0000,0.0000,0.0000,0,0,0,0,0,0,0
2030445000,49.8727955948,8.6511834537,144.0054,0.0025,0,0,0.0025,0,0.01,0.0000,0.0000,0.0000,0,0,0,0,0,0,0
2030545000,49.8727955575,8.6511835352,143.9988,0.0025,0,0,0.0025,0,0.01,0.0000,0.0000,0.0000,0,0,0,0,0,0,0
2030645000,49.8727955684,8.6511835352,143.9981,0.0025,0,0,0.0025,0,0.01,0.0000,0.0000,0.0000,0,0,0,0,0,0,0
2030745000,49.8727955816,8.6511835216,143.9975,0.0025,0,0,0.0025,0,0.01,0.0000,0.0000,0.0000,0,0,0,0,0,0,0
2030845000,49.8727955640,8.6511835216,144.0015,0.0025,0,0,0.0025,0,0.01,0.0000,0.0000,0.0000,0,0,0,0,0,0,0
2030945000,49.8727955772,8.6511835216,143.9963,0.0025,0,0,0.0025,0,0.01,0.0000,0.0000,0.0000,0,0,0,0,0,0,0
2031045000,49.8727955750,8.6511835352,143.9907,0.0025,0,0,0.0025,0,0.01,0.0000,0.0000,0.0000,0,0,0,0,0,0,0
2031145000,49.8727955706,8.6511835080,144.0047,0.0025,0,0,0.0025,0,0.01,0.0000,0.0000,0.0000,0,0,0,0,0,0,0
2031248000,49.8727955706,8.6511835488,143.9938,0.0025,0,0,0.0025,0,0.01,0.0000,0.0000,0.0000,0,0,0,0,0,0,0
2031345000,49.8727955904,8.6511834945,143.9991,0.0025,0,0,0.0025,0,0.01,0.0000,0.0000,0.0000,0,0,0,0,0,0,0
2031445000,49.8727955970,8.6511834809,143.9974,0.0025,0,0,0.0025,0,0.01,0.0000,0.0000,0.0000,0,0,0,0,0,0,0
2031545000,49.8727955860,8.6511834945,143.9891,0.0025,0,0,0.0025,0,0.01,0.0000,0.0000,0.0000,0,0,0,0,0,0,0
2031645000,49.8727955838,8.6511834945,143.9903,0.0025,0,0,0.0025,0,0.01,0.0000,0.0000,0.0000,0,0,0,0,0,0,0
2031745000,49.8727955553,8.6511835352,143.9966,0.0025,0,0,0.0025,0,0.01,0.0000,0.0000,0.0000,0,0,0,0,0,0,0
2031845000,49.8727955684,8.6511835488,143.9945,0.0025,0,0,0.0025,0,0.01,0.0000,0.0000,0.0000,0,0,0,0,0,0,0
2031945000,49.8727955816,8.6511835080,143.9950,0.0025,0,0,0.0025,0,0.01,0.0000,0.0000,0.0000,0,0,0,0,0,0,0
2032045000,49.8727955838,8.6511835080,143.9923,0.0025,0,0,0.0025,0,0.01,0.0000,0.0000,0.0000,0,0,0,0,0,0,0
2032145000,49.8727955882,8.6511834809,143.9992,0.0025,0,0,0.0025,0,0.01,0.0000,0.0000,0.0000,0,0,0,0,0,0,0
2032245000,49.8727955838,8.6511835080,143.9902,0.0025,0,0,0.0025,0,0.01,0.0000,0.0000,0.0000,0,0,0,0,0,0,0
2032345000,49.8727955838,8.6511834945,143.9917,0.0025,0,0,0.0025,0,0.01,0.0000,0.0000,0.0000,0,0,0,0,0,0,0
2032445000,49.8727955816,8.6511835080,143.9916,0.0025,0,0,0.0025,0,0.01,0.0000,0.0000,0.0000,0,0,0,0,0,0,0
2032545000,49.8727955816,8.6511835080,143.9917,0.0025,0,0,0.0025,0,0.01,0.0000,0.0000,0.0000,0,0,0,0,0,0,0
2032645000,49.8727955816,8.6511835080,143.9923,0.0025,0,0,0.0025,0,0.01,0.0000,0.0000,0.0000,0,0,0,0,0,0,0
2032745000,49.8727955487,8.6511835624,143.9959,0.0025,0,0,0.0025,0,0.01,0.0000,0.0000,0.0000,0,0,0,0,0,0,0
2032847000,49.8727955443,8.6511836031,143.9948,0.0025,0,0,0.0025,0,0.01,0.0000,0.0000,0.0000,0,0,0,0,0,0,0
2032946000,49.8727955399,8.6511836575,143.9946,0.0025,0,0,0.0025,0,0.01,0.0000,0.0000,0.0000,0,0,0,0,0,0,0
2033045000,49.8727955816,8.6511835216,143.9908,0.0025,0,0,0.0025,0,0.01,0.0000,0.0000,0.0000,0,0,0,0,0,0,0
2033145000,49.8727955860,8.6511835216,143.9884,0.0025,0,0,0.0025,0,0.01,0.0000,0.0000,0.0000,0,0,0,0,0,0,0
2033245000,49.8727956277,8.6511834673,143.9998,0.0025,0,0,0.0025,0,0.01,0.0000,0.0000,0.0000,0,0,0,0,0,0,0
2033345000,49.8727956343,8.6511834129,144.0317,0.0025,0,0,0.0025,0,0.01,0.0000,0.0000,0.0000,0,0,0,0,0,0,0
2033445000,49.8727956540,8.6511833314,144.0941,0.0025,0,0,0.0025,0,0.01,0.0000,0.0000,0.0000,0,0,0,0,0,0,0
2033545000,49.8727957791,8.6511832499,144.1852,0.0025,0,0,0.0025,0,0.01,0.0000,0.0000,0.0000,0,0,0,0,0,0,0
2033645000,49.8727959525,8.6511831820,144.3152,0.0025,0,0,0.0025,0,0.01,0.0000,0.0000,0.0000,0,0,0,0,0,0,0
2033748000,49.8727961676,8.6511830597,144.4680,0.0025,0,0,0.0025,0,0.01,0.0000,0.0000,0.0000,0,0,0,0,0,0,0
2033845000,49.8727964179,8.6511828967,144.6240,0.0025,0,0,0.0025,0,0.01,0.0000,0.0000,0.0000,0,0,0,0,0,0,0
2033945000,49.8727966088,8.6511828152,144.7725,0.0025,0,0,0.0025,0,0.01,0.0000,0.0000,0.0000,0,0,0,0,0,0,0
2034045000,49.8727967647,8.6511827745,144.9111,0.0025,0,0,0.0025,0,0.01,0.0000,0.0000,0.0000,0,0,0,0,0,0,0
2034145000,49.8727968459,8.6511828424,145.0439,0.0025,0,0,0.0025,0,0.01,0.0000,0.0000,0.0000,0,0,0,0,0,0,0
2034245000,49.8727968810,8.6511828696,145.1680,0.0025,0,0,0.0025,0,0.01,0.0000,0.0000,0.0000,0,0,0,0,0,0,0
2034345000,49.8727967888,8.6511829782,145.2813,0.0025,0,0,0.0025,0,0.01,0.0000,0.0000,0.0000,0,0,0,0,0,0,0
2034449000,49.8727966220,8.6511830326,145.3623,0.0025,0,0,0.0025,0,0.01,0.0000,0.0000,0.0000,0,0,0,0,0,0,0
2034545000,49.8727964574,8.6511830326,145.4443,0.0025,0,0,0.0025,0,0.01,0.0000,0.0000,0.0000,0,0,0,0,0,0,0
2034645000,49.8727962181,8.6511829918,145.5059,0.0025,0,0,0.0025,0,0.01,0.0000,0.0000,0.0000,0,0,0,0,0,0,0
2034745000,49.8727959306,8.6511829511,145.5654,0.0025,0,0,0.0025,0,0.01,0.0000,0.0000,0.0000,0,0,0,0,0,0,0
2034845000,49.8727956277,8.6511828831,145.6074,0.0025,0,0,0.0025,0,0.01,0.0000,0.0000,0.0000,0,0,0,0,0,0,0
2034945000,49.8727953950,8.6511827881,145.6387,0.0025,0,0,0.0025,0,0.01,0.0000,0.0000,0.0000,0,0,0,0,0,0,0
2035045000,49.8727951404,8.6511826930,145.6631,0.0025,0,0,0.0025,0,0.01,0.0000,0.0000,0.0000,0,0,0,0,0,0,0
2035145000,49.8727949648,8.6511824892,145.6865,0.0025,0,0,0.0025,0,0.01,0.0000,0.0000,0.0000,0,0,0,0,0,0,0
2035245000,49.8727948419,8.6511822175,145.7041,0.0025,0,0,0.0025,0,0.01,0.0000,0.0000,0.0000,0,0,0,0,0,0,0
2035345000,49.8727947761,8.6511817828,145.7188,0.0025,0,0,0.0025,0,0.01,0.0000,0.0000,0.0000,0,0,0,0,0,0,0
2035445000,49.8727947409,8.6511811579,145.7285,0.0025,0,0,0.0025,0,0.01,0.0000,0.0000,0.0000,0,0,0,0,0,0,0
2035545000,49.8727947322,8.6511803835,145.7373,0.0025,0,0,0.0025,0,0.01,0.0000,0.0000,0.0000,0,0,0,0,0,0,0
2035645000,49.8727947848,8.6511792832,145.7441,0.0025,0,0,0.0025,0,0.01,0.0000,0.0000,0.0000,0,0,0,0,0,0,0
2035745000,49.8727948375,8.6511782643,145.7529,0.0025,0,0,0.0025,0,0.01,0.0000,0.0000,0.0000,0,0,0,0,0,0,0
2035845000,49.8727950043,8.6511771368,145.7627,0.0025,0,0,0.0025,0,0.01,0.0000,0.0000,0.0000,0,0,0,0,0,0,0
2035945000,49.8727952019,8.6511761315,145.7617,0.0025,0,0,0.0025,0,0.01,0.0000,0.0000,0.0000,0,0,0,0,0,0,0
2036045000,49.8727954345,8.6511753436,145.7627,0.0025,0,0,0.0025,0,0.01,0.0000,0.0000,0.0000,0,0,0,0,0,0,0
2036145000,49.8727957813,8.6511748002,145.7754,0.0025,0,0,0.0025,0,0.01,0.0000,0.0000,0.0000,0,0,0,0,0,0,0
2036245000,49.8727961479,8.6511743247,145.7813,0.0025,0,0,0.0025,0,0.01,0.0000,0.0000,0.0000,0,0,0,0,0,0,0
2036349000,49.8727966461,8.6511739715,145.7813,0.0025,0,0,0.0025,0,0.01,0.0000,0.0000,0.0000,0,0,0,0,0,0,0
2036447000,49.8727972102,8.6511737134,145.7783,0.0025,0,0,0.0025,0,0.01,0.0000,0.0000,0.0000,0,0,0,0,0,0,0
2036545000,49.8727978127,8.6511735504,145.7744,0.0025,0,0,0.0025,0,0.01,0.0000,0.0000,0.0000,0,0,0,0,0,0,0
2036645000,49.8727983692,8.6511734689,145.7783,0.0025,0,0,0.0025,0,0.01,0.0000,0.0000,0.0000,0,0,0,0,0,0,0
2036745000,49.8727990628,8.6511734825,145.7813,0.0025,0,0,0.0025,0,0.01,0.0000,0.0000,0.0000,0,0,0,0,0,0,0
2036845000,49.8727996134,8.6511735232,145.7910,0.0025,0,0,0.0025,0,0.01,0.0000,0.0000,0.0000,0,0,0,0,0,0,0
2036945000,49.8728000989,8.6511736726,145.8027,0.0025,0,0,0.0025,0,0.01,0.0000,0.0000,0.0000,0,0,0,0,0,0,0
2037045000,49.8728004862,8.6511739308,145.8115,0.0025,0,0,0.0025,0,0.01,0.0000,0.0000,0.0000,0,0,0,0,0,0,0
2037145000,49.8728008566,8.6511741617,145.8105,0.0025,0,0,0.0025,0,0.01,0.0000,0.0000,0.0000,0,0,0,0,0,0,0
2037245000,49.8728012281,8.6511743247,145.7969,0.0025,0,0,0.0025,0,0.01,0.0000,0.0000,0.0000,0,0,0,0,0,0,0
2037345000,49.8728016363,8.6511745828,145.7979,0.0025,0,0,0.0025,0,0.01,0.0000,0.0000,0.0000,0,0,0,0,0,0,0
2037445000,49.8728020545,8.6511747187,145.7998,0.0025,0,0,0.0025,0,0.01,0.0000,0.0000,0.0000,0,0,0,0,0,0,0
2037545000,49.8728024737,8.6511748817,145.7979,0.0025,0,0,0.0025,0,0.01,0.0000,0.0000,0.0000,0,0,0,0,0,0,0
2037645000,49.8728028315,8.6511750719,145.7979,0.0025,0,0,0.0025,0,0.01,0.0000,0.0000,0.0000,0,0,0,0,0,0,0
2037745000,49.8728030093,8.6511753300,145.8027,0.0025,0,0,0.0025,0,0.01,0.0000,0.0000,0.0000,0,0,0,0,0,0,0
2037845000,49.8728031892,8.6511756832,145.8027,0.0025,0,0,0.0025,0,0.01,0.0000,0.0000,0.0000,0,0,0,0,0,0,0
2037945000,49.8728033122,8.6511761722,145.7900,0.0025,0,0,0.0025,0,0.01,0.0000,0.0000,0.0000,0,0,0,0,0,0,0
2038045000,49.8728036107,8.6511765119,145.7852,0.0025,0,0,0.0025,0,0.01,0.0000,0.0000,0.0000,0,0,0,0,0,0,0
2038145000,49.8728038367,8.6511770688,145.7910,0.0025,0,0,0.0025,0,0.01,0.0000,0.0000,0.0000,0,0,0,0,0,0,0
2038245000,49.8728040365,8.6511776394,145.7969,0.0025,0,0,0.0025,0,0.01,0.0000,0.0000,0.0000,0,0,0,0,0,0,0
2038345000,49.8728042055,8.6511781013,145.8018,0.0025,0,0,0.0025,0,0.01,0.0000,0.0000,0.0000,0,0,0,0,0,0,0
2038445000,49.8728044096,8.6511786039,145.8027,0.0025,0,0,0.0025,0,0.01,0.0000,0.0000,0.0000,0,0,0,0,0,0,0
2038545000,49.8728045479,8.6511793511,145.8096,0.0025,0,0,0.0025,0,0.01,0.0000,0.0000,0.0000,0,0,0,0,0,0,0
2038645000,49.8728047762,8.6511801254,145.8076,0.0025,0,0,0.0025,0,0.01,0.0000,0.0000,0.0000,0,0,0,0,0,0,0
2038745000,49.8728049825,8.6511808726,145.8066,0.0025,0,0,0.0025,0,0.01,0.0000,0.0000,0.0000,0,0,0,0,0,0,0
2038845000,49.8728052766,8.6511816605,145.7920,0.0025,0,0,0.0025,0,0.01,0.0000,0.0000,0.0000,0,0,0,0,0,0,0
2038945000,49.8728056234,8.6511825707,145.7842,0.0025,0,0,0.0025,0,0.01,0.0000,0.0000,0.0000,0,0,0,0,0,0,0
2039045000,49.8728059790,8.6511834673,145.7842,0.0025,0,0,0.0025,0,0.01,0.0000,0.0000,0.0000,0,0,0,0,0,0,0
2039145000,49.8728062819,8.6511842688,145.7969,0.0025,0,0,0.0025,0,0.01,0.0000,0.0000,0.0000,0,0,0,0,0,0,0
2039245000,49.8728065672,8.6511851111,145.8145,0.0025,0,0,0.0025,0,0.01,0.0000,0.0000,0.0000,0,0,0,0,0,0,0
2039345000,49.8728068043,8.6511859669,145.8213,0.0025,0,0,0.0025,0,0.01,0.0000,0.0000,0.0000,0,0,0,0,0,0,0
2039445000,49.8728069843,8.6511868024,145.8184,0.0025,0,0,0.0025,0,0.01,0.0000,0.0000,0.0000,0,0,0,0,0,0,0
2039545000,49.8728071248,8.6511878144,145.8066,0.0025,0,0,0.0025,0,0.01,0.0000,0.0000,0.0000,0,0,0,0,0,0,0
2039645000,49.8728071950,8.6511890235,145.8037,0.0025,0,0,0.0025,0,0.01,0.0000,0.0000,0.0000,0,0,0,0,0,0,0
2039745000,49.8728072301,8.6511903140,145.8008,0.0025,0,0,0.0025,0,0.01,0.0000,0.0000,0.0000,0,0,0,0,0,0,0
2039848000,49.8728071906,8.6511917880,145.7891,0.0025,0,0,0.0025,0,0.01,0.0000,0.0000,0.0000,0,0,0,0,0,0,0
2039947000,49.8728071906,8.6511932450,145.7979,0.0025,0,0,0.0025,0,0.01,0.0000,0.0000,0.0000,0,0,0,0,0,0,0
2040046000,49.8728071774,8.6511945763,145.8105,0.0025,0,0,0.0025,0,0.01,0.0000,0.0000,0.0000,0,0,0,0,0,0,0
2040146000,49.8728072872,8.6511956121,145.8174,0.0025,0,0,0.0025,0,0.01,0.0000,0.0000,0.0000,0,0,0,0,0,0,0
2040245000,49.8728073486,8.6511967515,145.8154,0.0025,0,0,0.0025,0,0.01,0.0000,0.0000,0.0000,0,0,0,0,0,0,0
2040346000,49.8728074277,8.6511979793,145.8066,0.0025,0,0,0.0025,0,0.01,0.0000,0.0000,0.0000,0,0,0,0,0,0,0
2040445000,49.8728075111,8.6511992409,145.7998,0.0025,0,0,0.0025,0,0.01,0.0000,0.0000,0.0000,0,0,0,0,0,0,0
2040545000,49.8728076515,8.6512005769,145.8037,0.0025,0,0,0.0025,0,0.01,0.0000,0.0000,0.0000,0,0,0,0,0,0,0
2040645000,49.8728078096,8.6512019511,145.8154,0.0025,0,0,0.0025,0,0.01,0.0000,0.0000,0.0000,0,0,0,0,0,0,0
2040745000,49.8728078974,8.6512034030,145.8213,0.0025,0,0,0.0025,0,0.01,0.0000,0.0000,0.0000,0,0,0,0,0,0,0
2040845000,49.8728080027,8.6512047139,145.8262,0.0025,0,0,0.0025,0,0.01,0.0000,0.0000,0.0000,0,0,0,0,0,0,0
2040945000,49.8728080335,8.6512060011,145.8232,0.0025,0,0,0.0025,0,0.01,0.0000,0.0000,0.0000,0,0,0,0,0,0,0
2041045000,49.8728079808,8.6512073018,145.8145,0.0025,0,0,0.0025,0,0.01,0.0000,0.0000,0.0000,0,0,0,0,0,0,0
2041145000,49.8728079369,8.6512086399,145.8037,0.0025,0,0,0.0025,0,0.01,0.0000,0.0000,0.0000,0,0,0,0,0,0,0
2041245000,49.8728078623,8.6512099373,145.7998,0.0025,0,0,0.0025,0,0.01,0.0000,0.0000,0.0000,0,0,0,0,0,0,0
2041345000,49.8728078008,8.6512113161,145.7969,0.0025,0,0,0.0025,0,0.01,0.0000,0.0000,0.0000,0,0,0,0,0,0,0
2041445000,49.8728077701,8.6512126135,145.8008,0.0025,0,0,0.0025,0,0.01,0.0000,0.0000,0.0000,0,0,0,0,0,0,0
2041545000,49.8728077262,8.6512137546,145.8145,0.0025,0,0,0.0025,0,0.01,0.0000,0.0000,0.0000,0,0,0,0,0,0,0
2041645000,49.8728076910,8.6512148754,145.8193,0.0025,0,0,0.0025,0,0.01,0.0000,0.0000,0.0000,0,0,0,0,0,0,0
2041745000,49.8728077174,8.6512160301,145.8184,0.0025,0,0,0.0025,0,0.01,0.0000,0.0000,0.0000,0,0,0,0,0,0,0
2041845000,49.8728077569,8.6512172255,145.8086,0.0025,0,0,0.0025,0,0.01,0.0000,0.0000,0.0000,0,0,0,0,0,0,0
2041945000,49.8728078842,8.6512184482,145.8047,0.0025,0,0,0.0025,0,0.01,0.0000,0.0000,0.0000,0,0,0,0,0,0,0
2042045000,49.8728079764,8.6512196436,145.8066,0.0025,0,0,0.0025,0,0.01,0.0000,0.0000,0.0000,0,0,0,0,0,0,0
2042145000,49.8728080378,8.6512208119,145.8115,0.0025,0,0,0.0025,0,0.01,0.0000,0.0000,0.0000,0,0,0,0,0,0,0
2042245000,49.8728079983,8.6512218444,145.8105,0.0025,0,0,0.0025,0,0.01,0.0000,0.0000,0.0000,0,0,0,0,0,0,0
2042345000,49.8728078974,8.6512228496,145.8145,0.0025,0,0,0.0025,0,0.01,0.0000,0.0000,0.0000,0,0,0,0,0,0,0
2042445000,49.8728077876,8.6512237598,145.8096,0.0025,0,0,0.0025,0,0.01,0.0000,0.0000,0.0000,0,0,0,0,0,0,0
2042545000,49.8728076032,8.6512246836,145.7988,0.0025,0,0,0.0025,0,0.01,0.0000,0.0000,0.0000,0,0,0,0,0,0,0
2042645000,49.8728073969,8.6512255666,145.7900,0.0025,0,0,0.0025,0,0.01,0.0000,0.0000,0.0000,0,0,0,0,0,0,0
2042745000,49.8728071423,8.6512265175,145.7822,0.0025,0,0,0.0025,0,0.01,0.0000,0.0000,0.0000,0,0,0,0,0,0,0
2042845000,49.8728067867,8.6512272104,145.7822,0.0025,0,0,0.0025,0,0.01,0.0000,0.0000,0.0000,0,0,0,0,0,0,0
2042945000,49.8728064136,8.6512278760,145.7754,0.0025,0,0,0.0025,0,0.01,0.0000,0.0000,0.0000,0,0,0,0,0,0,0
2043045000,49.8728059131,8.6512283107,145.7695,0.0025,0,0,0.0025,0,0.01,0.0000,0.0000,0.0000,0,0,0,0,0,0,0
2043145000,49.8728054698,8.6512285553,145.7646,0.0025,0,0,0.0025,0,0.01,0.0000,0.0000,0.0000,0,0,0,0,0,0,0
2043245000,49.8728050176,8.6512287726,145.7578,0.0025,0,0,0.0025,0,0.01,0.0000,0.0000,0.0000,0,0,0,0,0,0,0
2043345000,49.8728045962,8.6512288541,145.7539,0.0025,0,0,0.0025,0,0.01,0.0000,0.0000,0.0000,0,0,0,0,0,0,0
2043445000,49.8728042296,8.6512290171,145.7539,0.0025,0,0,0.0025,0,0.01,0.0000,0.0000,0.0000,0,0,0,0,0,0,0
2043545000,49.8728039114,8.6512290987,145.7549,0.0025,0,0,0.0025,0,0.01,0.0000,0.0000,0.0000,0,0,0,0,0,0,0
2043645000,49.8728036172,8.6512290171,145.7568,0.0025,0,0,0.0025,0,0.01,0.0000,0.0000,0.0000,0,0,0,0,0,0,0
2043745000,49.8728033165,8.6512287998,145.7559,0.0025,0,0,0.0025,0,0.01,0.0000,0.0000,0.0000,0,0,0,0,0,0,0
2043845000,49.8728029697,8.6512285553,145.7529,0.0025,0,0,0.0025,0,0.01,0.0000,0.0000,0.0000,0,0,0,0,0,0,0
2043945000,49.8728025812,8.6512280934,145.7520,0.0025,0,0,0.0025,0,0.01,0.0000,0.0000,0.0000,0,0,0,0,0,0,0
2044045000,49.8728022290,8.6512274549,145.7529,0.0025,0,0,0.0025,0,0.01,0.0000,0.0000,0.0000,0,0,0,0,0,0,0
2044145000,49.8728019195,8.6512269115,145.7578,0.0025,0,0,0.0025,0,0.01,0.0000,0.0000,0.0000,0,0,0,0,0,0,0
2044245000,49.8728017373,8.6512262866,145.7646,0.0025,0,0,0.0025,0,0.01,0.0000,0.0000,0.0000,0,0,0,0,0,0,0
2044345000,49.8728016934,8.6512255259,145.7705,0.0025,0,0,0.0025,0,0.01,0.0000,0.0000,0.0000,0,0,0,0,0,0,0
2044445000,49.8728017461,8.6512247243,145.7686,0.0025,0,0,0.0025,0,0.01,0.0000,0.0000,0.0000,0,0,0,0,0,0,0
2044545000,49.8728018712,8.6512239636,145.7695,0.0025,0,0,0.0025,0,0.01,0.0000,0.0000,0.0000,0,0,0,0,0,0,0
2044645000,49.8728020347,8.6512233387,145.7598,0.0025,0,0,0.0025,0,0.01,0.0000,0.0000,0.0000,0,0,0,0,0,0,0
2044745000,49.8728021576,8.6512227138,145.7588,0.0025,0,0,0.0025,0,0.01,0.0000,0.0000,0.0000,0,0,0,0,0,0,0
2044845000,49.8728022443,8.6512221976,145.7598,0.0025,0,0,0.0025,0,0.01,0.0000,0.0000,0.0000,0,0,0,0,0,0,0
2044945000,49.8728022761,8.6512217629,145.7656,0.0025,0,0,0.0025,0,0.01,0.0000,0.0000,0.0000,0,0,0,0,0,0,0
2045045000,49.8728022805,8.6512211787,145.7676,0.0025,0,0,0.0025,0,0.01,0.0000,0.0000,0.0000,0,0,0,0,0,0,0
2045148000,49.8728022959,8.6512204859,145.7656,0.0025,0,0,0.0025,0,0.01,0.0000,0.0000,0.0000,0,0,0,0,0,0,0
2045245000,49.8728023530,8.6512196165,145.7617,0.0025,0,0,0.0025,0,0.01,0.0000,0.0000,0.0000,0,0,0,0,0,0,0
2045345000,49.8728024144,8.6512185297,145.7588,0.0025,0,0,0.0025,0,0.01,0.0000,0.0000,0.0000,0,0,0,0,0,0,0
2045445000,49.8728025176,8.6512174021,145.7588,0.0025,0,0,0.0025,0,0.01,0.0000,0.0000,0.0000,0,0,0,0,0,0,0
2045545000,49.8728026646,8.6512161931,145.7666,0.0025,0,0,0.0025,0,0.01,0.0000,0.0000,0.0000,0,0,0,0,0,0,0
2045645000,49.8728027481,8.6512149161,145.7793,0.0025,0,0,0.0025,0,0.01,0.0000,0.0000,0.0000,0,0,0,0,0,0,0
2045745000,49.8728028359,8.6512136663,145.7852,0.0025,0,0,0.0025,0,0.01,0.0000,0.0000,0.0000,0,0,0,0,0,0,0
2045845000,49.8728029149,8.6512125184,145.7861,0.0025,0,0,0.0025,0,0.01,0.0000,0.0000,0.0000,0,0,0,0,0,0,0
2045945000,49.8728030202,8.6512113026,145.7881,0.0025,0,0,0.0025,0,0.01,0.0000,0.0000,0.0000,0,0,0,0,0,0,0
2046045000,49.8728030488,8.6512100460,145.7842,0.0025,0,0,0.0025,0,0.01,0.0000,0.0000,0.0000,0,0,0,0,0,0,0
2046145000,49.8728030312,8.6512086128,145.7744,0.0025,0,0,0.0025,0,0.01,0.0000,0.0000,0.0000,0,0,0,0,0,0,0
2046245000,49.8728030224,8.6512071524,145.7832,0.0025,0,0,0.0025,0,0.01,0.0000,0.0000,0.0000,0,0,0,0,0,0,0
2046345000,49.8728030005,8.6512057328,145.7988,0.0025,0,0,0.0025,0,0.01,0.0000,0.0000,0.0000,0,0,0,0,0,0,0
2046445000,49.8728029412,8.6512043268,145.8037,0.0025,0,0,0.0025,0,0.01,0.0000,0.0000,0.0000,0,0,0,0,0,0,0
2046545000,49.8728030158,8.6512029394,145.8096,0.0025,0,0,0.0025,0,0.01,0.0000,0.0000,0.0000,0,0,0,0,0,0,0
2046645000,49.8728030883,8.6512017049,145.8066,0.0025,0,0,0.0025,0,0.01,0.0000,0.0000,0.0000,0,0,0,0,0,0,0
2046745000,49.8728031058,8.6512001658,145.7881,0.0025,0,0,0.0025,0,0.01,0.0000,0.0000,0.0000,0,0,0,0,0,0,0
2046845000,49.8728031848,8.6511986925,145.7852,0.0025,0,0,0.0025,0,0.01,0.0000,0.0000,0.0000,0,0,0,0,0,0,0
2046945000,49.8728033056,8.6511971523,145.7988,0.0025,0,0,0.0025,0,0.01,0.0000,0.0000,0.0000,0,0,0,0,0,0,0
2047045000,49.8728034373,8.6511955985,145.8076,0.0025,0,0,0.0025,0,0.01,0.0000,0.0000,0.0000,0,0,0,0,0,0,0
2047145000,49.8728036480,8.6511942197,145.8066,0.0025,0,0,0.0025,0,0.01,0.0000,0.0000,0.0000,0,0,0,0,0,0,0
2047245000,49.8728037950,8.6511929359,145.8145,0.0025,0,0,0.0025,0,0.01,0.0000,0.0000,0.0000,0,0,0,0,0,0,0
2047345000,49.8728038302,8.6511915095,145.8057,0.0025,0,0,0.0025,0,0.01,0.0000,0.0000,0.0000,0,0,0,0,0,0,0
2047445000,49.8728039070,8.6511901374,145.7988,0.0025,0,0,0.0025,0,0.01,0.0000,0.0000,0.0000,0,0,0,0,0,0,0
2047545000,49.8728039509,8.6511887042,145.7939,0.0025,0,0,0.0025,0,0.01,0.0000,0.0000,0.0000,0,0,0,0,0,0,0
2047645000,49.8728039904,8.6511874001,145.7969,0.0025,0,0,0.0025,0,0.01,0.0000,0.0000,0.0000,0,0,0,0,0,0,0
2047745000,49.8728040957,8.6511860620,145.8076,0.0025,0,0,0.0025,0,0.01,0.0000,0.0000,0.0000,0,0,0,0,0,0,0
2047845000,49.8728042011,8.6511848529,145.8154,0.0025,0,0,0.0025,0,0.01,0.0000,0.0000,0.0000,0,0,0,0,0,0,0
2047948000,49.8728042582,8.6511835760,145.8203,0.0025,0,0,0.0025,0,0.01,0.0000,0.0000,0.0000,0,0,0,0,0,0,0
2048045000,49.8728042779,8.6511824620,145.8154,0.0025,0,0,0.0025,0,0.01,0.0000,0.0000,0.0000,0,0,0,0,0,0,0
2048145000,49.8728043328,8.6511811850,145.8076,0.0025,0,0,0.0025,0,0.01,0.0000,0.0000,0.0000,0,0,0,0,0,0,0
2048245000,49.8728044140,8.6511798945,145.7998,0.0025,0,0,0.0025,0,0.01,0.0000,0.0000,0.0000,0,0,0,0,0,0,0
2048345000,49.8728044996,8.6511785903,145.8008,0.0025,0,0,0.0025,0,0.01,0.0000,0.0000,0.0000,0,0,0,0,0,0,0
2048445000,49.8728045698,8.6511773405,145.8066,0.0025,0,0,0.0025,0,0.01,0.0000,0.0000,0.0000,0,0,0,0,0,0,0
2048545000,49.8728045523,8.6511761587,145.8086,0.0025,0,0,0.0025,0,0.01,0.0000,0.0000,0.0000,0,0,0,0,0,0,0
2048645000,49.8728045523,8.6511751262,145.8076,0.0025,0,0,0.0025,0,0.01,0.0000,0.0000,0.0000,0,0,0,0,0,0,0
2048745000,49.8728044996,8.6511741345,145.8018,0.0025,0,0,0.0025,0,0.01,0.0000,0.0000,0.0000,0,0,0,0,0,0,0
2048845000,49.8728043460,8.6511731564,145.7949,0.0025,0,0,0.0025,0,0.01,0.0000,0.0000,0.0000,0,0,0,0,0,0,0
2048945000,49.8728040694,8.6511721511,145.7979,0.0025,0,0,0.0025,0,0.01,0.0000,0.0000,0.0000,0,0,0,0,0,0,0
2049045000,49.8728036107,8.6511713632,145.8037,0.0025,0,0,0.0025,0,0.01,0.0000,0.0000,0.0000,0,0,0,0,0,0,0
2049145000,49.8728031080,8.6511707655,145.8174,0.0025,0,0,0.0025,0,0.01,0.0000,0.0000,0.0000,0,0,0,0,0,0,0
2049245000,49.8728025988,8.6511702493,145.8203,0.0025,0,0,0.0025,0,0.01,0.0000,0.0000,0.0000,0,0,0,0,0,0,0
2049348000,49.8728020051,8.6511698417,145.8164,0.0025,0,0,0.0025,0,0.01,0.0000,0.0000,0.0000,0,0,0,0,0,0,0
2049445000,49.8728013367,8.6511695157,145.8057,0.0025,0,0,0.0025,0,0.01,0.0000,0.0000,0.0000,0,0,0,0,0,0,0
2049545000,49.8728006826,8.6511693798,145.7969,0.0025,0,0,0.0025,0,0.01,0.0000,0.0000,0.0000,0,0,0,0,0,0,0
2049645000,49.8728000958,8.6511692440,145.7910,0.0025,0,0,0.0025,0,0.01,0.0000,0.0000,0.0000,0,0,0,0,0,0,0
2049745000,49.8727995607,8.6511691353,145.7910,0.0025,0,0,0.0025,0,0.01,0.0000,0.0000,0.0000,0,0,0,0,0,0,0
2049845000,49.8727990940,8.6511691082,145.7939,0.0025,0,0,0.0025,0,0.01,0.0000,0.0000,0.0000,0,0,0,0,0,0,0
2049946000,49.8727986128,8.6511691625,145.7920,0.0025,0,0,0.0025,0,0.01,0.0000,0.0000,0.0000,0,0,0,0,0,0,0
2050045000,49.8727981628,8.6511693255,145.7881,0.0025,0,0,0.0025,0,0.01,0.0000,0.0000,0.0000,0,0,0,0,0,0,0
2050145000,49.8727977107,8.6511696515,145.7822,0.0025,0,0,0.0025,0,0.01,0.0000,0.0000,0.0000,0,0,0,0,0,0,0
2050245000,49.8727972717,8.6511701949,145.7773,0.0025,0,0,0.0025,0,0.01,0.0000,0.0000,0.0000,0,0,0,0,0,0,0
2050345000,49.8727968766,8.6511710915,145.7764,0.0025,0,0,0.0025,0,0.01,0.0000,0.0000,0.0000,0,0,0,0,0,0,0
2050445000,49.8727965540,8.6511721240,145.7783,0.0025,0,0,0.0025,0,0.01,0.0000,0.0000,0.0000,0,0,0,0,0,0,0
2050545000,49.8727963081,8.6511732923,145.7783,0.0025,0,0,0.0025,0,0.01,0.0000,0.0000,0.0000,0,0,0,0,0,0,0
2050645000,49.8727962906,8.6511741481,145.7871,0.0025,0,0,0.0025,0,0.01,0.0000,0.0000,0.0000,0,0,0,0,0,0,0
2050745000,49.8727962401,8.6511751941,145.7920,0.0025,0,0,0.0025,0,0.01,0.0000,0.0000,0.0000,0,0,0,0,0,0,0
2050845000,49.8727962313,8.6511762673,145.7900,0.0025,0,0,0.0025,0,0.01,0.0000,0.0000,0.0000,0,0,0,0,0,0,0
2050945000,49.8727962598,8.6511773270,145.7793,0.0025,0,0,0.0025,0,0.01,0.0000,0.0000,0.0000,0,0,0,0,0,0,0
2051045000,49.8727962708,8.6511783187,145.7695,0.0025,0,0,0.0025,0,0.01,0.0000,0.0000,0.0000,0,0,0,0,0,0,0
2051147000,49.8727962247,8.6511792424,145.7666,0.0025,0,0,0.0025,0,0.01,0.0000,0.0000,0.0000,0,0,0,0,0,0,0
2051248000,49.8727960820,8.6511801118,145.7725,0.0025,0,0,0.0025,0,0.01,0.0000,0.0000,0.0000,0,0,0,0,0,0,0
2051346000,49.8727959482,8.6511810356,145.7803,0.0025,0,0,0.0025,0,0.01,0.0000,0.0000,0.0000,0,0,0,0,0,0,0
2051445000,49.8727958757,8.6511819322,145.7744,0.0025,0,0,0.0025,0,0.01,0.0000,0.0000,0.0000,0,0,0,0,0,0,0
2051545000,49.8727958472,8.6511829375,145.7744,0.0025,0,0,0.0025,0,0.01,0.0000,0.0000,0.0000,0,0,0,0,0,0,0
2051645000,49.8727958318,8.6511840107,145.7744,0.0025,0,0,0.0025,0,0.01,0.0000,0.0000,0.0000,0,0,0,0,0,0,0
2051745000,49.8727958472,8.6511851382,145.7744,0.0025,0,0,0.0025,0,0.01,0.0000,0.0000,0.0000,0,0,0,0,0,0,0
2051845000,49.8727958867,8.6511864152,145.7734,0.0025,0,0,0.0025,0,0.01,0.0000,0.0000,0.0000,0,0,0,0,0,0,0
2051945000,49.8727958911,8.6511877465,145.7715,0.0025,0,0,0.0025,0,0.01,0.0000,0.0000,0.0000,0,0,0,0,0,0,0
2052045000,49.8727959130,8.6511890846,145.7822,0.0025,0,0,0.0025,0,0.01,0.0000,0.0000,0.0000,0,0,0,0,0,0,0
2052145000,49.8727959196,8.6511903344,145.7939,0.0025,0,0,0.0025,0,0.01,0.0000,0.0000,0.0000,0,0,0,0,0,0,0
2052245000,49.8727959174,8.6511915299,145.8115,0.0025,0,0,0.0025,0,0.01,0.0000,0.0000,0.0000,0,0,0,0,0,0,0
2052345000,49.8727958933,8.6511928680,145.8086,0.0025,0,0,0.0025,0,0.01,0.0000,0.0000,0.0000,0,0,0,0,0,0,0
2052445000,49.8727958757,8.6511942570,145.7998,0.0025,0,0,0.0025,0,0.01,0.0000,0.0000,0.0000,0,0,0,0,0,0,0
2052545000,49.8727958252,8.6511956631,145.7949,0.0025,0,0,0.0025,0,0.01,0.0000,0.0000,0.0000,0,0,0,0,0,0,0
2052645000,49.8727958516,8.6511971098,145.7900,0.0025,0,0,0.0025,0,0.01,0.0000,0.0000,0.0000,0,0,0,0,0,0,0
2052745000,49.8727958011,8.6511985974,145.8008,0.0025,0,0,0.0025,0,0.01,0.0000,0.0000,0.0000,0,0,0,0,0,0,0
2052845000,49.8727957989,8.6511999208,145.8164,0.0025,0,0,0.0025,0,0.01,0.0000,0.0000,0.0000,0,0,0,0,0,0,0
2052945000,49.8727958230,8.6512011717,145.8232,0.0025,0,0,0.0025,0,0.01,0.0000,0.0000,0.0000,0,0,0,0,0,0,0
2053045000,49.8727958055,8.6512025149,145.8203,0.0025,0,0,0.0025,0,0.01,0.0000,0.0000,0.0000,0,0,0,0,0,0,0
2053145000,49.8727958669,8.6512038411,145.8154,0.0025,0,0,0.0025,0,0.01,0.0000,0.0000,0.0000,0,0,0,0,0,0,0
2053245000,49.8727959789,8.6512053083,145.7998,0.0025,0,0,0.0025,0,0.01,0.0000,0.0000,0.0000,0,0,0,0,0,0,0
2053345000,49.8727960777,8.6512066973,145.8086,0.0025,0,0,0.0025,0,0.01,0.0000,0.0000,0.0000,0,0,0,0,0,0,0
2053445000,49.8727962006,8.6512080286,145.8271,0.0025,0,0,0.0025,0,0.01,0.0000,0.0000,0.0000,0,0,0,0,0,0,0
2053545000,49.8727962203,8.6512093328,145.8320,0.0025,0,0,0.0025,0,0.01,0.0000,0.0000,0.0000,0,0,0,0,0,0,0
2053645000,49.8727962203,8.6512106437,145.8291,0.0025,0,0,0.0025,0,0.01,0.0000,0.0000,0.0000,0,0,0,0,0,0,0
2053745000,49.8727963191,8.6512118935,145.8213,0.0025,0,0,0.0025,0,0.01,0.0000,0.0000,0.0000,0,0,0,0,0,0,0
2053849000,49.8727963586,8.6512132520,145.8115,0.0025,0,0,0.0025,0,0.01,0.0000,0.0000,0.0000,0,0,0,0,0,0,0
2053948000,49.8727963696,8.6512145765,145.8096,0.0025,0,0,0.0025,0,0.01,0.0000,0.0000,0.0000,0,0,0,0,0,0,0
2054045000,49.8727963323,8.6512160029,145.8125,0.0025,0,0,0.0025,0,0.01,0.0000,0.0000,0.0000,0,0,0,0,0,0,0
2054145000,49.8727963806,8.6512172663,145.8252,0.0025,0,0,0.0025,0,0.01,0.0000,0.0000,0.0000,0,0,0,0,0,0,0
2054245000,49.8727964442,8.6512186519,145.8193,0.0025,0,0,0.0025,0,0.01,0.0000,0.0000,0.0000,0,0,0,0,0,0,0
2054345000,49.8727965320,8.6512198338,145.8232,0.0025,0,0,0.0025,0,0.01,0.0000,0.0000,0.0000,0,0,0,0,0,0,0
2054445000,49.8727966198,8.6512210564,145.8105,0.0025,0,0,0.0025,0,0.01,0.0000,0.0000,0.0000,0,0,0,0,0,0,0
2054545000,49.8727966988,8.6512223742,145.7939,0.0025,0,0,0.0025,0,0.01,0.0000,0.0000,0.0000,0,0,0,0,0,0,0
2054645000,49.8727967866,8.6512236511,145.7861,0.0025,0,0,0.0025,0,0.01,0.0000,0.0000,0.0000,0,0,0,0,0,0,0
2054745000,49.8727968305,8.6512250096,145.7871,0.0025,0,0,0.0025,0,0.01,0.0000,0.0000,0.0000,0,0,0,0,0,0,0
2054848000,49.8727968634,8.6512263002,145.7969,0.0025,0,0,0.0025,0,0.01,0.0000,0.0000,0.0000,0,0,0,0,0,0,0
2054945000,49.8727967669,8.6512275500,145.8018,0.0025,0,0,0.0025,0,0.01,0.0000,0.0000,0.0000,0,0,0,0,0,0,0
2055045000,49.8727966286,8.6512285009,145.7939,0.0025,0,0,0.0025,0,0.01,0.0000,0.0000,0.0000,0,0,0,0,0,0,0
2055145000,49.8727963762,8.6512294247,145.7900,0.0025,0,0,0.0025,0,0.01,0.0000,0.0000,0.0000,0,0,0,0,0,0,0
2055245000,49.8727960557,8.6512302941,145.7764,0.0025,0,0,0.0025,0,0.01,0.0000,0.0000,0.0000,0,0,0,0,0,0,0
2055345000,49.8727957308,8.6512309734,145.7676,0.0025,0,0,0.0025,0,0.01,0.0000,0.0000,0.0000,0,0,0,0,0,0,0
2055445000,49.8727952897,8.6512315711,145.7666,0.0025,0,0,0.0025,0,0.01,0.0000,0.0000,0.0000,0,0,0,0,0,0,0
2055545000,49.8727948287,8.6512320058,145.7705,0.0025,0,0,0.0025,0,0.01,0.0000,0.0000,0.0000,0,0,0,0,0,0,0
2055645000,49.8727943239,8.6512321688,145.7744,0.0025,0,0,0.0025,0,0.01,0.0000,0.0000,0.0000,0,0,0,0,0,0,0
2055748000,49.8727938191,8.6512320873,145.7705,0.0025,0,0,0.0025,0,0.01,0.0000,0.0000,0.0000,0,0,0,0,0,0,0
2055847000,49.8727932352,8.6512317884,145.7656,0.0025,0,0,0.0025,0,0.01,0.0000,0.0000,0.0000,0,0,0,0,0,0,0
2055945000,49.8727927655,8.6512314624,145.7598,0.0025,0,0,0.0025,0,0.01,0.0000,0.0000,0.0000,0,0,0,0,0,0,0
2056045000,49.8727923309,8.6512310549,145.7539,0.0025,0,0,0.0025,0,0.01,0.0000,0.0000,0.0000,0,0,0,0,0,0,0
2056145000,49.8727920192,8.6512305115,145.7471,0.0025,0,0,0.0025,0,0.01,0.0000,0.0000,0.0000,0,0,0,0,0,0,0
2056245000,49.8727917602,8.6512299137,145.7451,0.0025,0,0,0.0025,0,0.01,0.0000,0.0000,0.0000,0,0,0,0,0,0,0
2056345000,49.8727915846,8.6512292888,145.7529,0.0025,0,0,0.0025,0,0.01,0.0000,0.0000,0.0000,0,0,0,0,0,0,0
2056445000,49.8727915627,8.6512285009,145.7529,0.0025,0,0,0.0025,0,0.01,0.0000,0.0000,0.0000,0,0,0,0,0,0,0
2056545000,49.8727916636,8.6512276722,145.7539,0.0025,0,0,0.0025,0,0.01,0.0000,0.0000,0.0000,0,0,0,0,0,0,0
2056645000,49.8727918392,8.6512268707,145.7529,0.0025,0,0,0.0025,0,0.01,0.0000,0.0000,0.0000,0,0,0,0,0,0,0
2056745000,49.8727920236,8.6512259062,145.7549,0.0025,0,0,0.0025,0,0.01,0.0000,0.0000,0.0000,0,0,0,0,0,0,0
2056845000,49.8727921290,8.6512251183,145.7549,0.0025,0,0,0.0025,0,0.01,0.0000,0.0000,0.0000,0,0,0,0,0,0,0
2056947000,49.8727921377,8.6512243440,145.7588,0.0025,0,0,0.0025,0,0.01,0.0000,0.0000,0.0000,0,0,0,0,0,0,0
2057045000,49.8727920675,8.6512236647,145.7607,0.0025,0,0,0.0025,0,0.01,0.0000,0.0000,0.0000,0,0,0,0,0,0,0
2057146000,49.8727920192,8.6512229583,145.7725,0.0025,0,0,0.0025,0,0.01,0.0000,0.0000,0.0000,0,0,0,0,0,0,0
2057245000,49.8727919665,8.6512222655,145.7744,0.0025,0,0,0.0025,0,0.01,0.0000,0.0000,0.0000,0,0,0,0,0,0,0
2057345000,49.8727919051,8.6512213825,145.7715,0.0025,0,0,0.0025,0,0.01,0.0000,0.0000,0.0000,0,0,0,0,0,0,0
2057445000,49.8727917953,8.6512205810,145.7656,0.0025,0,0,0.0025,0,0.01,0.0000,0.0000,0.0000,0,0,0,0,0,0,0
2057545000,49.8727916505,8.6512194942,145.7617,0.0025,0,0,0.0025,0,0.01,0.0000,0.0000,0.0000,0,0,0,0,0,0,0
2057645000,49.8727914661,8.6512183531,145.7686,0.0025,0,0,0.0025,0,0.01,0.0000,0.0000,0.0000,0,0,0,0,0,0,0
2057745000,49.8727913300,8.6512171304,145.7871,0.0025,0,0,0.0025,0,0.01,0.0000,0.0000,0.0000,0,0,0,0,0,0,0
2057847000,49.8727911544,8.6512159350,145.8027,0.0025,0,0,0.0025,0,0.01,0.0000,0.0000,0.0000,0,0,0,0,0,0,0
2057945000,49.8727911017,8.6512148074,145.8066,0.0025,0,0,0.0025,0,0.01,0.0000,0.0000,0.0000,0,0,0,0,0,0,0
2058045000,49.8727910710,8.6512135916,145.8008,0.0025,0,0,0.0025,0,0.01,0.0000,0.0000,0.0000,0,0,0,0,0,0,0
2058145000,49.8727910666,8.6512123078,145.7910,0.0025,0,0,0.0025,0,0.01,0.0000,0.0000,0.0000,0,0,0,0,0,0,0
2058248000,49.8727910008,8.6512108067,145.7705,0.0025,0,0,0.0025,0,0.01,0.0000,0.0000,0.0000,0,0,0,0,0,0,0
2058347000,49.8727910886,8.6512094686,145.7695,0.0025,0,0,0.0025,0,0.01,0.0000,0.0000,0.0000,0,0,0,0,0,0,0
2058447000,49.8727911369,8.6512078316,145.7783,0.0025,0,0,0.0025,0,0.01,0.0000,0.0000,0.0000,0,0,0,0,0,0,0
2058545000,49.8727912378,8.6512064426,145.7939,0.0025,0,0,0.0025,0,0.01,0.0000,0.0000,0.0000,0,0,0,0,0,0,0
2058645000,49.8727912422,8.6512049992,145.8037,0.0025,0,0,0.0025,0,0.01,0.0000,0.0000,0.0000,0,0,0,0,0,0,0
2058745000,49.8727912686,8.6512036849,145.7988,0.0025,0,0,0.0025,0,0.01,0.0000,0.0000,0.0000,0,0,0,0,0,0,0
2058845000,49.8727912159,8.6512023230,145.7910,0.0025,0,0,0.0025,0,0.01,0.0000,0.0000,0.0000,0,0,0,0,0,0,0
2058945000,49.8727912510,8.6512009280,145.7871,0.0025,0,0,0.0025,0,0.01,0.0000,0.0000,0.0000,0,0,0,0,0,0,0
2059045000,49.8727911105,8.6511992626,145.7852,0.0025,0,0,0.0025,0,0.01,0.0000,0.0000,0.0000,0,0,0,0,0,0,0
2059145000,49.8727911369,8.6511977330,145.7949,0.0025,0,0,0.0025,0,0.01,0.0000,0.0000,0.0000,0,0,0,0,0,0,0
2059245000,49.8727911105,8.6511963287,145.7979,0.0025,0,0,0.0025,0,0.01,0.0000,0.0000,0.0000,0,0,0,0,0,0,0
2059345000,49.8727912071,8.6511948649,145.8066,0.0025,0,0,0.0025,0,0.01,0.0000,0.0000,0.0000,0,0,0,0,0,0,0
2059445000,49.8727912378,8.6511933197,145.7881,0.0025,0,0,0.0025,0,0.01,0.0000,0.0000,0.0000,0,0,0,0,0,0,0
2059545000,49.8727913125,8.6511917608,145.7734,0.0025,0,0,0.0025,0,0.01,0.0000,0.0000,0.0000,0,0,0,0,0,0,0
2059645000,49.8727914398,8.6511903480,145.7783,0.0025,0,0,0.0025,0,0.01,0.0000,0.0000,0.0000,0,0,0,0,0,0,0
2059745000,49.8727917075,8.6511888605,145.7754,0.0025,0,0,0.0025,0,0.01,0.0000,0.0000,0.0000,0,0,0,0,0,0,0
2059845000,49.8727917953,8.6511873797,145.7861,0.0025,0,0,0.0025,0,0.01,0.0000,0.0000,0.0000,0,0,0,0,0,0,0
2059945000,49.8727918568,8.6511859261,145.7959,0.0025,0,0,0.0025,0,0.01,0.0000,0.0000,0.0000,0,0,0,0,0,0,0
2060045000,49.8727919446,8.6511846763,145.7939,0.0025,0,0,0.0025,0,0.01,0.0000,0.0000,0.0000,0,0,0,0,0,0,0
2060145000,49.8727919446,8.6511832364,145.7822,0.0025,0,0,0.0025,0,0.01,0.0000,0.0000,0.0000,0,0,0,0,0,0,0
2060245000,49.8727919885,8.6511818779,145.7715,0.0025,0,0,0.0025,0,0.01,0.0000,0.0000,0.0000,0,0,0,0,0,0,0
2060345000,49.8727919622,8.6511804922,145.7627,0.0025,0,0,0.0025,0,0.01,0.0000,0.0000,0.0000,0,0,0,0,0,0,0
2060445000,49.8727919446,8.6511791609,145.7705,0.0025,0,0,0.0025,0,0.01,0.0000,0.0000,0.0000,0,0,0,0,0,0,0
2060545000,49.8727919578,8.6511780470,145.7822,0.0025,0,0,0.0025,0,0.01,0.0000,0.0000,0.0000,0,0,0,0,0,0,0
2060645000,49.8727921114,8.6511769602,145.7979,0.0025,0,0,0.0025,0,0.01,0.0000,0.0000,0.0000,0,0,0,0,0,0,0
2060745000,49.8727921597,8.6511759006,145.8047,0.0025,0,0,0.0025,0,0.01,0.0000,0.0000,0.0000,0,0,0,0,0,0,0
2060845000,49.8727921334,8.6511747187,145.7988,0.0025,0,0,0.0025,0,0.01,0.0000,0.0000,0.0000,0,0,0,0,0,0,0
2060945000,49.8727920412,8.6511735776,145.7959,0.0025,0,0,0.0025,0,0.01,0.0000,0.0000,0.0000,0,0,0,0,0,0,0
2061045000,49.8727918963,8.6511723957,145.7930,0.0025,0,0,0.0025,0,0.01,0.0000,0.0000,0.0000,0,0,0,0,0,0,0
2061145000,49.8727916329,8.6511713904,145.7920,0.0025,0,0,0.0025,0,0.01,0.0000,0.0000,0.0000,0,0,0,0,0,0,0
2061245000,49.8727912729,8.6511706840,145.7969,0.0025,0,0,0.0025,0,0.01,0.0000,0.0000,0.0000,0,0,0,0,0,0,0
2061345000,49.8727907901,8.6511701678,145.8008,0.0025,0,0,0.0025,0,0.01,0.0000,0.0000,0.0000,0,0,0,0,0,0,0
2061445000,49.8727903159,8.6511698689,145.7998,0.0025,0,0,0.0025,0,0.01,0.0000,0.0000,0.0000,0,0,0,0,0,0,0
2061545000,49.8727897365,8.6511696787,145.7949,0.0025,0,0,0.0025,0,0.01,0.0000,0.0000,0.0000,0,0,0,0,0,0,0
2061645000,49.8727890956,8.6511696516,145.7930,0.0025,0,0,0.0025,0,0.01,0.0000,0.0000,0.0000,0,0,0,0,0,0,0
2061745000,49.8727884020,8.6511698417,145.7969,0.0025,0,0,0.0025,0,0.01,0.0000,0.0000,0.0000,0,0,0,0,0,0,0
2061845000,49.8727877610,8.6511702493,145.8027,0.0025,0,0,0.0025,0,0.01,0.0000,0.0000,0.0000,0,0,0,0,0,0,0
2061945000,49.8727871816,8.6511708198,145.8027,0.0025,0,0,0.0025,0,0.01,0.0000,0.0000,0.0000,0,0,0,0,0,0,0
2062045000,49.8727866372,8.6511715806,145.8076,0.0025,0,0,0.0025,0,0.01,0.0000,0.0000,0.0000,0,0,0,0,0,0,0
2062145000,49.8727861544,8.6511726402,145.8018,0.0025,0,0,0.0025,0,0.01,0.0000,0.0000,0.0000,0,0,0,0,0,0,0
2062245000,49.8727857856,8.6511738357,145.7793,0.0025,0,0,0.0025,0,0.01,0.0000,0.0000,0.0000,0,0,0,0,0,0,0
2062348000,49.8727854608,8.6511750719,145.7617,0.0025,0,0,0.0025,0,0.01,0.0000,0.0000,0.0000,0,0,0,0,0,0,0
2062445000,49.8727852764,8.6511761451,145.7617,0.0025,0,0,0.0025,0,0.01,0.0000,0.0000,0.0000,0,0,0,0,0,0,0
2062545000,49.8727851622,8.6511771911,145.7676,0.0025,0,0,0.0025,0,0.01,0.0000,0.0000,0.0000,0,0,0,0,0,0,0
2062645000,49.8727851535,8.6511782643,145.7783,0.0025,0,0,0.0025,0,0.01,0.0000,0.0000,0.0000,0,0,0,0,0,0,0
2062745000,49.8727851886,8.6511793783,145.7646,0.0025,0,0,0.0025,0,0.01,0.0000,0.0000,0.0000,0,0,0,0,0,0,0
2062845000,49.8727851974,8.6511803835,145.7578,0.0025,0,0,0.0025,0,0.01,0.0000,0.0000,0.0000,0,0,0,0,0,0,0
2062950000,49.8727851798,8.6511814296,145.7480,0.0025,0,0,0.0025,0,0.01,0.0000,0.0000,0.0000,0,0,0,0,0,0,0
2063045000,49.8727852149,8.6511824756,145.7451,0.0025,0,0,0.0025,0,0.01,0.0000,0.0000,0.0000,0,0,0,0,0,0,0
2063145000,49.8727851447,8.6511836031,145.7432,0.0025,0,0,0.0025,0,0.01,0.0000,0.0000,0.0000,0,0,0,0,0,0,0
2063245000,49.8727850569,8.6511847714,145.7412,0.0025,0,0,0.0025,0,0.01,0.0000,0.0000,0.0000,0,0,0,0,0,0,0
2063345000,49.8727850393,8.6511861299,145.7520,0.0025,0,0,0.0025,0,0.01,0.0000,0.0000,0.0000,0,0,0,0,0,0,0
2063445000,49.8727849779,8.6511873390,145.7686,0.0025,0,0,0.0025,0,0.01,0.0000,0.0000,0.0000,0,0,0,0,0,0,0
2063545000,49.8727849076,8.6511884393,145.7822,0.0025,0,0,0.0025,0,0.01,0.0000,0.0000,0.0000,0,0,0,0,0,0,0
2063645000,49.8727848374,8.6511896348,145.7822,0.0025,0,0,0.0025,0,0.01,0.0000,0.0000,0.0000,0,0,0,0,0,0,0
2063745000,49.8727847759,8.6511910748,145.7617,0.0025,0,0,0.0025,0,0.01,0.0000,0.0000,0.0000,0,0,0,0,0,0,0
2063845000,49.8727846355,8.6511924129,145.7637,0.0025,0,0,0.0025,0,0.01,0.0000,0.0000,0.0000,0,0,0,0,0,0,0
2063948000,49.8727845652,8.6511938019,145.7656,0.0025,0,0,0.0025,0,0.01,0.0000,0.0000,0.0000,0,0,0,0,0,0,0
2064045000,49.8727844686,8.6511951231,145.7813,0.0025,0,0,0.0025,0,0.01,0.0000,0.0000,0.0000,0,0,0,0,0,0,0
2064145000,49.8727843106,8.6511966615,145.7900,0.0025,0,0,0.0025,0,0.01,0.0000,0.0000,0.0000,0,0,0,0,0,0,0
2064246000,49.8727843106,8.6511979011,145.7959,0.0025,0,0,0.0025,0,0.01,0.0000,0.0000,0.0000,0,0,0,0,0,0,0
2064345000,49.8727842316,8.6511991743,145.7949,0.0025,0,0,0.0025,0,0.01,0.0000,0.0000,0.0000,0,0,0,0,0,0,0
2064445000,49.8727841701,8.6512005540,145.7852,0.0025,0,0,0.0025,0,0.01,0.0000,0.0000,0.0000,0,0,0,0,0,0,0
2064545000,49.8727841175,8.6512018475,145.7793,0.0025,0,0,0.0025,0,0.01,0.0000,0.0000,0.0000,0,0,0,0,0,0,0
2064645000,49.8727841175,8.6512032264,145.7764,0.0025,0,0,0.0025,0,0.01,0.0000,0.0000,0.0000,0,0,0,0,0,0,0
2064745000,49.8727840736,8.6512047275,145.7793,0.0025,0,0,0.0025,0,0.01,0.0000,0.0000,0.0000,0,0,0,0,0,0,0
2064845000,49.8727840033,8.6512060622,145.7939,0.0025,0,0,0.0025,0,0.01,0.0000,0.0000,0.0000,0,0,0,0,0,0,0
2064945000,49.8727839682,8.6512072815,145.8076,0.0025,0,0,0.0025,0,0.01,0.0000,0.0000,0.0000,0,0,0,0,0,0,0
2065045000,49.8727838892,8.6512085245,145.8135,0.0025,0,0,0.0025,0,0.01,0.0000,0.0000,0.0000,0,0,0,0,0,0,0
2065145000,49.8727838189,8.6512098286,145.8105,0.0025,0,0,0.0025,0,0.01,0.0000,0.0000,0.0000,0,0,0,0,0,0,0
2065245000,49.8727837312,8.6512112686,145.7939,0.0025,0,0,0.0025,0,0.01,0.0000,0.0000,0.0000,0,0,0,0,0,0,0
2065345000,49.8727835995,8.6512126475,145.7881,0.0025,0,0,0.0025,0,0.01,0.0000,0.0000,0.0000,0,0,0,0,0,0,0
2065445000,49.8727835204,8.6512141418,145.7930,0.0025,0,0,0.0025,0,0.01,0.0000,0.0000,0.0000,0,0,0,0,0,0,0
2065545000,49.8727834853,8.6512156769,145.8027,0.0025,0,0,0.0025,0,0.01,0.0000,0.0000,0.0000,0,0,0,0,0,0,0
2065645000,49.8727834853,8.6512170082,145.8047,0.0025,0,0,0.0025,0,0.01,0.0000,0.0000,0.0000,0,0,0,0,0,0,0
2065745000,49.8727834590,8.6512181765,145.7998,0.0025,0,0,0.0025,0,0.01,0.0000,0.0000,0.0000,0,0,0,0,0,0,0
2065845000,49.8727834414,8.6512193719,145.7891,0.0025,0,0,0.0025,0,0.01,0.0000,0.0000,0.0000,0,0,0,0,0,0,0
2065945000,49.8727834414,8.6512207983,145.7773,0.0025,0,0,0.0025,0,0.01,0.0000,0.0000,0.0000,0,0,0,0,0,0,0
2066045000,49.8727834765,8.6512219666,145.7607,0.0025,0,0,0.0025,0,0.01,0.0000,0.0000,0.0000,0,0,0,0,0,0,0
2066145000,49.8727835468,8.6512232843,145.7832,0.0025,0,0,0.0025,0,0.01,0.0000,0.0000,0.0000,0,0,0,0,0,0,0
2066245000,49.8727836258,8.6512243032,145.7920,0.0025,0,0,0.0025,0,0.01,0.0000,0.0000,0.0000,0,0,0,0,0,0,0
2066345000,49.8727837575,8.6512253900,145.7969,0.0025,0,0,0.0025,0,0.01,0.0000,0.0000,0.0000,0,0,0,0,0,0,0
2066445000,49.8727839506,8.6512264360,145.7969,0.0025,0,0,0.0025,0,0.01,0.0000,0.0000,0.0000,0,0,0,0,0,0,0
2066545000,49.8727842579,8.6512275364,145.7910,0.0025,0,0,0.0025,0,0.01,0.0000,0.0000,0.0000,0,0,0,0,0,0,0
2066646000,49.8727847408,8.6512287183,145.7813,0.0025,0,0,0.0025,0,0.01,0.0000,0.0000,0.0000,0,0,0,0,0,0,0
2066745000,49.8727851886,8.6512295062,145.7754,0.0025,0,0,0.0025,0,0.01,0.0000,0.0000,0.0000,0,0,0,0,0,0,0
2066845000,49.8727857505,8.6512301311,145.7695,0.0025,0,0,0.0025,0,0.01,0.0000,0.0000,0.0000,0,0,0,0,0,0,0
2066945000,49.8727863826,8.6512306473,145.7754,0.0025,0,0,0.0025,0,0.01,0.0000,0.0000,0.0000,0,0,0,0,0,0,0
2067045000,49.8727870060,8.6512309190,145.7773,0.0025,0,0,0.0025,0,0.01,0.0000,0.0000,0.0000,0,0,0,0,0,0,0
2067145000,49.8727876820,8.6512310820,145.7744,0.0025,0,0,0.0025,0,0.01,0.0000,0.0000,0.0000,0,0,0,0,0,0,0
2067245000,49.8727883844,8.6512311635,145.7666,0.0025,0,0,0.0025,0,0.01,0.0000,0.0000,0.0000,0,0,0,0,0,0,0
2067345000,49.8727892273,8.6512312450,145.7656,0.0025,0,0,0.0025,0,0.01,0.0000,0.0000,0.0000,0,0,0,0,0,0,0
2067445000,49.8727899999,8.6512311364,145.7666,0.0025,0,0,0.0025,0,0.01,0.0000,0.0000,0.0000,0,0,0,0,0,0,0
2067545000,49.8727907110,8.6512311635,145.7725,0.0025,0,0,0.0025,0,0.01,0.0000,0.0000,0.0000,0,0,0,0,0,0,0
2067645000,49.8727914968,8.6512312179,145.7822,0.0025,0,0,0.0025,0,0.01,0.0000,0.0000,0.0000,0,0,0,0,0,0,0
2067745000,49.8727922168,8.6512313809,145.7891,0.0025,0,0,0.0025,0,0.01,0.0000,0.0000,0.0000,0,0,0,0,0,0,0
2067845000,49.8727930245,8.6512313809,145.7998,0.0025,0,0,0.0025,0,0.01,0.0000,0.0000,0.0000,0,0,0,0,0,0,0
2067945000,49.8727937752,8.6512315439,145.7910,0.0025,0,0,0.0025,0,0.01,0.0000,0.0000,0.0000,0,0,0,0,0,0,0
2068045000,49.8727946839,8.6512315711,145.7891,0.0025,0,0,0.0025,0,0.01,0.0000,0.0000,0.0000,0,0,0,0,0,0,0
2068145000,49.8727954784,8.6512316798,145.7822,0.0025,0,0,0.0025,0,0.01,0.0000,0.0000,0.0000,0,0,0,0,0,0,0
2068245000,49.8727963652,8.6512318156,145.7871,0.0025,0,0,0.0025,0,0.01,0.0000,0.0000,0.0000,0,0,0,0,0,0,0
2068345000,49.8727972651,8.6512319243,145.7979,0.0025,0,0,0.0025,0,0.01,0.0000,0.0000,0.0000,0,0,0,0,0,0,0
2068445000,49.8727982067,8.6512320601,145.8066,0.0025,0,0,0.0025,0,0.01,0.0000,0.0000,0.0000,0,0,0,0,0,0,0
2068545000,49.8727990529,8.6512320873,145.8018,0.0025,0,0,0.0025,0,0.01,0.0000,0.0000,0.0000,0,0,0,0,0,0,0
2068645000,49.8727998850,8.6512321145,145.7920,0.0025,0,0,0.0025,0,0.01,0.0000,0.0000,0.0000,0,0,0,0,0,0,0
2068745000,49.8728007594,8.6512321145,145.7842,0.0025,0,0,0.0025,0,0.01,0.0000,0.0000,0.0000,0,0,0,0,0,0,0
2068845000,49.8728016286,8.6512320330,145.7744,0.0025,0,0,0.0025,0,0.01,0.0000,0.0000,0.0000,0,0,0,0,0,0,0
2068945000,49.8728025439,8.6512318971,145.7754,0.0025,0,0,0.0025,0,0.01,0.0000,0.0000,0.0000,0,0,0,0,0,0,0
2069045000,49.8728034197,8.6512318156,145.8008,0.0025,0,0,0.0025,0,0.01,0.0000,0.0000,0.0000,0,0,0,0,0,0,0
2069145000,49.8728041748,8.6512317884,145.8105,0.0025,0,0,0.0025,0,0.01,0.0000,0.0000,0.0000,0,0,0,0,0,0,0
2069245000,49.8728049913,8.6512317613,145.8076,0.0025,0,0,0.0025,0,0.01,0.0000,0.0000,0.0000,0,0,0,0,0,0,0
2069345000,49.8728058385,8.6512315168,145.7998,0.0025,0,0,0.0025,0,0.01,0.0000,0.0000,0.0000,0,0,0,0,0,0,0
2069445000,49.8728067077,8.6512310820,145.7871,0.0025,0,0,0.0025,0,0.01,0.0000,0.0000,0.0000,0,0,0,0,0,0,0
2069545000,49.8728075111,8.6512305658,145.7773,0.0025,0,0,0.0025,0,0.01,0.0000,0.0000,0.0000,0,0,0,0,0,0,0
2069645000,49.8728083232,8.6512298322,145.7725,0.0025,0,0,0.0025,0,0.01,0.0000,0.0000,0.0000,0,0,0,0,0,0,0
2069745000,49.8728090870,8.6512289628,145.7832,0.0025,0,0,0.0025,0,0.01,0.0000,0.0000,0.0000,0,0,0,0,0,0,0
2069845000,49.8728096489,8.6512279575,145.7861,0.0025,0,0,0.0025,0,0.01,0.0000,0.0000,0.0000,0,0,0,0,0,0,0
2069945000,49.8728101669,8.6512267892,145.7813,0.0025,0,0,0.0025,0,0.01,0.0000,0.0000,0.0000,0,0,0,0,0,0,0
2070045000,49.8728104918,8.6512255530,145.7646,0.0025,0,0,0.0025,0,0.01,0.0000,0.0000,0.0000,0,0,0,0,0,0,0
2070145000,49.8728107727,8.6512242217,145.7578,0.0025,0,0,0.0025,0,0.01,0.0000,0.0000,0.0000,0,0,0,0,0,0,0
2070245000,49.8728109659,8.6512228225,145.7578,0.0025,0,0,0.0025,0,0.01,0.0000,0.0000,0.0000,0,0,0,0,0,0,0
2070345000,49.8728110449,8.6512212738,145.7676,0.0025,0,0,0.0025,0,0.01,0.0000,0.0000,0.0000,0,0,0,0,0,0,0
2070445000,49.8728110625,8.6512199289,145.7861,0.0025,0,0,0.0025,0,0.01,0.0000,0.0000,0.0000,0,0,0,0,0,0,0
2070551000,49.8728110449,8.6512184889,145.7920,0.0025,0,0,0.0025,0,0.01,0.0000,0.0000,0.0000,0,0,0,0,0,0,0
2070648000,49.8728110098,8.6512170897,145.7949,0.0025,0,0,0.0025,0,0.01,0.0000,0.0000,0.0000,0,0,0,0,0,0,0
2070745000,49.8728109659,8.6512156769,145.7871,0.0025,0,0,0.0025,0,0.01,0.0000,0.0000,0.0000,0,0,0,0,0,0,0
2070845000,49.8728109395,8.6512143184,145.7773,0.0025,0,0,0.0025,0,0.01,0.0000,0.0000,0.0000,0,0,0,0,0,0,0
2070945000,49.8728110273,8.6512130482,145.7744,0.0025,0,0,0.0025,0,0.01,0.0000,0.0000,0.0000,0,0,0,0,0,0,0
2071045000,49.8728110273,8.6512114316,145.7822,0.0025,0,0,0.0025,0,0.01,0.0000,0.0000,0.0000,0,0,0,0,0,0,0
2071145000,49.8728110537,8.6512101343,145.7988,0.0025,0,0,0.0025,0,0.01,0.0000,0.0000,0.0000,0,0,0,0,0,0,0
2071245000,49.8728110098,8.6512087011,145.8086,0.0025,0,0,0.0025,0,0.01,0.0000,0.0000,0.0000,0,0,0,0,0,0,0
2071345000,49.8728110098,8.6512074920,145.8066,0.0025,0,0,0.0025,0,0.01,0.0000,0.0000,0.0000,0,0,0,0,0,0,0
2071445000,49.8728109308,8.6512062286,145.7969,0.0025,0,0,0.0025,0,0.01,0.0000,0.0000,0.0000,0,0,0,0,0,0,0
2071545000,49.8728108518,8.6512048600,145.7832,0.0025,0,0,0.0025,0,0.01,0.0000,0.0000,0.0000,0,0,0,0,0,0,0
2071645000,49.8728107640,8.6512034166,145.7715,0.0025,0,0,0.0025,0,0.01,0.0000,0.0000,0.0000,0,0,0,0,0,0,0
2071745000,49.8728106235,8.6512018119,145.7705,0.0025,0,0,0.0025,0,0.01,0.0000,0.0000,0.0000,0,0,0,0,0,0,0
2071845000,49.8728105708,8.6512003377,145.7842,0.0025,0,0,0.0025,0,0.01,0.0000,0.0000,0.0000,0,0,0,0,0,0,0
2071945000,49.8728105532,8.6511990856,145.7930,0.0025,0,0,0.0025,0,0.01,0.0000,0.0000,0.0000,0,0,0,0,0,0,0
2072048000,49.8728104654,8.6511977755,145.7813,0.0025,0,0,0.0025,0,0.01,0.0000,0.0000,0.0000,0,0,0,0,0,0,0
2072145000,49.8728105006,8.6511963219,145.7764,0.0025,0,0,0.0025,0,0.01,0.0000,0.0000,0.0000,0,0,0,0,0,0,0
2072245000,49.8728104918,8.6511949431,145.7803,0.0025,0,0,0.0025,0,0.01,0.0000,0.0000,0.0000,0,0,0,0,0,0,0
2072345000,49.8728105620,8.6511935608,145.7842,0.0025,0,0,0.0025,0,0.01,0.0000,0.0000,0.0000,0,0,0,0,0,0,0
2072445000,49.8728106323,8.6511920733,145.7998,0.0025,0,0,0.0025,0,0.01,0.0000,0.0000,0.0000,0,0,0,0,0,0,0
2072545000,49.8728106147,8.6511905110,145.8154,0.0025,0,0,0.0025,0,0.01,0.0000,0.0000,0.0000,0,0,0,0,0,0,0
2072645000,49.8728106937,8.6511892408,145.8232,0.0025,0,0,0.0025,0,0.01,0.0000,0.0000,0.0000,0,0,0,0,0,0,0
2072745000,49.8728107376,8.6511878756,145.8311,0.0025,0,0,0.0025,0,0.01,0.0000,0.0000,0.0000,0,0,0,0,0,0,0
2072845000,49.8728107552,8.6511864967,145.8252,0.0025,0,0,0.0025,0,0.01,0.0000,0.0000,0.0000,0,0,0,0,0,0,0
2072945000,49.8728107376,8.6511851246,145.8164,0.0025,0,0,0.0025,0,0.01,0.0000,0.0000,0.0000,0,0,0,0,0,0,0
2073045000,49.8728106235,8.6511836303,145.8145,0.0025,0,0,0.0025,0,0.01,0.0000,0.0000,0.0000,0,0,0,0,0,0,0
2073145000,49.8728105796,8.6511822718,145.8213,0.0025,0,0,0.0025,0,0.01,0.0000,0.0000,0.0000,0,0,0,0,0,0,0
2073245000,49.8728105796,8.6511809541,145.8291,0.0025,0,0,0.0025,0,0.01,0.0000,0.0000,0.0000,0,0,0,0,0,0,0
2073345000,49.8728106059,8.6511796907,145.8271,0.0025,0,0,0.0025,0,0.01,0.0000,0.0000,0.0000,0,0,0,0,0,0,0
2073445000,49.8728106147,8.6511784273,145.8184,0.0025,0,0,0.0025,0,0.01,0.0000,0.0000,0.0000,0,0,0,0,0,0,0
2073547000,49.8728104215,8.6511771096,145.8105,0.0025,0,0,0.0025,0,0.01,0.0000,0.0000,0.0000,0,0,0,0,0,0,0
2073645000,49.8728101494,8.6511759005,145.8086,0.0025,0,0,0.0025,0,0.01,0.0000,0.0000,0.0000,0,0,0,0,0,0,0
2073745000,49.8728097192,8.6511747458,145.8115,0.0025,0,0,0.0025,0,0.01,0.0000,0.0000,0.0000,0,0,0,0,0,0,0
2073845000,49.8728091485,8.6511737813,145.8145,0.0025,0,0,0.0025,0,0.01,0.0000,0.0000,0.0000,0,0,0,0,0,0,0
2073945000,49.8728085076,8.6511730749,145.8105,0.0025,0,0,0.0025,0,0.01,0.0000,0.0000,0.0000,0,0,0,0,0,0,0
2074045000,49.8728077964,8.6511725315,145.8047,0.0025,0,0,0.0025,0,0.01,0.0000,0.0000,0.0000,0,0,0,0,0,0,0
2074145000,49.8728071028,8.6511720153,145.7930,0.0025,0,0,0.0025,0,0.01,0.0000,0.0000,0.0000,0,0,0,0,0,0,0
2074245000,49.8728064312,8.6511717436,145.7793,0.0025,0,0,0.0025,0,0.01,0.0000,0.0000,0.0000,0,0,0,0,0,0,0
2074345000,49.8728056673,8.6511714447,145.7773,0.0025,0,0,0.0025,0,0.01,0.0000,0.0000,0.0000,0,0,0,0,0,0,0
2074445000,49.8728048815,8.6511711459,145.7813,0.0025,0,0,0.0025,0,0.01,0.0000,0.0000,0.0000,0,0,0,0,0,0,0
2074545000,49.8728041045,8.6511709557,145.7959,0.0025,0,0,0.0025,0,0.01,0.0000,0.0000,0.0000,0,0,0,0,0,0,0
2074645000,49.8728034131,8.6511708198,145.8115,0.0025,0,0,0.0025,0,0.01,0.0000,0.0000,0.0000,0,0,0,0,0,0,0
2074745000,49.8728026493,8.6511705753,145.8193,0.0025,0,0,0.0025,0,0.01,0.0000,0.0000,0.0000,0,0,0,0,0,0,0
2074845000,49.8728019513,8.6511704123,145.8105,0.0025,0,0,0.0025,0,0.01,0.0000,0.0000,0.0000,0,0,0,0,0,0,0
2074945000,49.8728012215,8.6511702221,145.8008,0.0025,0,0,0.0025,0,0.01,0.0000,0.0000,0.0000,0,0,0,0,0,0,0
2075045000,49.8728004640,8.6511699776,145.7949,0.0025,0,0,0.0025,0,0.01,0.0000,0.0000,0.0000,0,0,0,0,0,0,0
2075145000,49.8727998118,8.6511697059,145.7988,0.0025,0,0,0.0025,0,0.01,0.0000,0.0000,0.0000,0,0,0,0,0,0,0
2075245000,49.8727991165,8.6511694070,145.8057,0.0025,0,0,0.0025,0,0.01,0.0000,0.0000,0.0000,0,0,0,0,0,0,0
2075345000,49.8727983670,8.6511691897,145.8125,0.0025,0,0,0.0025,0,0.01,0.0000,0.0000,0.0000,0,0,0,0,0,0,0
2075445000,49.8727976558,8.6511690810,145.8115,0.0025,0,0,0.0025,0,0.01,0.0000,0.0000,0.0000,0,0,0,0,0,0,0
2075545000,49.8727970061,8.6511690810,145.8115,0.0025,0,0,0.0025,0,0.01,0.0000,0.0000,0.0000,0,0,0,0,0,0,0
2075645000,49.8727963454,8.6511691897,145.8086,0.0025,0,0,0.0025,0,0.01,0.0000,0.0000,0.0000,0,0,0,0,0,0,0
2075745000,49.8727956694,8.6511693799,145.8057,0.0025,0,0,0.0025,0,0.01,0.0000,0.0000,0.0000,0,0,0,0,0,0,0
2075845000,49.8727949473,8.6511696515,145.8008,0.0025,0,0,0.0025,0,0.01,0.0000,0.0000,0.0000,0,0,0,0,0,0,0
2075945000,49.8727942537,8.6511699776,145.8066,0.0025,0,0,0.0025,0,0.01,0.0000,0.0000,0.0000,0,0,0,0,0,0,0
2076045000,49.8727937313,8.6511703308,145.8232,0.0025,0,0,0.0025,0,0.01,0.0000,0.0000,0.0000,0,0,0,0,0,0,0
2076145000,49.8727932615,8.6511707655,145.8330,0.0025,0,0,0.0025,0,0.01,0.0000,0.0000,0.0000,0,0,0,0,0,0,0
2076245000,49.8727928445,8.6511713361,145.8359,0.0025,0,0,0.0025,0,0.01,0.0000,0.0000,0.0000,0,0,0,0,0,0,0
2076345000,49.8727924758,8.6511720153,145.8271,0.0025,0,0,0.0025,0,0.01,0.0000,0.0000,0.0000,0,0,0,0,0,0,0
2076445000,49.8727922168,8.6511727761,145.8184,0.0025,0,0,0.0025,0,0.01,0.0000,0.0000,0.0000,0,0,0,0,0,0,0
2076545000,49.8727920324,8.6511733874,145.8184,0.0025,0,0,0.0025,0,0.01,0.0000,0.0000,0.0000,0,0,0,0,0,0,0
2076645000,49.8727919534,8.6511740123,145.8105,0.0025,0,0,0.0025,0,0.01,0.0000,0.0000,0.0000,0,0,0,0,0,0,0
2076745000,49.8727919665,8.6511745557,145.8037,0.0025,0,0,0.0025,0,0.01,0.0000,0.0000,0.0000,0,0,0,0,0,0,0
2076845000,49.8727921026,8.6511750040,145.7881,0.0025,0,0,0.0025,0,0.01,0.0000,0.0000,0.0000,0,0,0,0,0,0,0
2076945000,49.8727922958,8.6511752077,145.7803,0.0025,0,0,0.0025,0,0.01,0.0000,0.0000,0.0000,0,0,0,0,0,0,0
2077045000,49.8727925636,8.6511752892,145.7773,0.0025,0,0,0.0025,0,0.01,0.0000,0.0000,0.0000,0,0,0,0,0,0,0
2077145000,49.8727928709,8.6511753028,145.7734,0.0025,0,0,0.0025,0,0.01,0.0000,0.0000,0.0000,0,0,0,0,0,0,0
2077245000,49.8727931255,8.6511752892,145.7598,0.0025,0,0,0.0025,0,0.01,0.0000,0.0000,0.0000,0,0,0,0,0,0,0
2077345000,49.8727934284,8.6511752621,145.7666,0.0025,0,0,0.0025,0,0.01,0.0000,0.0000,0.0000,0,0,0,0,0,0,0
2077445000,49.8727937181,8.6511752349,145.7686,0.0025,0,0,0.0025,0,0.01,0.0000,0.0000,0.0000,0,0,0,0,0,0,0
2077549000,49.8727939639,8.6511751806,145.7598,0.0025,0,0,0.0025,0,0.01,0.0000,0.0000,0.0000,0,0,0,0,0,0,0
2077645000,49.8727942054,8.6511751398,145.7471,0.0025,0,0,0.0025,0,0.01,0.0000,0.0000,0.0000,0,0,0,0,0,0,0
2077745000,49.8727944424,8.6511751534,145.7344,0.0025,0,0,0.0025,0,0.01,0.0000,0.0000,0.0000,0,0,0,0,0,0,0
2077847000,49.8727946926,8.6511751806,145.7227,0.0025,0,0,0.0025,0,0.01,0.0000,0.0000,0.0000,0,0,0,0,0,0,0
2077949000,49.8727950131,8.6511754523,145.7373,0.0025,0,0,0.0025,0,0.01,0.0000,0.0000,0.0000,0,0,0,0,0,0,0
2078045000,49.8727953116,8.6511756696,145.7246,0.0025,0,0,0.0025,0,0.01,0.0000,0.0000,0.0000,0,0,0,0,0,0,0
2078146000,49.8727956431,8.6511759277,145.7002,0.0025,0,0,0.0025,0,0.01,0.0000,0.0000,0.0000,0,0,0,0,0,0,0
2078246000,49.8727958274,8.6511762266,145.6523,0.0025,0,0,0.0025,0,0.01,0.0000,0.0000,0.0000,0,0,0,0,0,0,0
2078345000,49.8727960403,8.6511766206,145.6064,0.0025,0,0,0.0025,0,0.01,0.0000,0.0000,0.0000,0,0,0,0,0,0,0
2078446000,49.8727961742,8.6511770688,145.5537,0.0025,0,0,0.0025,0,0.01,0.0000,0.0000,0.0000,0,0,0,0,0,0,0
2078545000,49.8727963015,8.6511775579,145.4971,0.0025,0,0,0.0025,0,0.01,0.0000,0.0000,0.0000,0,0,0,0,0,0,0
2078646000,49.8727963125,8.6511782100,145.4277,0.0025,0,0,0.0025,0,0.01,0.0000,0.0000,0.0000,0,0,0,0,0,0,0
2078745000,49.8727963279,8.6511788077,145.3613,0.0025,0,0,0.0025,0,0.01,0.0000,0.0000,0.0000,0,0,0,0,0,0,0
2078846000,49.8727963630,8.6511794869,145.2959,0.0025,0,0,0.0025,0,0.01,0.0000,0.0000,0.0000,0,0,0,0,0,0,0
2078945000,49.8727963279,8.6511802341,145.2002,0.0025,0,0,0.0025,0,0.01,0.0000,0.0000,0.0000,0,0,0,0,0,0,0
2079048000,49.8727963630,8.6511808862,145.0898,0.0025,0,0,0.0025,0,0.01,0.0000,0.0000,0.0000,0,0,0,0,0,0,0
2079148000,49.8727964091,8.6511815518,144.9790,0.0025,0,0,0.0025,0,0.01,0.0000,0.0000,0.0000,0,0,0,0,0,0,0
2079245000,49.8727964157,8.6511820816,144.8789,0.0025,0,0,0.0025,0,0.01,0.0000,0.0000,0.0000,0,0,0,0,0,0,0
2079345000,49.8727965188,8.6511826114,144.7495,0.0025,0,0,0.0025,0,0.01,0.0000,0.0000,0.0000,0,0,0,0,0,0,0
2079445000,49.8727966988,8.6511828560,144.6138,0.0025,0,0,0.0025,0,0.01,0.0000,0.0000,0.0000,0,0,0,0,0,0,0
2079545000,49.8727968283,8.6511831141,144.4673,0.0025,0,0,0.0025,0,0.01,0.0000,0.0000,0.0000,0,0,0,0,0,0,0
2079646000,49.8727968503,8.6511832363,144.3337,0.0025,0,0,0.0025,0,0.01,0.0000,0.0000,0.0000,0,0,0,0,0,0,0
2079746000,49.8727968634,8.6511832228,144.2142,0.0025,0,0,0.0025,0,0.01,0.0000,0.0000,0.0000,0,0,0,0,0,0,0
2079845000,49.8727968942,8.6511832499,144.1385,0.0025,0,0,0.0025,0,0.01,0.0000,0.0000,0.0000,0,0,0,0,0,0,0
2079945000,49.8727969622,8.6511832363,144.0844,0.0025,0,0,0.0025,0,0.01,0.0000,0.0000,0.0000,0,0,0,0,0,0,0
2080045000,49.8727969776,8.6511831956,144.0471,0.0025,0,0,0.0025,0,0.01,0.0000,0.0000,0.0000,0,0,0,0,0,0,0
2080146000,49.8727969490,8.6511832499,144.0251,0.0025,0,0,0.0025,0,0.01,0.0000,0.0000,0.0000,0,0,0,0,0,0,0
2080245000,49.8727969951,8.6511831956,144.0060,0.0025,0,0,0.0025,0,0.01,0.0000,0.0000,0.0000,0,0,0,0,0,0,0
2080345000,49.8727970544,8.6511832228,144.0004,0.0025,0,0,0.0025,0,0.01,0.0000,0.0000,0.0000,0,0,0,0,0,0,0
2080445000,49.8727970829,8.6511832228,144.0062,0.0025,0,0,0.0025,0,0.01,0.0000,0.0000,0.0000,0,0,0,0,0,0,0
2080545000,49.8727970544,8.6511831548,144.0172,0.0025,0,0,0.0025,0,0.01,0.0000,0.0000,0.0000,0,0,0,0,0,0,0
2080645000,49.8727970610,8.6511831820,144.0191,0.0025,0,0,0.0025,0,0.01,0.0000,0.0000,0.0000,0,0,0,0,0,0,0
2080745000,49.8727970632,8.6511831684,144.0207,0.0025,0,0,0.0025,0,0.01,0.0000,0.0000,0.0000,0,0,0,0,0,0,0
2080845000,49.8727970017,8.6511831684,144.0079,0.0025,0,0,0.0025,0,0.01,0.0000,0.0000,0.0000,0,0,0,0,0,0,0
2080947000,49.8727970061,8.6511831548,144.0028,0.0025,0,0,0.0025,0,0.01,0.0000,0.0000,0.0000,0,0,0,0,0,0,0
2081046000,49.8727970610,8.6511831956,144.0057,0.0025,0,0,0.0025,0,0.01,0.0000,0.0000,0.0000,0,0,0,0,0,0,0
2081145000,49.8727970610,8.6511831956,144.0112,0.0025,0,0,0.0025,0,0.01,0.0000,0.0000,0.0000,0,0,0,0,0,0,0
2081245000,49.8727970478,8.6511831820,144.0112,0.0025,0,0,0.0025,0,0.01,0.0000,0.0000,0.0000,0,0,0,0,0,0,0
2081345000,49.8727970610,8.6511831820,144.0152,0.0025,0,0,0.0025,0,0.01,0.0000,0.0000,0.0000,0,0,0,0,0,0,0
2081445000,49.8727970610,8.6511831820,144.0180,0.0025,0,0,0.0025,0,0.01,0.0000,0.0000,0.0000,0,0,0,0,0,0,0
2081545000,49.8727970588,8.6511831820,144.0181,0.0025,0,0,0.0025,0,0.01,0.0000,0.0000,0.0000,0,0,0,0,0,0,0
2081645000,49.8727970434,8.6511831820,144.0124,0.0025,0,0,0.0025,0,0.01,0.0000,0.0000,0.0000,0,0,0,0,0,0,0
2081745000,49.8727970346,8.6511831820,144.0042,0.0025,0,0,0.0025,0,0.01,0.0000,0.0000,0.0000,0,0,0,0,0,0,0
2081845000,49.8727970083,8.6511831820,144.0004,0.0025,0,0,0.0025,0,0.01,0.0000,0.0000,0.0000,0,0,0,0,0,0,0
2081945000,49.8727969929,8.6511831820,143.9971,0.0025,0,0,0.0025,0,0.01,0.0000,0.0000,0.0000,0,0,0,0,0,0,0
2082048000,49.8727970149,8.6511831684,143.9970,0.0025,0,0,0.0025,0,0.01,0.0000,0.0000,0.0000,0,0,0,0,0,0,0
2082145000,49.8727970061,8.6511831820,144.0006,0.0025,0,0,0.0025,0,0.01,0.0000,0.0000,0.0000,0,0,0,0,0,0,0
2082245000,49.8727970324,8.6511831820,144.0090,0.0025,0,0,0.0025,0,0.01,0.0000,0.0000,0.0000,0,0,0,0,0,0,0
2082348000,49.8727970632,8.6511831820,144.0161,0.0025,0,0,0.0025,0,0.01,0.0000,0.0000,0.0000,0,0,0,0,0,0,0
2082445000,49.8727970566,8.6511831548,144.0192,0.0025,0,0,0.0025,0,0.01,0.0000,0.0000,0.0000,0,0,0,0,0,0,0
2082548000,49.8727970632,8.6511831956,144.0123,0.0025,0,0,0.0025,0,0.01,0.0000,0.0000,0.0000,0,0,0,0,0,0,0
2082645000,49.8727970698,8.6511831684,144.0158,0.0025,0,0,0.0025,0,0.01,0.0000,0.0000,0.0000,0,0,0,0,0,0,0
2082748000,49.8727970303,8.6511831684,144.0113,0.0025,0,0,0.0025,0,0.01,0.0000,0.0000,0.0000,0,0,0,0,0,0,0
2082845000,49.8727970588,8.6511831548,144.0203,0.0025,0,0,0.0025,0,0.01,0.0000,0.0000,0.0000,0,0,0,0,0,0,0
2082945000,49.8727970588,8.6511831413,144.0220,0.0025,0,0,0.0025,0,0.01,0.0000,0.0000,0.0000,0,0,0,0,0,0,0
2083045000,49.8727970676,8.6511831277,144.0235,0.0025,0,0,0.0025,0,0.01,0.0000,0.0000,0.0000,0,0,0,0,0,0,0
2083145000,49.8727970610,8.6511831413,144.0243,0.0025,0,0,0.0025,0,0.01,0.0000,0.0000,0.0000,0,0,0,0,0,0,0
2083245000,49.8727970390,8.6511831820,144.0122,0.0025,0,0,0.0025,0,0.01,0.0000,0.0000,0.0000,0,0,0,0,0,0,0
2083345000,49.8727970566,8.6511831684,144.0147,0.0025,0,0,0.0025,0,0.01,0.0000,0.0000,0.0000,0,0,0,0,0,0,0
2083445000,49.8727970478,8.6511831684,144.0132,0.0025,0,0,0.0025,0,0.01,0.0000,0.0000,0.0000,0,0,0,0,0,0,0
2083545000,49.8727970895,8.6511832092,144.0109,0.0025,0,0,0.0025,0,0.01,0.0000,0.0000,0.0000,0,0,0,0,0,0,0
2083645000,49.8727970522,8.6511831684,144.0141,0.0025,0,0,0.0025,0,0.01,0.0000,0.0000,0.0000,0,0,0,0,0,0,0
2083745000,49.8727969973,8.6511831956,144.0052,0.0025,0,0,0.0025,0,0.01,0.0000,0.0000,0.0000,0,0,0,0,0,0,0
2083845000,49.8727970698,8.6511831956,144.0126,0.0025,0,0,0.0025,0,0.01,0.0000,0.0000,0.0000,0,0,0,0,0,0,0
2083945000,49.8727970303,8.6511832092,144.0043,0.0025,0,0,0.0025,0,0.01,0.0000,0.0000,0.0000,0,0,0,0,0,0,0
2084045000,49.8727970610,8.6511831820,144.0129,0.0025,0,0,0.0025,0,0.01,0.0000,0.0000,0.0000,0,0,0,0,0,0,0
2084145000,49.8727970544,8.6511831820,144.0100,0.0025,0,0,0.0025,0,0.01,0.0000,0.0000,0.0000,0,0,0,0,0,0,0
2084245000,49.8727970281,8.6511831548,144.0072,0.0025,0,0,0.0025,0,0.01,0.0000,0.0000,0.0000,0,0,0,0,0,0,0
2084345000,49.8727970061,8.6511831684,144.0003,0.0025,0,0,0.0025,0,0.01,0.0000,0.0000,0.0000,0,0,0,0,0,0,0
2084445000,49.8727969688,8.6511831956,143.9998,0.0025,0,0,0.0025,0,0.01,0.0000,0.0000,0.0000,0,0,0,0,0,0,0
2084545000,49.8727970654,8.6511831548,144.0238,0.0025,0,0,0.0025,0,0.01,0.0000,0.0000,0.0000,0,0,0,0,0,0,0
2084645000,49.8727970676,8.6511831548,144.0285,0.0025,0,0,0.0025,0,0.01,0.0000,0.0000,0.0000,0,0,0,0,0,0,0
2084747000,49.8727970500,8.6511831820,144.0156,0.0025,0,0,0.0025,0,0.01,0.0000,0.0000,0.0000,0,0,0,0,0,0,0
2084845000,49.8727970368,8.6511832228,144.0065,0.0025,0,0,0.0025,0,0.01,0.0000,0.0000,0.0000,0,0,0,0,0,0,0
2084946000,49.8727970303,8.6511831820,144.0051,0.0025,0,0,0.0025,0,0.01,0.0000,0.0000,0.0000,0,0,0,0,0,0,0
2085045000,49.8727970434,8.6511831820,144.0091,0.0025,0,0,0.0025,0,0.01,0.0000,0.0000,0.0000,0,0,0,0,0,0,0
2085145000,49.8727970478,8.6511832092,144.0052,0.0025,0,0,0.0025,0,0.01,0.0000,0.0000,0.0000,0,0,0,0,0,0,0
2085245000,49.8727970610,8.6511832092,144.0071,0.0025,0,0,0.0025,0,0.01,0.0000,0.0000,0.0000,0,0,0,0,0,0,0
2085345000,49.8727970324,8.6511831684,144.0106,0.0025,0,0,0.0025,0,0.01,0.0000,0.0000,0.0000,0,0,0,0,0,0,0
2085445000,49.8727970522,8.6511832092,144.0103,0.0025,0,0,0.0025,0,0.01,0.0000,0.0000,0.0000,0,0,0,0,0,0,0
2085545000,49.8727969995,8.6511832363,143.9990,0.0025,0,0,0.0025,0,0.01,0.0000,0.0000,0.0000,0,0,0,0,0,0,0
2085645000,49.8727970785,8.6511831956,144.0084,0.0025,0,0,0.0025,0,0.01,0.0000,0.0000,0.0000,0,0,0,0,0,0,0
2085745000,49.8727970566,8.6511831956,144.0072,0.0025,0,0,0.0025,0,0.01,0.0000,0.0000,0.0000,0,0,0,0,0,0,0
2085845000,49.8727970895,8.6511832092,144.0133,0.0025,0,0,0.0025,0,0.01,0.0000,0.0000,0.0000,0,0,0,0,0,0,0
2085947000,49.8727970215,8.6511831684,144.0063,0.0025,0,0,0.0025,0,0.01,0.0000,0.0000,0.0000,0,0,0,0,0,0,0
2086047000,49.8727970303,8.6511831820,144.0110,0.0025,0,0,0.0025,0,0.01,0.0000,0.0000,0.0000,0,0,0,0,0,0,0
2086145000,49.8727970390,8.6511831413,144.0187,0.0025,0,0,0.0025,0,0.01,0.0000,0.0000,0.0000,0,0,0,0,0,0,0
2086245000,49.8727970368,8.6511831277,144.0227,0.0025,0,0,0.0025,0,0.01,0.0000,0.0000,0.0000,0,0,0,0,0,0,0
2086345000,49.8727970720,8.6511831820,144.0238,0.0025,0,0,0.0025,0,0.01,0.0000,0.0000,0.0000,0,0,0,0,0,0,0
2086445000,49.8727970368,8.6511832092,144.0054,0.0025,0,0,0.0025,0,0.01,0.0000,0.0000,0.0000,0,0,0,0,0,0,0
2086545000,49.8727970346,8.6511832092,144.0029,0.0025,0,0,0.0025,0,0.01,0.0000,0.0000,0.0000,0,0,0,0,0,0,0
2086645000,49.8727970039,8.6511832363,143.9914,0.0025,0,0,0.0025,0,0.01,0.0000,0.0000,0.0000,0,0,0,0,0,0,0
2086745000,49.8727970544,8.6511832092,144.0003,0.0025,0,0,0.0025,0,0.01,0.0000,0.0000,0.0000,0,0,0,0,0,0,0
2086846000,49.8727970039,8.6511831820,143.9992,0.0025,0,0,0.0025,0,0.01,0.0000,0.0000,0.0000,0,0,0,0,0,0,0
2086945000,49.8727970171,8.6511831413,144.0065,0.0025,0,0,0.0025,0,0.01,0.0000,0.0000,0.0000,0,0,0,0,0,0,0
2087045000,49.8727970171,8.6511831548,144.0114,0.0025,0,0,0.0025,0,0.01,0.0000,0.0000,0.0000,0,0,0,0,0,0,0
2087145000,49.8727970698,8.6511831684,144.0241,0.0025,0,0,0.0025,0,0.01,0.0000,0.0000,0.0000,0,0,0,0,0,0,0
2087245000,49.8727970785,8.6511831548,144.0278,0.0025,0,0,0.0025,0,0.01,0.0000,0.0000,0.0000,0,0,0,0,0,0,0
2087345000,49.8727970698,8.6511831820,144.0190,0.0025,0,0,0.0025,0,0.01,0.0000,0.0000,0.0000,0,0,0,0,0,0,0
2087445000,49.8727970939,8.6511832228,144.0129,0.0025,0,0,0.0025,0,0.01,0.0000,0.0000,0.0000,0,0,0,0,0,0,0
2087545000,49.8727970654,8.6511831684,144.0206,0.0025,0,0,0.0025,0,0.01,0.0000,0.0000,0.0000,0,0,0,0,0,0,0
2087645000,49.8727970698,8.6511831820,144.0211,0.0025,0,0,0.0025,0,0.01,0.0000,0.0000,0.0000,0,0,0,0,0,0,0
2087745000,49.8727970763,8.6511832228,144.0079,0.0025,0,0,0.0025,0,0.01,0.0000,0.0000,0.0000,0,0,0,0,0,0,0
2087847000,49.8727970500,8.6511831548,144.0153,0.0025,0,0,0.0025,0,0.01,0.0000,0.0000,0.0000,0,0,0,0,0,0,0
2087945000,49.8727970193,8.6511831684,144.0095,0.0025,0,0,0.0025,0,0.01,0.0000,0.0000,0.0000,0,0,0,0,0,0,0
2088045000,49.8727970544,8.6511831820,144.0062,0.0025,0,0,0.0025,0,0.01,0.0000,0.0000,0.0000,0,0,0,0,0,0,0
2088145000,49.8727970346,8.6511831820,144.0061,0.0025,0,0,0.0025,0,0.01,0.0000,0.0000,0.0000,0,0,0,0,0,0,0
2088246000,49.8727970368,8.6511831820,144.0059,0.0025,0,0,0.0025,0,0.01,0.0000,0.0000,0.0000,0,0,0,0,0,0,0
2088345000,49.8727970676,8.6511831820,144.0162,0.0025,0,0,0.0025,0,0.01,0.0000,0.0000,0.0000,0,0,0,0,0,0,0
2088445000,49.8727970698,8.6511831684,144.0220,0.0025,0,0,0.0025,0,0.01,0.0000,0.0000,0.0000,0,0,0,0,0,0,0
2088545000,49.8727970588,8.6511831820,144.0145,0.0025,0,0,0.0025,0,0.01,0.0000,0.0000,0.0000,0,0,0,0,0,0,0
2088645000,49.8727970720,8.6511831820,144.0166,0.0025,0,0,0.0025,0,0.01,0.0000,0.0000,0.0000,0,0,0,0,0,0,0
2088745000,49.8727970237,8.6511832092,144.0072,0.0025,0,0,0.0025,0,0.01,0.0000,0.0000,0.0000,0,0,0,0,0,0,0
2088847000,49.8727970610,8.6511832092,144.0097,0.0025,0,0,0.0025,0,0.01,0.0000,0.0000,0.0000,0,0,0,0,0,0,0
2088945000,49.8727970412,8.6511831956,144.0040,0.0025,0,0,0.0025,0,0.01,0.0000,0.0000,0.0000,0,0,0,0,0,0,0
2089045000,49.8727969842,8.6511831956,143.9971,0.0025,0,0,0.0025,0,0.01,0.0000,0.0000,0.0000,0,0,0,0,0,0,0
2089145000,49.8727969710,8.6511831956,143.9994,0.0025,0,0,0.0025,0,0.01,0.0000,0.0000,0.0000,0,0,0,0,0,0,0
2089245000,49.8727970698,8.6511831956,144.0152,0.0025,0,0,0.0025,0,0.01,0.0000,0.0000,0.0000,0,0,0,0,0,0,0
2089345000,49.8727970654,8.6511831956,144.0151,0.0025,0,0,0.0025,0,0.01,0.0000,0.0000,0.0000,0,0,0,0,0,0,0
2089445000,49.8727970742,8.6511831820,144.0156,0.0025,0,0,0.0025,0,0.01,0.0000,0.0000,0.0000,0,0,0,0,0,0,0
2089545000,49.8727970829,8.6511832092,144.0093,0.0025,0,0,0.0025,0,0.01,0.0000,0.0000,0.0000,0,0,0,0,0,0,0
2089647000,49.8727970544,8.6511831956,144.0108,0.0025,0,0,0.0025,0,0.01,0.0000,0.0000,0.0000,0,0,0,0,0,0,0
2089745000,49.8727970742,8.6511832092,144.0097,0.0025,0,0,0.0025,0,0.01,0.0000,0.0000,0.0000,0,0,0,0,0,0,0
2089845000,49.8727970368,8.6511831413,144.0156,0.0025,0,0,0.0025,0,0.01,0.0000,0.0000,0.0000,0,0,0,0,0,0,0
2089945000,49.8727970698,8.6511832092,144.0101,0.0025,0,0,0.0025,0,0.01,0.0000,0.0000,0.0000,0,0,0,0,0,0,0
2090045000,49.8727970566,8.6511831820,144.0142,0.0025,0,0,0.0025,0,0.01,0.0000,0.0000,0.0000,0,0,0,0,0,0,0
2090145000,49.8727970456,8.6511832092,144.0072,0.0025,0,0,0.0025,0,0.01,0.0000,0.0000,0.0000,0,0,0,0,0,0,0
2090245000,49.8727970566,8.6511831956,144.0068,0.0025,0,0,0.0025,0,0.01,0.0000,0.0000,0.0000,0,0,0,0,0,0,0
2090345000,49.8727970654,8.6511831820,144.0145,0.0025,0,0,0.0025,0,0.01,0.0000,0.0000,0.0000,0,0,0,0,0,0,0
2090445000,49.8727970500,8.6511831684,144.0130,0.0025,0,0,0.0025,0,0.01,0.0000,0.0000,0.0000,0,0,0,0,0,0,0
2090545000,49.8727970566,8.6511831684,144.0173,0.0025,0,0,0.0025,0,0.01,0.0000,0.0000,0.0000,0,0,0,0,0,0,0
2090648000,49.8727970829,8.6511832092,144.0158,0.0025,0,0,0.0025,0,0.01,0.0000,0.0000,0.0000,0,0,0,0,0,0,0
2090745000,49.8727970785,8.6511831820,144.0217,0.0025,0,0,0.0025,0,0.01,0.0000,0.0000,0.0000,0,0,0,0,0,0,0
2090846000,49.8727970324,8.6511831820,144.0102,0.0025,0,0,0.0025,0,0.01,0.0000,0.0000,0.0000,0,0,0,0,0,0,0
2090945000,49.8727970632,8.6511831820,144.0179,0.0025,0,0,0.0025,0,0.01,0.0000,0.0000,0.0000,0,0,0,0,0,0,0
2091045000,49.8727970193,8.6511831684,144.0117,0.0025,0,0,0.0025,0,0.01,0.0000,0.0000,0.0000,0,0,0,0,0,0,0
2091145000,49.8727970610,8.6511831548,144.0231,0.0025,0,0,0.0025,0,0.01,0.0000,0.0000,0.0000,0,0,0,0,0,0,0
2091247000,49.8727970654,8.6511831684,144.0236,0.0025,0,0,0.0025,0,0.01,0.0000,0.0000,0.0000,0,0,0,0,0,0,0
2091345000,49.8727970610,8.6511831413,144.0234,0.0025,0,0,0.0025,0,0.01,0.0000,0.0000,0.0000,0,0,0,0,0,0,0
2091445000,49.8727970698,8.6511831820,144.0227,0.0025,0,0,0.0025,0,0.01,0.0000,0.0000,0.0000,0,0,0,0,0,0,0
2091546000,49.8727970785,8.6511832092,144.0203,0.0025,0,0,0.0025,0,0.01,0.0000,0.0000,0.0000,0,0,0,0,0,0,0
2091645000,49.8727970456,8.6511832092,144.0054,0.0025,0,0,0.0025,0,0.01,0.0000,0.0000,0.0000,0,0,0,0,0,0,0
2091745000,49.8727970522,8.6511831820,144.0097,0.0025,0,0,0.0025,0,0.01,0.0000,0.0000,0.0000,0,0,0,0,0,0,0
2091845000,49.8727970939,8.6511832092,144.0157,0.0025,0,0,0.0025,0,0.01,0.0000,0.0000,0.0000,0,0,0,0,0,0,0
2091945000,49.8727970873,8.6511832228,144.0176,0.0025,0,0,0.0025,0,0.01,0.0000,0.0000,0.0000,0,0,0,0,0,0,0
2092045000,49.8727970829,8.6511832228,144.0118,0.0025,0,0,0.0025,0,0.01,0.0000,0.0000,0.0000,0,0,0,0,0,0,0
2092145000,49.8727970654,8.6511831684,144.0157,0.0025,0,0,0.0025,0,0.01,0.0000,0.0000,0.0000,0,0,0,0,0,0,0
2092245000,49.8727970478,8.6511831277,144.0190,0.0025,0,0,0.0025,0,0.01,0.0000,0.0000,0.0000,0,0,0,0,0,0,0
