# t_us, lat_deg, lon_deg, h_m, roll_deg, pitch_deg, yaw_deg, vn_mps, ve_mps, vd_mps
# Crazyflie onboard estimate (not independent truth)
1710467000,49.8728035031,8.6511732787,144.0204,-0.144687,0.380961,-142.304667,0.0000,0.0000,0.0000
1710569000,49.8728035119,8.6511732787,144.0197,-0.129368,0.407292,-142.254880,0.0000,0.0000,0.0000
1710667000,49.8728035273,8.6511732651,144.0166,-0.079134,0.428492,-142.304482,0.0000,0.0000,0.0000
1710767000,49.8728035053,8.6511732787,144.0186,-0.167422,0.340772,-142.329799,0.0000,0.0000,0.0000
1710867000,49.8728035053,8.6511732787,144.0188,-0.154328,0.367504,-142.280026,0.0000,0.0000,0.0000
1710968000,49.8728035053,8.6511732787,144.0195,-0.147728,0.343911,-142.304630,0.0000,0.0000,0.0000
1711067000,49.8728035031,8.6511732787,144.0203,-0.159494,0.331378,-142.279992,0.0000,0.0000,0.0000
1711167000,49.8728035031,8.6511732787,144.0211,-0.163703,0.333388,-142.304663,0.0000,0.0000,0.0000
1711267000,49.8728035031,8.6511732787,144.0220,-0.164171,0.338029,-142.304671,0.0000,0.0000,0.0000
1711367000,49.8728035075,8.6511732787,144.0225,-0.158212,0.354444,-142.254909,0.0000,0.0000,0.0000
1711467000,49.8728035097,8.6511732787,144.0232,-0.161499,0.367192,-142.254937,0.0000,0.0000,0.0000
1711567000,49.8728035075,8.6511732787,144.0190,-0.143281,0.397177,-142.179550,0.0000,0.0000,0.0000
1711667000,49.8728035097,8.6511732787,144.0178,-0.148301,0.393086,-142.129837,0.0000,0.0000,0.0000
1711767000,49.8728035163,8.6511732787,144.0178,-0.142592,0.397758,-142.179548,0.0000,0.0000,0.0000
1711867000,49.8728035031,8.6511732787,144.0197,-0.195855,0.333303,-142.254989,0.0000,0.0000,0.0000
1711969000,49.8728035009,8.6511732787,144.0206,-0.194902,0.341316,-142.255000,0.0000,0.0000,0.0000
1712069000,49.8728035053,8.6511732787,144.0199,-0.166239,0.377615,-142.204728,0.0000,0.0000,0.0000
1712167000,49.8728035031,8.6511732787,144.0194,-0.167469,0.363670,-142.179585,0.0000,0.0000,0.0000
1712268000,49.8728035185,8.6511732787,144.0177,-0.104552,0.461679,-142.129749,0.0000,0.0000,0.0000
1712368000,49.8728035053,8.6511732787,144.0182,-0.142232,0.381588,-142.204654,0.0000,0.0000,0.0000
1712467000,49.8728035053,8.6511732787,144.0183,-0.166792,0.363515,-142.179582,0.0000,0.0000,0.0000
1712567000,49.8728035097,8.6511732787,144.0183,-0.146627,0.370955,-142.179528,0.0000,0.0000,0.0000
1712667000,49.8728035075,8.6511732787,144.0190,-0.164785,0.346973,-142.179552,0.0000,0.0000,0.0000
1712767000,49.8728035338,8.6511732651,144.0159,-0.100288,0.412604,-142.204542,0.0000,0.0000,0.0000
1712867000,49.8728034987,8.6511732787,144.0192,-0.241838,0.291651,-142.204796,0.0000,0.0000,0.0000
1712967000,49.8728035163,8.6511732787,144.0181,-0.167916,0.388889,-142.104768,0.0000,0.0000,0.0000
1713067000,49.8728035338,8.6511732787,144.0157,-0.148186,0.438471,-142.079630,0.0000,0.0000,0.0000
1713167000,49.8728035426,8.6511732923,144.0145,-0.152114,0.441904,-142.079649,0.0000,0.0000,0.0000
1713267000,49.8728035536,8.6511733058,144.0135,-0.154417,0.446617,-142.079665,0.0000,0.0000,0.0000
1713367000,49.8728035514,8.6511733058,144.0136,-0.175831,0.416693,-142.079702,0.0000,0.0000,0.0000
1713467000,49.8728035536,8.6511733194,144.0137,-0.187034,0.385970,-142.054552,0.0000,0.0000,0.0000
1713567000,49.8728035536,8.6511733194,144.0141,-0.195038,0.369749,-142.004868,0.0000,0.0000,0.0000
1713667000,49.8728035514,8.6511733330,144.0147,-0.200763,0.352180,-141.979713,0.0000,0.0000,0.0000
1713767000,49.8728035053,8.6511732787,144.0179,-0.272474,0.199953,-142.004714,0.0000,0.0000,0.0000
1713867000,49.8728035119,8.6511732787,144.0188,-0.231863,0.269849,-142.004785,0.0000,0.0000,0.0000
1713967000,49.8728034965,8.6511732787,144.0199,-0.236588,0.261466,-142.004779,0.0000,0.0000,0.0000
1714067000,49.8728034987,8.6511732787,144.0202,-0.186045,0.325878,-142.054451,0.0000,0.0000,0.0000
1714167000,49.8728034965,8.6511732787,144.0207,-0.170550,0.349257,-142.054442,0.0000,0.0000,0.0000
1714267000,49.8728034987,8.6511732787,144.0210,-0.141543,0.377288,-142.054388,0.0000,0.0000,0.0000
1714367000,49.8728035031,8.6511732787,144.0210,-0.130267,0.385678,-142.079501,0.0000,0.0000,0.0000
1714467000,49.8728035031,8.6511732787,144.0203,-0.127397,0.384996,-142.179481,0.0000,0.0000,0.0000
1714567000,49.8728035141,8.6511732787,144.0196,-0.113570,0.416594,-142.179466,0.0000,0.0000,0.0000
1714667000,49.8728035404,8.6511732787,144.0161,-0.079676,0.507185,-142.179406,0.0000,0.0000,0.0000
1714767000,49.8728035031,8.6511732787,144.0198,-0.186585,0.321592,-142.229827,0.0000,0.0000,0.0000
1714867000,49.8728034965,8.6511732787,144.0202,-0.193202,0.325407,-142.229852,0.0000,0.0000,0.0000
1714967000,49.8728035053,8.6511732787,144.0183,-0.158947,0.386905,-142.129865,0.0000,0.0000,0.0000
1715067000,49.8728035053,8.6511732787,144.0183,-0.170026,0.395034,-142.179639,0.0000,0.0000,0.0000
1715167000,49.8728035404,8.6511732923,144.0147,-0.100631,0.519062,-142.129784,0.0000,0.0000,0.0000
1715268000,49.8728035119,8.6511732787,144.0178,-0.144087,0.388822,-142.129817,0.0000,0.0000,0.0000
1715367000,49.8728035251,8.6511732787,144.0165,-0.114780,0.455735,-142.104655,0.0000,0.0000,0.0000
1715467000,49.8728035185,8.6511732787,144.0172,-0.138724,0.414874,-142.079565,0.0000,0.0000,0.0000
1715567000,49.8728035404,8.6511732787,144.0142,-0.105466,0.491970,-142.054375,0.0000,0.0000,0.0000
1715667000,49.8728035426,8.6511732515,144.0065,-0.103408,0.421154,-142.104578,0.0000,0.0000,0.0000
1715767000,49.8728034812,8.6511732787,144.0099,-0.316166,0.255597,-142.104903,0.0000,0.0000,0.0000
1715867000,49.8728034614,8.6511732923,144.0086,-0.324896,0.263006,-142.104944,0.0000,0.0000,0.0000
1715967000,49.8728034965,8.6511732787,144.0186,-0.174458,0.377483,-142.204755,0.0000,0.0000,0.0000
1716067000,49.8728034987,8.6511732787,144.0200,-0.165425,0.383125,-142.204734,0.0000,0.0000,0.0000
1716167000,49.8728035031,8.6511732787,144.0214,-0.153990,0.393352,-142.204709,0.0000,0.0000,0.0000
1716267000,49.8728035053,8.6511732787,144.0208,-0.149335,0.387520,-142.254925,0.0000,0.0000,0.0000
1716367000,49.8728035075,8.6511732787,144.0220,-0.161711,0.389769,-142.229853,0.0000,0.0000,0.0000
1716467000,49.8728035075,8.6511732787,144.0195,-0.151935,0.402635,-142.204715,0.0000,0.0000,0.0000
1716567000,49.8728035053,8.6511732787,144.0191,-0.160581,0.385942,-142.229844,0.0000,0.0000,0.0000
1716667000,49.8728035031,8.6511732787,144.0194,-0.172411,0.372354,-142.229863,0.0000,0.0000,0.0000
1716767000,49.8728035097,8.6511732787,144.0186,-0.146745,0.382541,-142.204671,0.0000,0.0000,0.0000
1716867000,49.8728035075,8.6511732787,144.0186,-0.162388,0.371514,-142.179580,0.0000,0.0000,0.0000
1716967000,49.8728035316,8.6511732787,144.0161,-0.109501,0.460232,-142.129768,0.0000,0.0000,0.0000
1717067000,49.8728035053,8.6511732787,144.0172,-0.203806,0.315878,-142.104760,0.0000,0.0000,0.0000
1717167000,49.8728034965,8.6511732787,144.0180,-0.211170,0.314954,-142.104779,0.0000,0.0000,0.0000
1717267000,49.8728035031,8.6511732787,144.0190,-0.173930,0.355783,-142.104738,0.0000,0.0000,0.0000
1717367000,49.8728035163,8.6511732787,144.0186,-0.133398,0.398745,-142.079527,0.0000,0.0000,0.0000
1717467000,49.8728035031,8.6511732787,144.0201,-0.164811,0.337130,-142.104683,0.0000,0.0000,0.0000
1717567000,49.8728035031,8.6511732787,144.0208,-0.160032,0.348224,-142.104684,0.0000,0.0000,0.0000
1717667000,49.8728035031,8.6511732787,144.0199,-0.133708,0.369736,-142.179484,0.0000,0.0000,0.0000
1717767000,49.8728035075,8.6511732787,144.0196,-0.157277,0.341644,-142.179522,0.0000,0.0000,0.0000
1717867000,49.8728035031,8.6511732787,144.0196,-0.175676,0.328074,-142.154956,0.0000,0.0000,0.0000
1717967000,49.8728035119,8.6511732787,144.0186,-0.129664,0.391675,-142.179496,0.0000,0.0000,0.0000
1718069000,49.8728035141,8.6511732787,144.0182,-0.124816,0.380905,-142.179468,0.0000,0.0000,0.0000
1718168000,49.8728035031,8.6511732787,144.0187,-0.149553,0.357109,-142.179519,0.0000,0.0000,0.0000
1718267000,49.8728035053,8.6511732787,144.0189,-0.160288,0.332137,-142.179518,0.0000,0.0000,0.0000
1718367000,49.8728035119,8.6511732787,144.0187,-0.138946,0.351106,-142.179479,0.0000,0.0000,0.0000
1718467000,49.8728035075,8.6511732787,144.0185,-0.158050,0.323120,-142.129774,0.0000,0.0000,0.0000
1718567000,49.8728035141,8.6511732787,144.0181,-0.146319,0.354198,-142.104650,0.0000,0.0000,0.0000
1718667000,49.8728034987,8.6511732787,144.0188,-0.190408,0.302966,-142.104702,0.0000,0.0000,0.0000
1718767000,49.8728034987,8.6511732787,144.0192,-0.158099,0.346493,-142.104676,0.0000,0.0000,0.0000
1718867000,49.8728034965,8.6511732787,144.0194,-0.161802,0.356603,-142.104702,0.0000,0.0000,0.0000
1718967000,49.8728034965,8.6511732651,144.0207,-0.132166,0.340552,-142.179446,0.0000,0.0000,0.0000
1719067000,49.8728035053,8.6511732787,144.0191,-0.155393,0.395628,-142.179590,0.0000,0.0000,0.0000
1719167000,49.8728035009,8.6511732787,144.0197,-0.171407,0.375129,-142.179614,0.0000,0.0000,0.0000
1719267000,49.8728034812,8.6511732787,144.0089,-0.189075,0.362340,-142.179651,0.0000,0.0000,0.0000
1719367000,49.8728035163,8.6511732651,144.0127,-0.065846,0.427270,-142.229548,0.0000,0.0000,0.0000
1719467000,49.8728035075,8.6511732651,144.0187,-0.129841,0.356884,-142.279936,0.0000,0.0000,0.0000
1719567000,49.8728035031,8.6511732787,144.0212,-0.160175,0.354211,-142.254915,0.0000,0.0000,0.0000
1719667000,49.8728035097,8.6511732787,144.0192,-0.115984,0.388967,-142.304580,0.0000,0.0000,0.0000
1719767000,49.8728035053,8.6511732787,144.0193,-0.129645,0.380626,-142.254850,0.0000,0.0000,0.0000
1719867000,49.8728035338,8.6511732787,144.0172,-0.085859,0.456184,-142.204522,0.0000,0.0000,0.0000
1719967000,49.8728035053,8.6511732787,144.0194,-0.174755,0.312639,-142.179530,0.0000,0.0000,0.0000
1720067000,49.8728035075,8.6511732787,144.0187,-0.150120,0.342812,-142.129777,0.0000,0.0000,0.0000
1720167000,49.8728035075,8.6511732787,144.0185,-0.152347,0.335397,-142.129774,0.0000,0.0000,0.0000
1720267000,49.8728035009,8.6511732787,144.0185,-0.167608,0.340826,-142.129827,0.0000,0.0000,0.0000
1720367000,49.8728034987,8.6511732787,144.0188,-0.178527,0.337675,-142.129854,0.0000,0.0000,0.0000
1720467000,49.8728034746,8.6511732923,144.0079,-0.203065,0.324998,-142.104774,0.0000,0.0000,0.0000
1720567000,49.8728034658,8.6511732923,144.0052,-0.209123,0.322523,-142.104787,0.0000,0.0000,0.0000
1720667000,49.8728034548,8.6511732923,144.0023,-0.211835,0.325333,-142.104800,0.0000,0.0000,0.0000
1720767000,49.8728034460,8.6511733058,143.9994,-0.218337,0.327749,-142.104823,0.0000,0.0000,0.0000
1720867000,49.8728034373,8.6511732923,143.9963,-0.195415,0.314088,-142.129864,0.0000,0.0000,0.0000
1720967000,49.8728035031,8.6511732787,144.0175,-0.111208,0.379634,-142.104567,0.0000,0.0000,0.0000
1721068000,49.8728035075,8.6511732787,144.0193,-0.104028,0.395550,-142.104557,0.0000,0.0000,0.0000
1721167000,49.8728035273,8.6511732787,144.0179,-0.083770,0.437832,-142.079383,0.0000,0.0000,0.0000
1721267000,49.8728035207,8.6511732651,144.0181,-0.098435,0.372350,-142.229623,0.0000,0.0000,0.0000
1721367000,49.8728035075,8.6511732787,144.0197,-0.162391,0.331262,-142.229772,0.0000,0.0000,0.0000
1721467000,49.8728035009,8.6511732787,144.0208,-0.174290,0.332974,-142.229809,0.0000,0.0000,0.0000
1721571000,49.8728035141,8.6511732787,144.0182,-0.122928,0.383115,-142.129739,0.0000,0.0000,0.0000
1721667000,49.8728035119,8.6511732787,144.0187,-0.118766,0.376046,-142.204570,0.0000,0.0000,0.0000
1721767000,49.8728035229,8.6511732787,144.0166,-0.127586,0.375728,-142.129746,0.0000,0.0000,0.0000
1721867000,49.8728035053,8.6511732787,144.0177,-0.169245,0.335252,-142.079558,0.0000,0.0000,0.0000
1721967000,49.8728034965,8.6511732787,144.0180,-0.187903,0.322193,-142.104726,0.0000,0.0000,0.0000
1722067000,49.8728035053,8.6511732787,144.0185,-0.142832,0.376581,-142.104668,0.0000,0.0000,0.0000
1722167000,49.8728035075,8.6511732787,144.0185,-0.141341,0.382700,-142.079535,0.0000,0.0000,0.0000
1722267000,49.8728034790,8.6511732787,144.0204,-0.186069,0.339288,-141.104024,0.0000,0.0000,0.0000
1722367000,49.8728035075,8.6511732787,144.0190,-0.078332,0.452335,-141.453826,0.0000,0.0000,0.0000
1722467000,49.8728035229,8.6511732787,144.0175,-0.067422,0.471342,-141.604084,0.0000,0.0000,0.0000
1722567000,49.8728035119,8.6511732787,144.0179,-0.140054,0.358669,-141.678983,0.0000,0.0000,0.0000
1722667000,49.8728035075,8.6511732787,144.0184,-0.163150,0.348411,-141.704221,0.0000,0.0000,0.0000
1722767000,49.8728035097,8.6511732787,144.0188,-0.168981,0.348743,-141.704239,0.0000,0.0000,0.0000
1722867000,49.8728035492,8.6511732923,144.0136,-0.111937,0.474232,-141.729363,0.0000,0.0000,0.0000
1722967000,49.8728035624,8.6511733058,144.0124,-0.140067,0.462188,-141.829400,0.0000,0.0000,0.0000
1723067000,49.8728035558,8.6511733058,144.0128,-0.193752,0.390175,-141.829494,0.0000,0.0000,0.0000
1723167000,49.8728035360,8.6511732515,144.0068,-0.210863,0.263001,-141.929277,0.0000,0.0000,0.0000
1723268000,49.8728035009,8.6511732787,144.0108,-0.326000,0.163322,-141.954412,0.0000,0.0000,0.0000
1723367000,49.8728034877,8.6511732787,144.0166,-0.308736,0.188913,-141.979605,0.0000,0.0000,0.0000
1723467000,49.8728035009,8.6511732787,144.0191,-0.239257,0.263324,-142.004789,0.0000,0.0000,0.0000
1723567000,49.8728034877,8.6511732787,144.0211,-0.234402,0.280369,-142.054495,0.0000,0.0000,0.0000
1723667000,49.8728034987,8.6511732787,144.0219,-0.154244,0.347161,-142.104665,0.0000,0.0000,0.0000
1723767000,49.8728035075,8.6511732787,144.0214,-0.130972,0.374838,-142.104627,0.0000,0.0000,0.0000
1723867000,49.8728035075,8.6511732787,144.0223,-0.136648,0.371333,-142.104641,0.0000,0.0000,0.0000
1723969000,49.8728035075,8.6511732787,144.0201,-0.126649,0.380982,-142.179474,0.0000,0.0000,0.0000
1724068000,49.8728035075,8.6511732651,144.0198,-0.123098,0.362207,-142.229692,0.0000,0.0000,0.0000
1724167000,49.8728035075,8.6511732787,144.0175,-0.154857,0.339765,-142.129787,0.0000,0.0000,0.0000
1724268000,49.8728034965,8.6511732787,144.0178,-0.183821,0.312704,-142.129830,0.0000,0.0000,0.0000
1724367000,49.8728035251,8.6511732787,144.0164,-0.073834,0.465534,-142.104498,0.0000,0.0000,0.0000
1724467000,49.8728035053,8.6511732787,144.0176,-0.136396,0.348869,-142.079478,0.0000,0.0000,0.0000
1724567000,49.8728035119,8.6511732787,144.0179,-0.129471,0.365876,-142.079476,0.0000,0.0000,0.0000
1724667000,49.8728035053,8.6511732787,144.0192,-0.172509,0.327819,-142.079556,0.0000,0.0000,0.0000
1724767000,49.8728035075,8.6511732787,144.0188,-0.171467,0.330760,-142.079558,0.0000,0.0000,0.0000
1724867000,49.8728035119,8.6511732787,144.0180,-0.183492,0.301388,-142.029258,0.0000,0.0000,0.0000
1724967000,49.8728035053,8.6511732787,144.0183,-0.201240,0.283084,-142.004736,0.0000,0.0000,0.0000
1725067000,49.8728034987,8.6511732787,144.0188,-0.209838,0.288373,-142.004767,0.0000,0.0000,0.0000
1725167000,49.8728035448,8.6511732651,144.0131,-0.085329,0.447091,-142.004572,0.0000,0.0000,0.0000
1725267000,49.8728035624,8.6511732651,144.0117,-0.092234,0.450530,-142.004602,0.0000,0.0000,0.0000
1725367000,49.8728035799,8.6511732651,144.0104,-0.097071,0.450602,-142.004621,0.0000,0.0000,0.0000
1725467000,49.8728034899,8.6511732787,144.0172,-0.283938,0.249778,-142.079682,0.0000,0.0000,0.0000
1725567000,49.8728034856,8.6511732923,144.0178,-0.240209,0.306661,-142.079706,0.0000,0.0000,0.0000
1725667000,49.8728035053,8.6511732787,144.0201,-0.149764,0.396262,-142.129846,0.0000,0.0000,0.0000
1725767000,49.8728035141,8.6511732651,144.0179,-0.137482,0.386944,-142.129792,0.0000,0.0000,0.0000
1725867000,49.8728035031,8.6511732787,144.0183,-0.204545,0.348546,-142.129950,0.0000,0.0000,0.0000
1725967000,49.8728034943,8.6511732787,144.0186,-0.220653,0.339450,-142.129982,0.0000,0.0000,0.0000
1726067000,49.8728035031,8.6511732787,144.0185,-0.177623,0.371785,-142.079639,0.0000,0.0000,0.0000
1726167000,49.8728035185,8.6511732787,144.0173,-0.161573,0.395351,-142.129886,0.0000,0.0000,0.0000
1726267000,49.8728035031,8.6511732787,144.0179,-0.211334,0.351793,-142.129977,0.0000,0.0000,0.0000
1726367000,49.8728034987,8.6511732787,144.0187,-0.208773,0.342829,-142.129953,0.0000,0.0000,0.0000
1726467000,49.8728035295,8.6511732651,144.0162,-0.101650,0.436006,-142.229690,0.0000,0.0000,0.0000
1726567000,49.8728035053,8.6511732651,144.0189,-0.190832,0.339904,-142.254986,0.0000,0.0000,0.0000
1726667000,49.8728035009,8.6511732787,144.0197,-0.195590,0.348090,-142.229897,0.0000,0.0000,0.0000
1726770000,49.8728035053,8.6511732787,144.0194,-0.150531,0.406933,-142.229837,0.0000,0.0000,0.0000
1726869000,49.8728035053,8.6511732787,144.0194,-0.144728,0.405436,-142.204693,0.0000,0.0000,0.0000
1726967000,49.8728035097,8.6511732787,144.0196,-0.148680,0.409341,-142.204712,0.0000,0.0000,0.0000
1727067000,49.8728035075,8.6511732787,144.0191,-0.153565,0.397170,-142.229835,0.0000,0.0000,0.0000
1727167000,49.8728035075,8.6511732787,144.0191,-0.148982,0.408179,-142.229834,0.0000,0.0000,0.0000
1727267000,49.8728035119,8.6511732787,144.0183,-0.137944,0.398331,-142.179533,0.0000,0.0000,0.0000
1727367000,49.8728035075,8.6511732787,144.0184,-0.160919,0.377913,-142.129859,0.0000,0.0000,0.0000
1727467000,49.8728035229,8.6511732787,144.0168,-0.097332,0.472048,-142.104599,0.0000,0.0000,0.0000
1727567000,49.8728035097,8.6511732787,144.0182,-0.172781,0.355858,-142.104735,0.0000,0.0000,0.0000
1727667000,49.8728035009,8.6511732787,144.0188,-0.193964,0.318013,-142.104736,0.0000,0.0000,0.0000
1727767000,49.8728035075,8.6511732787,144.0183,-0.174082,0.351817,-142.104733,0.0000,0.0000,0.0000
1727867000,49.8728035075,8.6511732787,144.0188,-0.173487,0.355074,-142.079600,0.0000,0.0000,0.0000
1727967000,49.8728035031,8.6511732787,144.0190,-0.183601,0.342784,-142.104747,0.0000,0.0000,0.0000
1728067000,49.8728035053,8.6511732787,144.0189,-0.172970,0.353820,-142.104732,0.0000,0.0000,0.0000
1728167000,49.8728034987,8.6511732787,144.0195,-0.173562,0.348422,-142.104726,0.0000,0.0000,0.0000
1728267000,49.8728035097,8.6511732787,144.0188,-0.139732,0.373474,-142.104654,0.0000,0.0000,0.0000
1728367000,49.8728035031,8.6511732787,144.0202,-0.158316,0.343812,-142.179528,0.0000,0.0000,0.0000
1728467000,49.8728035031,8.6511732787,144.0208,-0.159305,0.344988,-142.204660,0.0000,0.0000,0.0000
1728567000,49.8728035031,8.6511732787,144.0208,-0.148640,0.348916,-142.254872,0.0000,0.0000,0.0000
1728667000,49.8728035119,8.6511732787,144.0186,-0.128454,0.351028,-142.254813,0.0000,0.0000,0.0000
1728767000,49.8728035053,8.6511732787,144.0190,-0.162391,0.331262,-142.229772,0.0000,0.0000,0.0000
1728867000,49.8728034987,8.6511732787,144.0190,-0.165897,0.330517,-142.229781,0.0000,0.0000,0.0000
1728967000,49.8728034987,8.6511732787,144.0202,-0.163504,0.333349,-142.254895,0.0000,0.0000,0.0000
1729067000,49.8728034965,8.6511732787,144.0208,-0.167161,0.340805,-142.254917,0.0000,0.0000,0.0000
1729167000,49.8728034899,8.6511732787,144.0216,-0.174215,0.337832,-142.254933,0.0000,0.0000,0.0000
1729267000,49.8728034856,8.6511732787,144.0225,-0.181294,0.344339,-142.254964,0.0000,0.0000,0.0000
1729367000,49.8728034790,8.6511732923,144.0237,-0.185183,0.347057,-142.254981,0.0000,0.0000,0.0000
1729467000,49.8728034724,8.6511732923,144.0249,-0.194219,0.355525,-142.255022,0.0000,0.0000,0.0000
1729567000,49.8728034636,8.6511732651,144.0257,-0.173491,0.334089,-142.354916,0.0000,0.0000,0.0000
1729667000,49.8728034570,8.6511732651,144.0270,-0.181811,0.344651,-142.454970,0.0000,0.0000,0.0000
1729767000,49.8728034482,8.6511732651,144.0284,-0.182279,0.339691,-142.505149,0.0000,0.0000,0.0000
1729867000,49.8728035053,8.6511732787,144.0211,-0.180667,0.406789,-142.355051,0.0000,0.0000,0.0000
1729967000,49.8728034856,8.6511732923,144.0227,-0.124841,-1.267524,-141.352250,0.0000,0.0000,0.0000
1730067000,49.8728034680,8.6511733058,144.0253,-1.245459,-3.365022,-141.165686,0.0000,0.0000,0.0000
1730167000,49.8728034746,8.6511733330,144.0295,-2.646014,-7.857813,-141.116438,0.0000,0.0000,0.0000
1730267000,49.8728034570,8.6511732379,144.0400,-4.176078,-10.557124,-141.134320,0.0000,0.0000,0.0000
1730370000,49.8728034109,8.6511731972,144.0753,-1.316033,-6.918326,-142.975341,0.0000,0.0000,0.0000
1730469000,49.8728033407,8.6511731021,144.1101,-2.400974,-9.178817,-141.757323,0.0000,0.0000,0.0000
1730568000,49.8728032551,8.6511730070,144.1685,-2.439831,-8.146202,-142.630082,0.0000,0.0000,0.0000
1730667000,49.8728031388,8.6511728983,144.2313,-3.627223,-10.907098,-141.375573,0.0000,0.0000,0.0000
1730767000,49.8728029829,8.6511727896,144.3022,-5.327736,-11.269529,-142.578900,0.0000,0.0000,0.0000
1730867000,49.8728027985,8.6511726266,144.3872,-4.382156,-9.913539,-142.096423,0.0000,0.0000,0.0000
1730967000,49.8728026295,8.6511725315,144.4778,-4.287915,-8.978071,-142.140226,0.0000,0.0000,0.0000
1731067000,49.8728024605,8.6511724908,144.5732,-3.630030,-7.690783,-142.860935,0.0000,0.0000,0.0000
1731167000,49.8728023222,8.6511725315,144.6772,-2.300303,-6.608672,-143.799478,0.0000,0.0000,0.0000
1731267000,49.8728022696,8.6511725859,144.7939,-2.535023,-4.574422,-146.084888,0.0000,0.0000,0.0000
1731367000,49.8728022169,8.6511725859,144.9004,-1.963225,-3.322515,-146.328436,0.0000,0.0000,0.0000
1731467000,49.8728021774,8.6511725994,145.0039,-1.360960,-2.289833,-146.633073,0.0000,0.0000,0.0000
1731567000,49.8728021291,8.6511726810,145.1006,0.744603,0.186501,-148.110714,0.0000,0.0000,0.0000
1731667000,49.8728021379,8.6511727760,145.1904,-0.545342,-0.049580,-148.261138,0.0000,0.0000,0.0000
1731767000,49.8728021840,8.6511729119,145.2676,-0.523597,-0.829809,-149.010476,0.0000,0.0000,0.0000
1731867000,49.8728022377,8.6511731157,145.3418,-2.751974,-1.748950,-151.232564,0.0000,0.0000,0.0000
1731967000,49.8728023178,8.6511733466,145.4014,-4.823405,-2.406926,-152.709946,0.0000,0.0000,0.0000
1732067000,49.8728023244,8.6511735775,145.4375,-5.295978,-2.787822,-154.095652,0.0000,0.0000,0.0000
1732170000,49.8728023332,8.6511738221,145.4697,-3.975033,-2.392230,-156.877814,0.0000,0.0000,0.0000
1732269000,49.8728022564,8.6511742025,145.4990,-3.419269,-2.701492,-159.458406,0.0000,0.0000,0.0000
1732368000,49.8728021038,8.6511745285,145.5176,-4.111459,-1.343233,-161.261450,0.0000,0.0000,0.0000
1732467000,49.8728019063,8.6511748545,145.5254,-3.672021,-1.950953,-163.766854,0.0000,0.0000,0.0000
1732567000,49.8728016670,8.6511751262,145.5293,-4.349370,-2.959293,-165.396922,0.0000,0.0000,0.0000
1732667000,49.8728013828,8.6511754251,145.5352,-5.086019,-3.183758,-167.475638,0.0000,0.0000,0.0000
1732767000,49.8728010640,8.6511757511,145.5332,-3.109369,-4.464333,-169.009374,0.0000,0.0000,0.0000
1732867000,49.8728007852,8.6511760772,145.5313,-1.804293,-5.494292,-171.188932,0.0000,0.0000,0.0000
1732967000,49.8728005029,8.6511763760,145.5283,-3.096628,-6.578919,-172.642108,0.0000,0.0000,0.0000
1733067000,49.8728001982,8.6511765934,145.5225,-2.694671,-9.125445,-173.826125,0.0000,0.0000,0.0000
1733167000,49.8727998483,8.6511767156,145.5137,-2.066551,-11.015355,-174.669615,0.0000,0.0000,0.0000
1733267000,49.8727995336,8.6511767292,145.5088,-2.680001,-12.654307,-174.882821,0.0000,0.0000,0.0000
1733367000,49.8727990567,8.6511766749,145.5029,-2.105978,-14.775423,-175.576280,0.0000,0.0000,0.0000
1733467000,49.8727985096,8.6511765119,145.4902,-1.619682,-16.378263,-176.528000,0.0000,0.0000,0.0000
1733567000,49.8727978973,8.6511763217,145.4844,-2.636749,-17.696863,-177.506203,0.0000,0.0000,0.0000
1733668000,49.8727972278,8.6511760907,145.4795,-3.787143,-18.851217,-178.849301,0.0000,0.0000,0.0000
1733767000,49.8727966505,8.6511759685,145.4854,-3.020139,-19.473441,178.148937,0.0000,0.0000,0.0000
1733867000,49.8727960557,8.6511759141,145.4941,-1.511639,-18.944680,175.917963,0.0000,0.0000,0.0000
1733967000,49.8727954258,8.6511758462,145.5049,-1.409776,-19.033811,174.818083,0.0000,0.0000,0.0000
1734067000,49.8727949341,8.6511758326,145.5088,-2.552284,-18.745799,174.121760,0.0000,0.0000,0.0000
1734167000,49.8727943283,8.6511758734,145.5039,-4.578695,-19.657021,172.871469,0.0000,0.0000,0.0000
1734267000,49.8727937796,8.6511759821,145.5000,-5.965401,-20.101077,170.866048,0.0000,0.0000,0.0000
1734367000,49.8727931342,8.6511762266,145.4922,-7.946523,-20.544167,168.032109,0.0000,0.0000,0.0000
1734467000,49.8727924187,8.6511765934,145.4805,-9.386895,-20.793450,164.426983,0.0000,0.0000,0.0000
1734567000,49.8727917778,8.6511770009,145.4883,-10.172633,-21.366439,161.491326,0.0000,0.0000,0.0000
1734667000,49.8727911895,8.6511774356,145.4932,-8.102271,-21.532551,156.643135,0.0000,0.0000,0.0000
1734767000,49.8727906496,8.6511778975,145.4961,-7.384095,-22.047436,151.805256,0.0000,0.0000,0.0000
1734867000,49.8727901404,8.6511784273,145.4980,-7.276573,-21.828661,146.910067,0.0000,0.0000,0.0000
1734967000,49.8727897453,8.6511789436,145.4951,-6.873053,-21.737623,141.694579,0.0000,0.0000,0.0000
1735067000,49.8727892712,8.6511794326,145.4912,-7.030867,-21.875048,137.311507,0.0000,0.0000,0.0000
1735167000,49.8727887707,8.6511799624,145.4834,-7.480327,-21.678614,132.105291,0.0000,0.0000,0.0000
1735267000,49.8727882703,8.6511805058,145.4785,-8.418206,-21.321564,126.254604,0.0000,0.0000,0.0000
1735367000,49.8727878664,8.6511810764,145.4824,-7.609865,-20.860108,121.245425,0.0000,0.0000,0.0000
1735467000,49.8727875240,8.6511815654,145.4951,-5.902993,-20.704721,115.268766,0.0000,0.0000,0.0000
1735567000,49.8727872518,8.6511821360,145.5039,-6.539254,-20.260322,112.181581,0.0000,0.0000,0.0000
1735667000,49.8727870411,8.6511828016,145.5010,-6.102868,-20.516762,108.406313,0.0000,0.0000,0.0000
1735769000,49.8727868128,8.6511836167,145.4893,-5.912183,-20.604923,104.654570,0.0000,0.0000,0.0000
1735867000,49.8727866285,8.6511845541,145.4756,-6.869213,-20.638215,102.038281,0.0000,0.0000,0.0000
1735967000,49.8727864441,8.6511856544,145.4639,-6.708640,-20.693491,100.010475,0.0000,0.0000,0.0000
1736067000,49.8727863212,8.6511868092,145.4717,-5.891769,-19.695543,96.913801,0.0000,0.0000,0.0000
1736167000,49.8727861544,8.6511879639,145.4893,-6.412348,-19.208294,97.710608,0.0000,0.0000,0.0000
1736267000,49.8727861368,8.6511889963,145.5020,-5.344871,-18.071671,96.966860,0.0000,0.0000,0.0000
1736367000,49.8727860402,8.6511899948,145.5098,-4.209816,-17.976043,94.741800,0.0000,0.0000,0.0000
1736467000,49.8727859173,8.6511910408,145.5039,-4.128984,-17.988298,92.608014,0.0000,0.0000,0.0000
1736567000,49.8727858471,8.6511920936,145.5020,-4.847564,-17.567907,91.450801,0.0000,0.0000,0.0000
1736667000,49.8727856715,8.6511932382,145.4980,-4.458081,-17.484280,90.618002,0.0000,0.0000,0.0000
1736768000,49.8727854783,8.6511943793,145.5000,-3.527841,-16.306973,89.489308,0.0000,0.0000,0.0000
1736867000,49.8727852764,8.6511955883,145.5059,-2.044006,-15.498442,88.849563,0.0000,0.0000,0.0000
1736967000,49.8727851359,8.6511966649,145.5166,-1.863791,-14.616991,89.177664,0.0000,0.0000,0.0000
1737067000,49.8727850481,8.6511977466,145.5156,-2.821619,-15.515930,90.182069,0.0000,0.0000,0.0000
1737167000,49.8727849691,8.6511988054,145.5195,-5.111592,-14.366856,91.475067,0.0000,0.0000,0.0000
1737267000,49.8727848637,8.6511998422,145.5176,-5.187866,-13.798268,92.215772,0.0000,0.0000,0.0000
1737367000,49.8727848111,8.6512009739,145.5127,-4.550740,-13.788176,92.247430,0.0000,0.0000,0.0000
1737467000,49.8727848725,8.6512022500,145.5059,-4.473134,-13.518668,93.347779,0.0000,0.0000,0.0000
1737567000,49.8727849515,8.6512036339,145.5010,-4.087960,-13.201735,94.176311,0.0000,0.0000,0.0000
1737667000,49.8727849428,8.6512049245,145.5146,-2.944573,-13.693446,95.593626,0.0000,0.0000,0.0000
1737767000,49.8727849867,8.6512060317,145.5283,-2.073365,-13.099217,96.519219,0.0000,0.0000,0.0000
1737867000,49.8727850042,8.6512072203,145.5283,-2.223631,-13.554769,96.998664,0.0000,0.0000,0.0000
1737967000,49.8727849779,8.6512082528,145.5293,-2.665134,-13.270448,95.810452,0.0000,0.0000,0.0000
1738067000,49.8727850218,8.6512094211,145.5225,-2.079717,-13.718990,93.729674,0.0000,0.0000,0.0000
1738167000,49.8727850393,8.6512106369,145.5195,-0.805608,-13.374830,91.119960,0.0000,0.0000,0.0000
1738267000,49.8727849779,8.6512118935,145.5107,-0.533241,-12.656924,87.680368,0.0000,0.0000,0.0000
1738368000,49.8727849779,8.6512131433,145.5127,-2.890420,-11.336996,83.769346,0.0000,0.0000,0.0000
1738467000,49.8727850218,8.6512143456,145.5186,-4.362854,-12.610260,78.713492,0.0000,0.0000,0.0000
1738567000,49.8727852061,8.6512154867,145.5254,-4.953689,-13.744380,73.402000,0.0000,0.0000,0.0000
1738667000,49.8727854432,8.6512165463,145.5244,-5.278039,-14.362842,69.828539,0.0000,0.0000,0.0000
1738767000,49.8727857066,8.6512176059,145.5166,-5.212961,-14.318184,65.951190,0.0000,0.0000,0.0000
1738867000,49.8727860753,8.6512185840,145.5146,-6.627821,-14.003679,62.044053,0.0000,0.0000,0.0000
1738967000,49.8727865055,8.6512195621,145.5088,-7.891654,-13.914996,58.561622,0.0000,0.0000,0.0000
1739067000,49.8727870148,8.6512205402,145.5059,-8.755260,-14.495426,55.148956,0.0000,0.0000,0.0000
1739167000,49.8727875416,8.6512214504,145.5137,-10.123822,-14.692957,52.602876,0.0000,0.0000,0.0000
1739267000,49.8727880771,8.6512222655,145.5225,-9.427934,-14.427866,47.845364,0.0000,0.0000,0.0000
1739367000,49.8727885863,8.6512229719,145.5322,-9.172071,-13.817118,43.068131,0.0000,0.0000,0.0000
1739467000,49.8727891746,8.6512236511,145.5313,-6.905621,-14.287435,37.559584,0.0000,0.0000,0.0000
1739567000,49.8727897365,8.6512242489,145.5234,-5.000690,-14.685758,32.412205,0.0000,0.0000,0.0000
1739667000,49.8727902984,8.6512248874,145.5137,-5.216011,-14.697356,28.087070,0.0000,0.0000,0.0000
1739767000,49.8727909832,8.6512255123,145.5166,-6.620256,-13.665704,22.349668,0.0000,0.0000,0.0000
1739869000,49.8727915495,8.6512261915,145.5107,-6.810193,-13.959732,17.219143,0.0000,0.0000,0.0000
1739967000,49.8727920236,8.6512265311,145.5215,-5.478684,-13.681759,10.403696,0.0000,0.0000,0.0000
1740067000,49.8727926294,8.6512267892,145.5361,-5.752597,-13.797348,6.403464,0.0000,0.0000,0.0000
1740168000,49.8727930684,8.6512270202,145.5264,-5.588589,-13.434384,4.289633,0.0000,0.0000,0.0000
1740267000,49.8727937093,8.6512272647,145.5156,-5.727733,-13.805307,3.287903,0.0000,0.0000,0.0000
1740367000,49.8727944468,8.6512273598,145.5186,-6.379280,-13.517383,3.270935,0.0000,0.0000,0.0000
1740467000,49.8727951799,8.6512276587,145.5117,-6.705184,-12.780844,4.501040,0.0000,0.0000,0.0000
1740567000,49.8727959767,8.6512279575,145.5137,-5.836369,-12.798399,4.283514,0.0000,0.0000,0.0000
1740667000,49.8727967559,8.6512281205,145.5313,-5.963047,-11.663608,5.588699,0.0000,0.0000,0.0000
1740770000,49.8727975329,8.6512282836,145.5459,-6.133419,-11.002857,5.888623,0.0000,0.0000,0.0000
1740870000,49.8727981826,8.6512284466,145.5508,-5.206866,-10.443342,5.887176,0.0000,0.0000,0.0000
1740970000,49.8727988696,8.6512285824,145.5469,-3.958912,-10.835695,4.950482,0.0000,0.0000,0.0000
1741070000,49.8727996609,8.6512287455,145.5498,-4.278373,-10.636422,3.660243,0.0000,0.0000,0.0000
1741170000,49.8728003844,8.6512288813,145.5342,-4.766770,-9.772722,2.434649,0.0000,0.0000,0.0000
1741269000,49.8728012412,8.6512290171,145.5244,-3.969722,-9.552114,0.331808,0.0000,0.0000,0.0000
1741367000,49.8728020029,8.6512291258,145.5264,-3.248575,-10.684180,-1.843000,0.0000,0.0000,0.0000
1741467000,49.8728028183,8.6512290715,145.5400,-4.208309,-10.303766,-5.466307,0.0000,0.0000,0.0000
1741567000,49.8728035602,8.6512289628,145.5449,-5.696264,-10.733021,-9.903757,0.0000,0.0000,0.0000
1741667000,49.8728042779,8.6512286911,145.5508,-6.438740,-10.631950,-14.928799,0.0000,0.0000,0.0000
1741767000,49.8728050659,8.6512282292,145.5498,-7.149301,-10.605390,-19.628325,0.0000,0.0000,0.0000
1741867000,49.8728057068,8.6512274957,145.5254,-8.304506,-10.705713,-24.606565,0.0000,0.0000,0.0000
1741967000,49.8728063521,8.6512266126,145.5137,-9.785597,-10.494574,-29.836726,0.0000,0.0000,0.0000
1742067000,49.8728069360,8.6512256074,145.5195,-10.636509,-11.293995,-35.007221,0.0000,0.0000,0.0000
1742167000,49.8728074101,8.6512245070,145.5371,-10.104191,-11.265952,-41.806737,0.0000,0.0000,0.0000
1742267000,49.8728077745,8.6512233659,145.5547,-9.995273,-11.538617,-49.117844,0.0000,0.0000,0.0000
1742367000,49.8728081300,8.6512222927,145.5400,-7.630605,-11.816923,-56.350555,0.0000,0.0000,0.0000
1742467000,49.8728083803,8.6512210972,145.5273,-4.103198,-12.148497,-63.743785,0.0000,0.0000,0.0000
1742567000,49.8728086656,8.6512198338,145.5166,-5.850968,-11.797260,-68.812994,0.0000,0.0000,0.0000
1742667000,49.8728089729,8.6512185976,145.5098,-7.194820,-11.189733,-74.310642,0.0000,0.0000,0.0000
1742767000,49.8728092451,8.6512173886,145.5176,-6.391164,-11.481343,-78.461149,0.0000,0.0000,0.0000
1742867000,49.8728094821,8.6512161659,145.5293,-6.056461,-10.791639,-82.271234,0.0000,0.0000,0.0000
1742967000,49.8728096314,8.6512149161,145.5342,-8.442939,-9.834900,-84.262453,0.0000,0.0000,0.0000
1743067000,49.8728097631,8.6512136527,145.5322,-6.990827,-9.759402,-85.657451,0.0000,0.0000,0.0000
1743167000,49.8728099826,8.6512120361,145.5391,-5.398178,-9.694748,-87.096348,0.0000,0.0000,0.0000
1743267000,49.8728101406,8.6512105146,145.5332,-6.604416,-8.733524,-86.816014,0.0000,0.0000,0.0000
1743367000,49.8728102372,8.6512088641,145.5371,-6.607028,-8.789398,-86.939016,0.0000,0.0000,0.0000
1743472000,49.8728102811,8.6512070573,145.5439,-6.342177,-9.235156,-87.806689,0.0000,0.0000,0.0000
1743567000,49.8728103864,8.6512055018,145.5527,-7.706216,-8.721495,-86.186443,0.0000,0.0000,0.0000
1743667000,49.8728104128,8.6512040687,145.5635,-6.625331,-8.053222,-85.205646,0.0000,0.0000,0.0000
1743767000,49.8728104215,8.6512026711,145.5605,-4.359927,-7.608772,-87.277970,0.0000,0.0000,0.0000
1743869000,49.8728104391,8.6512011403,145.5518,-4.421806,-7.221502,-88.148769,0.0000,0.0000,0.0000
1743967000,49.8728104742,8.6511996298,145.5400,-5.188337,-6.477245,-88.885918,0.0000,0.0000,0.0000
1744067000,49.8728105708,8.6511978010,145.5322,-5.108991,-7.810985,-89.953198,0.0000,0.0000,0.0000
1744167000,49.8728106147,8.6511961759,145.5459,-4.479349,-8.093378,-92.368631,0.0000,0.0000,0.0000
1744267000,49.8728105796,8.6511946917,145.5596,-6.223203,-7.888346,-93.073124,0.0000,0.0000,0.0000
1744367000,49.8728104654,8.6511932178,145.5596,-8.050907,-7.647891,-94.684630,0.0000,0.0000,0.0000
1744472000,49.8728103513,8.6511917880,145.5527,-8.631338,-7.364497,-96.522483,0.0000,0.0000,0.0000
1744569000,49.8728101406,8.6511902937,145.5488,-10.038606,-7.161794,-99.724647,0.0000,0.0000,0.0000
1744668000,49.8728098772,8.6511890574,145.5469,-11.776618,-6.616332,-104.929684,0.0000,0.0000,0.0000
1744767000,49.8728093855,8.6511876582,145.5547,-14.596426,-6.615009,-109.818434,0.0000,0.0000,0.0000
1744867000,49.8728089378,8.6511865442,145.5605,-15.292731,-7.602439,-115.184413,0.0000,0.0000,0.0000
1744967000,49.8728083759,8.6511855729,145.5713,-16.637359,-8.434740,-122.711515,0.0000,0.0000,0.0000
1745067000,49.8728078359,8.6511848801,145.5586,-17.191518,-9.967838,-131.622937,0.0000,0.0000,0.0000
1745167000,49.8728072389,8.6511843503,145.5371,-19.064214,-11.568856,-141.028060,0.0000,0.0000,0.0000
1745267000,49.8728066858,8.6511839563,145.5186,-19.758493,-13.312566,-151.736701,0.0000,0.0000,0.0000
1745367000,49.8728062336,8.6511837797,145.5088,-21.311424,-14.571662,-161.821449,0.0000,0.0000,0.0000
1745467000,49.8728057156,8.6511838748,145.4951,-23.326986,-16.579229,-173.411958,0.0000,0.0000,0.0000
1745567000,49.8728054171,8.6511841194,145.4932,-22.893916,-17.857834,175.755367,0.0000,0.0000,0.0000
1745667000,49.8728051581,8.6511845812,145.4863,-20.933450,-18.484341,165.570407,0.0000,0.0000,0.0000
1745767000,49.8728049210,8.6511853284,145.4775,-20.158454,-19.263271,155.719238,0.0000,0.0000,0.0000
1745867000,49.8728047279,8.6511862182,145.4717,-19.023172,-19.438292,147.447128,0.0000,0.0000,0.0000
1745967000,49.8728043372,8.6511870876,145.4629,-17.261760,-19.679510,142.010950,0.0000,0.0000,0.0000
1746068000,49.8728039421,8.6511881269,145.4688,-17.214719,-18.528769,138.544744,0.0000,0.0000,0.0000
1746168000,49.8728036041,8.6511890031,145.4873,-17.841611,-16.787995,137.276991,0.0000,0.0000,0.0000
1746270000,49.8728032726,8.6511898521,145.5010,-16.559085,-15.781802,136.141525,0.0000,0.0000,0.0000
1746368000,49.8728028776,8.6511909457,145.5059,-14.448760,-14.743030,133.290652,0.0000,0.0000,0.0000
1746467000,49.8728025242,8.6511920053,145.5127,-11.564806,-13.161002,131.529703,0.0000,0.0000,0.0000
1746567000,49.8728021664,8.6511930378,145.5146,-8.311120,-12.485584,129.136683,0.0000,0.0000,0.0000
1746667000,49.8728017592,8.6511940736,145.5068,-6.947966,-11.934337,127.623745,0.0000,0.0000,0.0000
1746767000,49.8728012906,8.6511951808,145.4893,-7.643501,-11.305420,125.694275,0.0000,0.0000,0.0000
1746867000,49.8728006914,8.6511964340,145.4834,-7.850965,-10.895858,122.799355,0.0000,0.0000,0.0000
1746967000,49.8728001853,8.6511976515,145.4932,-6.580771,-12.457267,121.130333,0.0000,0.0000,0.0000
1747067000,49.8727997285,8.6511988691,145.5029,-3.693334,-11.879891,119.317079,0.0000,0.0000,0.0000
1747167000,49.8727993278,8.6512001455,145.5088,-1.806731,-11.947454,117.852257,0.0000,0.0000,0.0000
1747267000,49.8727989558,8.6512013576,145.5146,-3.356802,-11.089101,118.698584,0.0000,0.0000,0.0000
1747367000,49.8727986073,8.6512027305,145.5000,-5.553905,-10.259579,119.662643,0.0000,0.0000,0.0000
1747467000,49.8727982441,8.6512041603,145.4824,-6.336265,-9.485878,120.412627,0.0000,0.0000,0.0000
1747567000,49.8727978292,8.6512057090,145.4902,-3.836512,-9.462093,121.278654,0.0000,0.0000,0.0000
1747667000,49.8727974341,8.6512071796,145.5029,-2.928939,-10.498111,124.055207,0.0000,0.0000,0.0000
1747767000,49.8727970544,8.6512085381,145.5205,-2.060165,-9.992347,126.108290,0.0000,0.0000,0.0000
1747867000,49.8727966593,8.6512097879,145.5313,-1.502658,-9.622070,127.564537,0.0000,0.0000,0.0000
1747967000,49.8727962335,8.6512111124,145.5195,-2.186014,-9.272174,128.325503,0.0000,0.0000,0.0000
1748067000,49.8727957945,8.6512123622,145.5098,-1.692132,-8.928088,129.167879,0.0000,0.0000,0.0000
1748167000,49.8727953336,8.6512135576,145.5088,-1.051297,-7.227978,128.966689,0.0000,0.0000,0.0000
1748267000,49.8727948419,8.6512148618,145.5078,-2.203880,-5.429511,129.419700,0.0000,0.0000,0.0000
1748367000,49.8727943590,8.6512161252,145.5176,0.863964,-5.633042,128.315511,0.0000,0.0000,0.0000
1748467000,49.8727938981,8.6512174293,145.5195,0.198901,-6.526563,129.277461,0.0000,0.0000,0.0000
1748567000,49.8727934328,8.6512185704,145.5283,-3.176716,-4.585934,131.560646,0.0000,0.0000,0.0000
1748667000,49.8727929323,8.6512197387,145.5264,-4.281467,-3.870227,134.142973,0.0000,0.0000,0.0000
1748767000,49.8727923967,8.6512208798,145.5225,-3.030259,-2.563998,137.034820,0.0000,0.0000,0.0000
1748867000,49.8727918612,8.6512219259,145.5225,-0.224903,-1.204818,143.382667,0.0000,0.0000,0.0000
1748967000,49.8727913212,8.6512228904,145.5283,3.948336,1.374932,150.467591,0.0000,0.0000,0.0000
1749067000,49.8727906759,8.6512236783,145.5273,9.462198,0.625676,158.085830,0.0000,0.0000,0.0000
1749167000,49.8727901052,8.6512242760,145.5361,13.825443,-2.875537,167.948428,0.0000,0.0000,0.0000
1749268000,49.8727894994,8.6512245206,145.5264,14.438654,-4.253174,176.906070,0.0000,0.0000,0.0000
1749367000,49.8727888585,8.6512246836,145.5146,19.143834,-6.425695,-174.932369,0.0000,0.0000,0.0000
1749467000,49.8727882088,8.6512247108,145.5039,24.419030,-7.087044,-168.487709,0.0000,0.0000,0.0000
1749567000,49.8727875240,8.6512246292,145.4961,26.405497,-7.109811,-162.691784,0.0000,0.0000,0.0000
1749667000,49.8727868392,8.6512244391,145.4922,29.621017,-6.849869,-157.858471,0.0000,0.0000,0.0000
1749767000,49.8727861983,8.6512240315,145.4971,32.407173,-8.346949,-152.118472,0.0000,0.0000,0.0000
1749867000,49.8727856627,8.6512233387,145.5107,32.269509,-9.121274,-144.624270,0.0000,0.0000,0.0000
1749967000,49.8727851798,8.6512227410,145.5059,31.184791,-9.656367,-134.419913,0.0000,0.0000,0.0000
1750067000,49.8727847496,8.6512217764,145.5010,30.706204,-10.621490,-125.759005,0.0000,0.0000,0.0000
1750167000,49.8727843896,8.6512207440,145.4932,30.274010,-10.612328,-116.970389,0.0000,0.0000,0.0000
1750267000,49.8727841350,8.6512196844,145.4893,29.512149,-9.097002,-107.442439,0.0000,0.0000,0.0000
1750367000,49.8727839682,8.6512187199,145.4912,28.633804,-8.533974,-99.150257,0.0000,0.0000,0.0000
1750467000,49.8727838541,8.6512176195,145.4922,23.845759,-10.825006,-90.577243,0.0000,0.0000,0.0000
1750570000,49.8727838541,8.6512163969,145.4961,19.594207,-9.494296,-86.274665,0.0000,0.0000,0.0000
1750670000,49.8727838628,8.6512153644,145.4961,14.694746,-7.548466,-84.181815,0.0000,0.0000,0.0000
1750767000,49.8727839155,8.6512141146,145.4844,10.317326,-7.857235,-83.273309,0.0000,0.0000,0.0000
1750867000,49.8727839331,8.6512128648,145.4775,8.491199,-6.488931,-84.223486,0.0000,0.0000,0.0000
1750967000,49.8727839682,8.6512113976,145.4785,6.511445,-5.041921,-85.443878,0.0000,0.0000,0.0000
1751067000,49.8727839155,8.6512099848,145.4854,4.540786,-6.389747,-85.945114,0.0000,0.0000,0.0000
1751167000,49.8727840560,8.6512086943,145.5039,4.215187,-5.575428,-86.403147,0.0000,0.0000,0.0000
1751267000,49.8727840297,8.6512074852,145.5068,1.741318,-5.660985,-86.317263,0.0000,0.0000,0.0000
1751367000,49.8727839594,8.6512060045,145.5068,-0.261723,-5.939431,-86.326092,0.0000,0.0000,0.0000
1751467000,49.8727839419,8.6512046426,145.5000,-0.517394,-5.390274,-85.723861,0.0000,0.0000,0.0000
1751567000,49.8727839419,8.6512029921,145.4980,0.610872,-5.395399,-84.592151,0.0000,0.0000,0.0000
1751667000,49.8727837926,8.6512014952,145.4941,0.933568,-5.478713,-85.348570,0.0000,0.0000,0.0000
1751767000,49.8727839682,8.6512001256,145.5098,0.593381,-5.281090,-85.072438,0.0000,0.0000,0.0000
1751867000,49.8727839945,8.6511985694,145.5186,0.842548,-6.259272,-85.088718,0.0000,0.0000,0.0000
1751967000,49.8727840033,8.6511971608,145.5283,1.349312,-5.992449,-85.242749,0.0000,0.0000,0.0000
1752067000,49.8727839594,8.6511957547,145.5244,1.478008,-6.378762,-85.513463,0.0000,0.0000,0.0000
1752167000,49.8727840472,8.6511941517,145.5215,3.154925,-5.743406,-86.209035,0.0000,0.0000,0.0000
1752267000,49.8727841175,8.6511927118,145.5137,3.008829,-4.071292,-86.931299,0.0000,0.0000,0.0000
1752367000,49.8727842053,8.6511913601,145.5098,1.740842,-4.469544,-86.108543,0.0000,0.0000,0.0000
1752467000,49.8727841614,8.6511896823,145.5225,3.916881,-4.967141,-86.152628,0.0000,0.0000,0.0000
1752567000,49.8727842579,8.6511883239,145.5420,6.097211,-4.204988,-83.652082,0.0000,0.0000,0.0000
1752667000,49.8727842931,8.6511870061,145.5361,7.558362,-3.899370,-80.108238,0.0000,0.0000,0.0000
1752767000,49.8727843545,8.6511858311,145.5117,10.918189,-3.739726,-76.079594,0.0000,0.0000,0.0000
1752867000,49.8727844247,8.6511843231,145.5137,14.280934,-4.199169,-69.890089,0.0000,0.0000,0.0000
1752967000,49.8727845564,8.6511829103,145.5146,17.031840,-4.381344,-61.595056,0.0000,0.0000,0.0000
1753067000,49.8727847672,8.6511815518,145.5176,20.625800,-4.528659,-55.610504,0.0000,0.0000,0.0000
1753167000,49.8727850920,8.6511803700,145.5244,22.253917,-6.089133,-47.988172,0.0000,0.0000,0.0000
1753267000,49.8727854081,8.6511794869,145.5107,23.363239,-7.405971,-39.913727,0.0000,0.0000,0.0000
1753367000,49.8727859173,8.6511786583,145.5020,22.641320,-8.369953,-33.480362,0.0000,0.0000,0.0000
1753467000,49.8727864968,8.6511777888,145.4805,21.981178,-8.943165,-29.038285,0.0000,0.0000,0.0000
1753569000,49.8727872606,8.6511767972,145.4727,21.125341,-9.693236,-23.385940,0.0000,0.0000,0.0000
1753667000,49.8727878840,8.6511762673,145.4590,21.655451,-10.527900,-17.352669,0.0000,0.0000,0.0000
1753767000,49.8727887268,8.6511760636,145.4619,23.619348,-10.999117,-9.254063,0.0000,0.0000,0.0000
1753867000,49.8727895258,8.6511761315,145.4580,23.449562,-12.813368,1.599318,0.0000,0.0000,0.0000
1753967000,49.8727902457,8.6511764304,145.4609,22.622256,-13.398433,13.407580,0.0000,0.0000,0.0000
1754067000,49.8727909920,8.6511770417,145.4453,20.610822,-13.289668,23.829251,0.0000,0.0000,0.0000
1754167000,49.8727917295,8.6511778975,145.4443,16.099622,-10.740655,32.707134,0.0000,0.0000,0.0000
1754267000,49.8727923353,8.6511785768,145.4414,13.290370,-10.167575,39.931479,0.0000,0.0000,0.0000
1754367000,49.8727929060,8.6511793919,145.4404,14.526199,-10.095596,46.537445,0.0000,0.0000,0.0000
1754470000,49.8727933581,8.6511803564,145.4385,12.991631,-9.722267,54.728552,0.0000,0.0000,0.0000
1754567000,49.8727938366,8.6511813073,145.4277,6.969479,-12.130157,62.512085,0.0000,0.0000,0.0000
1754667000,49.8727942317,8.6511823398,145.4346,5.031582,-10.183604,67.824937,0.0000,0.0000,0.0000
1754770000,49.8727946224,8.6511835216,145.4277,3.738009,-7.051744,72.075809,0.0000,0.0000,0.0000
1754869000,49.8727951097,8.6511846763,145.4268,4.095848,-6.311178,73.186742,0.0000,0.0000,0.0000
1754967000,49.8727955311,8.6511860756,145.4189,3.862557,-5.639044,72.889528,0.0000,0.0000,0.0000
1755067000,49.8727960162,8.6511875495,145.4248,4.041332,-4.767416,72.335114,0.0000,0.0000,0.0000
1755167000,49.8727964837,8.6511890303,145.4492,3.168430,-4.206816,73.256974,0.0000,0.0000,0.0000
1755267000,49.8727969315,8.6511904635,145.4648,1.197915,-3.537553,74.546157,0.0000,0.0000,0.0000
1755368000,49.8727973397,8.6511918423,145.4854,1.762367,-3.645212,74.360635,0.0000,0.0000,0.0000
1755467000,49.8727977458,8.6511932382,145.4805,1.802655,-4.067809,74.657871,0.0000,0.0000,0.0000
1755567000,49.8727982331,8.6511948480,145.4736,1.782658,-4.940529,74.429338,0.0000,0.0000,0.0000
1755667000,49.8727986841,8.6511964849,145.4824,1.553168,-5.310837,73.356771,0.0000,0.0000,0.0000
1755767000,49.8727990414,8.6511980540,145.5156,1.975823,-5.451870,71.777914,0.0000,0.0000,0.0000
1755867000,49.8727993860,8.6511998076,145.5488,1.420470,-5.228355,72.419395,0.0000,0.0000,0.0000
1755967000,49.8727997680,8.6512012821,145.5908,-0.003471,-2.847042,72.869382,0.0000,0.0000,0.0000
1756067000,49.8728000979,8.6512028545,145.6211,-1.201442,-0.473583,72.055349,0.0000,0.0000,0.0000
1756167000,49.8728004478,8.6512045577,145.6445,-2.533761,1.133839,71.100880,0.0000,0.0000,0.0000
1756267000,49.8728007068,8.6512061913,145.6660,-4.951007,3.475085,69.174875,0.0000,0.0000,0.0000
1756367000,49.8728009438,8.6512078248,145.6963,-6.773193,6.087745,67.272703,0.0000,0.0000,0.0000
1756467000,49.8728012961,8.6512093599,145.7324,-8.597295,7.693790,64.567536,0.0000,0.0000,0.0000
1756567000,49.8728015869,8.6512108339,145.7539,-8.374663,7.035536,61.057278,0.0000,0.0000,0.0000
1756667000,49.8728019326,8.6512119886,145.7715,-8.942419,7.394407,56.873584,0.0000,0.0000,0.0000
1756767000,49.8728023135,8.6512132859,145.7842,-11.248603,8.120697,53.683839,0.0000,0.0000,0.0000
1756867000,49.8728026866,8.6512144950,145.7822,-13.277296,9.821508,52.270352,0.0000,0.0000,0.0000
1756967000,49.8728031366,8.6512155410,145.7871,-15.786891,11.007470,50.764898,0.0000,0.0000,0.0000
1757067000,49.8728036151,8.6512166142,145.7910,-16.378860,9.800606,48.729018,0.0000,0.0000,0.0000
1757167000,49.8728040518,8.6512175787,145.8057,-16.630451,10.350616,45.397038,0.0000,0.0000,0.0000
1757267000,49.8728045128,8.6512183123,145.8213,-17.845370,10.953416,40.514803,0.0000,0.0000,0.0000
1757367000,49.8728051098,8.6512190595,145.8350,-19.179507,11.741965,33.527155,0.0000,0.0000,0.0000
1757470000,49.8728056454,8.6512195350,145.8369,-21.355231,12.445026,27.003902,0.0000,0.0000,0.0000
1757570000,49.8728061897,8.6512198882,145.8301,-23.027066,13.151161,18.846091,0.0000,0.0000,0.0000
1757667000,49.8728067297,8.6512203093,145.8262,-24.759004,13.135753,9.767142,0.0000,0.0000,0.0000
1757767000,49.8728073355,8.6512205810,145.8291,-28.130631,13.153580,0.835884,0.0000,0.0000,0.0000
1757867000,49.8728078974,8.6512207032,145.8340,-30.632677,12.606831,-7.097013,0.0000,0.0000,0.0000
1757967000,49.8728083276,8.6512206353,145.8301,-31.097967,11.746523,-16.597432,0.0000,0.0000,0.0000
1758067000,49.8728088719,8.6512203500,145.8320,-32.206767,11.265953,-25.784629,0.0000,0.0000,0.0000
1758167000,49.8728092890,8.6512199289,145.8271,-33.263073,10.094053,-35.357107,0.0000,0.0000,0.0000
1758267000,49.8728097894,8.6512193040,145.8164,-32.147472,8.901285,-42.652180,0.0000,0.0000,0.0000
1758367000,49.8728101582,8.6512185976,145.8096,-31.850156,8.603953,-50.773663,0.0000,0.0000,0.0000
1758467000,49.8728105708,8.6512178504,145.8027,-34.642809,9.078684,-54.442551,0.0000,0.0000,0.0000
1758567000,49.8728109044,8.6512171712,145.8115,-34.961614,9.364467,-58.401450,0.0000,0.0000,0.0000
1758667000,49.8728110625,8.6512164240,145.8174,-33.116959,8.510161,-63.326626,0.0000,0.0000,0.0000
1758767000,49.8728112381,8.6512156497,145.8193,-31.793685,9.259840,-69.722261,0.0000,0.0000,0.0000
1758867000,49.8728113434,8.6512147531,145.8125,-31.406949,8.834495,-74.565100,0.0000,0.0000,0.0000
1758967000,49.8728113785,8.6512137954,145.7949,-30.234843,7.245482,-79.985438,0.0000,0.0000,0.0000
1759070000,49.8728113873,8.6512126882,145.7783,-27.999831,5.555147,-86.542069,0.0000,0.0000,0.0000
1759167000,49.8728114927,8.6512117101,145.7666,-26.780238,5.499339,-91.103245,0.0000,0.0000,0.0000
1759267000,49.8728115278,8.6512105418,145.7500,-26.354681,1.944612,-93.604300,0.0000,0.0000,0.0000
1759367000,49.8728114751,8.6512094143,145.7373,-24.720633,1.377525,-98.787367,0.0000,0.0000,0.0000
1759467000,49.8728112205,8.6512081033,145.7041,-22.064225,-2.202795,-102.066714,0.0000,0.0000,0.0000
1759567000,49.8728109834,8.6512068264,145.6768,-16.739541,-4.302211,-106.797730,0.0000,0.0000,0.0000
1759667000,49.8728107113,8.6512055086,145.6494,-13.441601,-5.773750,-109.477157,0.0000,0.0000,0.0000
1759767000,49.8728104479,8.6512041060,145.6230,-12.916170,-7.728106,-109.760097,0.0000,0.0000,0.0000
1759867000,49.8728104303,8.6512028749,145.5830,-11.751900,-9.181681,-108.056547,0.0000,0.0000,0.0000
1759967000,49.8728102196,8.6512010834,145.5439,-7.491339,-10.692292,-105.643798,0.0000,0.0000,0.0000
1760069000,49.8728100528,8.6511996245,145.5186,-4.125780,-12.346126,-103.447384,0.0000,0.0000,0.0000
1760167000,49.8728099211,8.6511982204,145.4873,-2.198796,-13.337596,-101.246746,0.0000,0.0000,0.0000
1760267000,49.8728098421,8.6511967498,145.4453,-1.858690,-15.024505,-100.671993,0.0000,0.0000,0.0000
1760367000,49.8728096665,8.6511952114,145.4004,-2.819855,-16.691778,-101.422531,0.0000,0.0000,0.0000
1760467000,49.8728095611,8.6511936831,145.3574,-4.282370,-16.368161,-103.114599,0.0000,0.0000,0.0000
1760567000,49.8728094382,8.6511920868,145.3320,-5.586853,-16.278476,-103.738118,0.0000,0.0000,0.0000
1760668000,49.8728092714,8.6511905857,145.3037,-4.165399,-13.757621,-105.950889,0.0000,0.0000,0.0000
1760767000,49.8728090607,8.6511892137,145.2695,-3.204076,-10.021111,-108.939221,0.0000,0.0000,0.0000
1760867000,49.8728088324,8.6511877737,145.2383,-3.935648,-8.923261,-110.625137,0.0000,0.0000,0.0000
1760967000,49.8728085076,8.6511862454,145.1943,-6.762948,-8.351075,-111.960233,0.0000,0.0000,0.0000
1761067000,49.8728081871,8.6511848258,145.1650,-7.845952,-5.115420,-113.281727,0.0000,0.0000,0.0000
1761167000,49.8728078403,8.6511834401,145.1523,-6.784428,-2.704593,-117.395402,0.0000,0.0000,0.0000
1761267000,49.8728074935,8.6511820545,145.1543,-7.008839,-0.347148,-122.212159,0.0000,0.0000,0.0000
1761367000,49.8728071335,8.6511807775,145.1572,-7.596684,0.099001,-124.677831,0.0000,0.0000,0.0000
1761467000,49.8728067560,8.6511795413,145.1582,-4.648644,1.369254,-126.544658,0.0000,0.0000,0.0000
1761567000,49.8728063214,8.6511782100,145.1484,-2.572213,4.145243,-129.363076,0.0000,0.0000,0.0000
1761667000,49.8728059175,8.6511769737,145.1260,-2.761650,3.475259,-134.440495,0.0000,0.0000,0.0000
1761767000,49.8728053732,8.6511758598,145.1279,-4.514932,3.465631,-141.011560,0.0000,0.0000,0.0000
1761867000,49.8728047498,8.6511748409,145.1563,-5.067769,4.738445,-146.021835,0.0000,0.0000,0.0000
1761967000,49.8728040255,8.6511739715,145.2002,-5.281074,5.651535,-150.192367,0.0000,0.0000,0.0000
1762067000,49.8728032265,8.6511732379,145.2529,-3.638841,8.442415,-154.083080,0.0000,0.0000,0.0000
1762167000,49.8728023639,8.6511726266,145.3047,-4.780669,9.895402,-157.123930,0.0000,0.0000,0.0000
1762267000,49.8728014234,8.6511720968,145.3594,-7.766373,10.636019,-160.306673,0.0000,0.0000,0.0000
1762367000,49.8728005309,8.6511717708,145.4189,-7.501779,11.863520,-162.445690,0.0000,0.0000,0.0000
1762467000,49.8727996795,8.6511715262,145.4844,-6.185991,14.802658,-164.973521,0.0000,0.0000,0.0000
1762567000,49.8727988356,8.6511713089,145.5488,-6.802281,15.830781,-167.630048,0.0000,0.0000,0.0000
1762667000,49.8727980761,8.6511711730,145.6133,-8.324509,10.835191,-169.896971,0.0000,0.0000,0.0000
1762767000,49.8727974275,8.6511710915,145.6758,-9.706554,10.306045,-171.737530,0.0000,0.0000,0.0000
1762867000,49.8727967186,8.6511709013,145.7422,-12.109989,9.714633,-173.441955,0.0000,0.0000,0.0000
1762967000,49.8727960776,8.6511707112,145.7959,-14.031845,10.338675,-175.750799,0.0000,0.0000,0.0000
1763067000,49.8727953906,8.6511704123,145.8389,-14.248177,9.537642,-177.793640,0.0000,0.0000,0.0000
1763167000,49.8727946619,8.6511701134,145.8779,-14.374516,8.414179,-179.183245,0.0000,0.0000,0.0000
1763269000,49.8727939727,8.6511699232,145.9111,-14.368488,7.121555,177.622412,0.0000,0.0000,0.0000
1763369000,49.8727932923,8.6511697874,145.9326,-16.446776,5.643544,175.300104,0.0000,0.0000,0.0000
1763467000,49.8727925680,8.6511698689,145.9580,-20.346865,3.920114,170.437152,0.0000,0.0000,0.0000
1763567000,49.8727918963,8.6511700319,145.9717,-23.459621,3.845081,165.297392,0.0000,0.0000,0.0000
1763667000,49.8727912510,8.6511703851,145.9795,-24.884983,1.595731,159.983959,0.0000,0.0000,0.0000
1763767000,49.8727905179,8.6511707927,145.9775,-27.240730,-0.588866,154.489048,0.0000,0.0000,0.0000
1763869000,49.8727898594,8.6511715534,145.9912,-29.251987,-1.194605,149.288709,0.0000,0.0000,0.0000
1763967000,49.8727892448,8.6511723006,145.9990,-30.345179,-0.678288,143.521495,0.0000,0.0000,0.0000
1764067000,49.8727886390,8.6511730613,146.0137,-31.971863,-0.298147,137.590795,0.0000,0.0000,0.0000
1764167000,49.8727880859,8.6511738900,146.0195,-33.205788,-1.693479,131.678578,0.0000,0.0000,0.0000
1764270000,49.8727876118,8.6511748274,146.0215,-34.218782,-2.167460,127.213060,0.0000,0.0000,0.0000
1764367000,49.8727871728,8.6511758326,146.0156,-34.606305,-1.827363,122.182323,0.0000,0.0000,0.0000
1764467000,49.8727867514,8.6511768107,145.9990,-34.162661,-3.064090,117.806781,0.0000,0.0000,0.0000
1764570000,49.8727862597,8.6511779655,145.9922,-30.024411,-5.551298,112.273234,0.0000,0.0000,0.0000
1764667000,49.8727857944,8.6511791473,145.9912,-24.866902,-6.884685,108.226366,0.0000,0.0000,0.0000
1764767000,49.8727854520,8.6511803564,145.0000,-19.463868,-9.972106,104.586041,0.0000,0.0000,0.0000
1764867000,49.8727851798,8.6511815383,145.9922,-17.765517,-12.125040,102.429324,0.0000,0.0000,0.0000
1764967000,49.8727849252,8.6511828696,145.9609,-16.785381,-13.369670,102.057048,0.0000,0.0000,0.0000
1765067000,49.8727847233,8.6511842824,145.9189,-14.611064,-16.612790,100.065089,0.0000,0.0000,0.0000
1765167000,49.8727845301,8.6511857767,145.8760,-10.061936,-19.001158,96.740975,0.0000,0.0000,0.0000
1765267000,49.8727843545,8.6511873593,145.8174,-7.782742,-20.615724,96.387554,0.0000,0.0000,0.0000
1765367000,49.8727842140,8.6511889080,145.7617,-8.368830,-22.378405,98.657540,0.0000,0.0000,0.0000
1765467000,49.8727840823,8.6511903005,145.7031,-9.652200,-22.424054,98.652673,0.0000,0.0000,0.0000
1765567000,49.8727840033,8.6511915978,145.6406,-7.651714,-22.043402,96.596123,0.0000,0.0000,0.0000
1765667000,49.8727839506,8.6511928068,145.5752,-6.225075,-21.534413,96.081491,0.0000,0.0000,0.0000
1765767000,49.8727838980,8.6511940668,145.5020,-6.375111,-22.170277,96.586633,0.0000,0.0000,0.0000
1765868000,49.8727838277,8.6511953166,145.4316,-7.823560,-22.476712,98.406446,0.0000,0.0000,0.0000
1765967000,49.8727837399,8.6511966938,145.3613,-10.664272,-18.028803,98.430545,0.0000,0.0000,0.0000
1766067000,49.8727836873,8.6511978366,145.3066,-8.942037,-16.260886,96.046023,0.0000,0.0000,0.0000
1766167000,49.8727835995,8.6511990066,145.2402,-5.116775,-13.718387,95.361964,0.0000,0.0000,0.0000
1766267000,49.8727835556,8.6512000906,145.1934,-4.857563,-9.809318,92.823970,0.0000,0.0000,0.0000
1766367000,49.8727834941,8.6512013806,145.1328,-5.233120,-5.567507,92.504947,0.0000,0.0000,0.0000
1766467000,49.8727834414,8.6512027594,145.0928,-4.209208,-0.319469,94.289425,0.0000,0.0000,0.0000
1766567000,49.8727833975,8.6512041502,145.0703,-2.969982,1.642272,96.513067,0.0000,0.0000,0.0000
1766669000,49.8727834590,8.6512056343,145.0654,-3.413316,5.501792,96.230181,0.0000,0.0000,0.0000
1766767000,49.8727834502,8.6512071864,145.0723,-3.934663,5.876499,94.170850,0.0000,0.0000,0.0000
1766867000,49.8727834414,8.6512087147,145.0947,-4.804104,5.848009,92.314899,0.0000,0.0000,0.0000
1766967000,49.8727833712,8.6512103177,145.1299,-3.339154,8.675429,91.578214,0.0000,0.0000,0.0000
1767067000,49.8727832746,8.6512120022,145.1641,1.030283,5.942559,93.318230,0.0000,0.0000,0.0000
1767167000,49.8727831341,8.6512136867,145.1904,3.232546,8.544171,94.224656,0.0000,0.0000,0.0000
1767267000,49.8727830200,8.6512154459,145.2510,1.553515,8.346760,90.514733,0.0000,0.0000,0.0000
1767367000,49.8727829234,8.6512170625,145.3242,-1.180963,6.817600,86.609013,0.0000,0.0000,0.0000
1767467000,49.8727828707,8.6512186112,145.4131,-5.248159,7.961740,82.310256,0.0000,0.0000,0.0000
1767567000,49.8727828181,8.6512199425,145.4941,-8.637025,6.351865,77.493380,0.0000,0.0000,0.0000
1767667000,49.8727829234,8.6512214368,145.5732,-11.806464,5.855756,71.719659,0.0000,0.0000,0.0000
1767767000,49.8727830375,8.6512228225,145.6680,-15.686164,6.844884,67.465586,0.0000,0.0000,0.0000
1767867000,49.8727832658,8.6512240451,145.7412,-19.341965,5.915827,65.607465,0.0000,0.0000,0.0000
1767967000,49.8727836170,8.6512251998,145.8037,-21.007622,6.775238,62.480833,0.0000,0.0000,0.0000
1768067000,49.8727839419,8.6512262323,145.8535,-24.493308,6.178806,57.511142,0.0000,0.0000,0.0000
1768167000,49.8727844072,8.6512271696,145.8936,-29.115772,3.795116,52.546521,0.0000,0.0000,0.0000
1768267000,49.8727849076,8.6512279575,145.9268,-31.522799,0.423828,47.870054,0.0000,0.0000,0.0000
1768367000,49.8727854608,8.6512286368,145.9531,-33.044269,0.980532,43.472864,0.0000,0.0000,0.0000
1768467000,49.8727860929,8.6512292888,145.9717,-37.260570,2.712971,40.605507,0.0000,0.0000,0.0000
1768567000,49.8727867163,8.6512298866,145.9893,-41.332058,3.686317,36.361834,0.0000,0.0000,0.0000
1768667000,49.8727874274,8.6512303484,145.9971,-44.392106,4.300661,32.490920,0.0000,0.0000,0.0000
1768767000,49.8727882088,8.6512307560,145.9980,-45.186509,4.349333,27.733291,0.0000,0.0000,0.0000
1768867000,49.8727889990,8.6512310549,145.9854,-44.082976,4.164347,23.848076,0.0000,0.0000,0.0000
1768967000,49.8727898067,8.6512312450,145.9678,-41.787710,3.725933,20.399491,0.0000,0.0000,0.0000
1769067000,49.8727907023,8.6512314081,145.9531,-38.588411,2.141538,17.313177,0.0000,0.0000,0.0000
1769167000,49.8727916110,8.6512314896,145.9326,-33.354689,1.254063,13.700172,0.0000,0.0000,0.0000
1769270000,49.8727925548,8.6512315167,145.9141,-27.344048,1.053247,10.058916,0.0000,0.0000,0.0000
1769367000,49.8727934942,8.6512314624,145.9043,-25.754794,-0.285200,7.903918,0.0000,0.0000,0.0000
1769467000,49.8727943985,8.6512314624,145.8984,-22.960240,-1.094120,8.629373,0.0000,0.0000,0.0000
1769568000,49.8727952897,8.6512314081,145.8945,-17.383924,-1.512144,7.481235,0.0000,0.0000,0.0000
1769667000,49.8727960118,8.6512312722,145.8906,-12.947117,-1.951909,4.522640,0.0000,0.0000,0.0000
1769767000,49.8727968086,8.6512311092,145.8770,-9.704325,-3.324802,0.520720,0.0000,0.0000,0.0000
1769867000,49.8727976382,8.6512310005,145.8613,-9.298885,-3.933224,-1.864322,0.0000,0.0000,0.0000
1769970000,49.8727986161,8.6512308375,145.8525,-10.155175,-4.924806,-2.306092,0.0000,0.0000,0.0000
1770067000,49.8727993980,8.6512306202,145.8516,-12.007724,-5.739543,-4.655241,0.0000,0.0000,0.0000
1770168000,49.8728002436,8.6512302669,145.8486,-13.281811,-6.412280,-8.557981,0.0000,0.0000,0.0000
1770267000,49.8728010508,8.6512298594,145.8467,-15.978835,-7.367170,-12.042839,0.0000,0.0000,0.0000
1770367000,49.8728019063,8.6512293704,145.8340,-18.938291,-8.291844,-16.580816,0.0000,0.0000,0.0000
1770467000,49.8728026668,8.6512287998,145.8232,-21.789426,-9.627502,-21.301713,0.0000,0.0000,0.0000
1770567000,49.8728034834,8.6512280662,145.8203,-23.415597,-10.775682,-25.203375,0.0000,0.0000,0.0000
1770667000,49.8728041989,8.6512273190,145.8223,-24.601408,-10.448900,-27.148925,0.0000,0.0000,0.0000
1770767000,49.8728048596,8.6512264496,145.8252,-27.808569,-10.710700,-29.628374,0.0000,0.0000,0.0000
1770867000,49.8728054083,8.6512255666,145.8281,-29.753767,-12.622965,-33.738343,0.0000,0.0000,0.0000
1770967000,49.8728059000,8.6512243711,145.8369,-30.006626,-13.333255,-39.750238,0.0000,0.0000,0.0000
1771067000,49.8728063521,8.6512234474,145.8232,-29.528078,-12.718138,-45.053366,0.0000,0.0000,0.0000
1771167000,49.8728067999,8.6512222247,145.8125,-31.031093,-11.730140,-49.124982,0.0000,0.0000,0.0000
1771267000,49.8728071248,8.6512210836,145.8037,-32.023589,-10.763242,-53.314105,0.0000,0.0000,0.0000
1771367000,49.8728074013,8.6512198474,145.7979,-31.618253,-11.787500,-59.911243,0.0000,0.0000,0.0000
1771467000,49.8728075594,8.6512187199,145.7930,-27.613313,-13.592467,-66.314002,0.0000,0.0000,0.0000
1771567000,49.8728076120,8.6512175516,145.7852,-24.174482,-13.532475,-71.281135,0.0000,0.0000,0.0000
1771667000,49.8728076867,8.6512163697,145.7725,-18.711113,-13.610489,-76.451147,0.0000,0.0000,0.0000
1771767000,49.8728076779,8.6512151199,145.7568,-14.578827,-12.890646,-80.164895,0.0000,0.0000,0.0000
1771867000,49.8728076647,8.6512138225,145.7461,-12.634128,-12.381524,-83.632946,0.0000,0.0000,0.0000
1771967000,49.8728075462,8.6512125048,145.7461,-12.877578,-12.513932,-87.677226,0.0000,0.0000,0.0000
1772067000,49.8728072740,8.6512111599,145.7500,-13.667486,-11.675263,-91.602532,0.0000,0.0000,0.0000
1772170000,49.8728069316,8.6512099509,145.7510,-13.347325,-12.243336,-96.778697,0.0000,0.0000,0.0000
1772267000,49.8728065716,8.6512090543,145.7490,-11.869062,-11.481229,-102.603763,0.0000,0.0000,0.0000
1772367000,49.8728061370,8.6512081169,145.7412,-9.450068,-11.430872,-107.508350,0.0000,0.0000,0.0000
1772467000,49.8728057112,8.6512072339,145.7354,-8.479492,-10.538824,-111.684470,0.0000,0.0000,0.0000
1772568000,49.8728052591,8.6512063203,145.7314,-7.777480,-9.823749,-115.873687,0.0000,0.0000,0.0000
1772667000,49.8728047718,8.6512054441,145.7256,-8.824109,-10.200282,-118.895898,0.0000,0.0000,0.0000
1772767000,49.8728042318,8.6512047071,145.7246,-7.981241,-10.429141,-121.606096,0.0000,0.0000,0.0000
1772867000,49.8728036260,8.6512040856,145.7217,-6.291982,-10.653069,-124.110761,0.0000,0.0000,0.0000
1772967000,49.8728029939,8.6512035694,145.7197,-4.421486,-10.382010,-125.792279,0.0000,0.0000,0.0000
1773067000,49.8728023288,8.6512030498,145.7129,-2.791409,-9.876089,-126.859599,0.0000,0.0000,0.0000
1773167000,49.8728015979,8.6512025522,145.7100,-0.669154,-9.696211,-128.899622,0.0000,0.0000,0.0000
1773267000,49.8728008659,8.6512020887,145.7139,1.201605,-8.990180,-129.103775,0.0000,0.0000,0.0000
1773367000,49.8728001417,8.6512015393,145.7246,3.335463,-8.955181,-126.101396,0.0000,0.0000,0.0000
1773467000,49.8727994910,8.6512010155,145.7314,5.036464,-8.519674,-123.558652,0.0000,0.0000,0.0000
1773567000,49.8727989420,8.6512006436,145.7363,9.238385,-9.702836,-122.247146,0.0000,0.0000,0.0000
1773667000,49.8727984229,8.6512001790,145.7441,14.835251,-8.562591,-122.098410,0.0000,0.0000,0.0000
1773767000,49.8727979005,8.6511995791,145.7383,18.102420,-8.068125,-123.010410,0.0000,0.0000,0.0000
1773867000,49.8727974649,8.6511989455,145.7334,19.922904,-7.271558,-121.035313,0.0000,0.0000,0.0000
1773967000,49.8727971027,8.6511981134,145.7344,23.177398,-6.188563,-117.816780,0.0000,0.0000,0.0000
1774067000,49.8727967076,8.6511973696,145.7441,24.426085,-4.594657,-113.187960,0.0000,0.0000,0.0000
1774167000,49.8727963103,8.6511966361,145.7539,24.096587,-4.924103,-109.571436,0.0000,0.0000,0.0000
1774267000,49.8727959130,8.6511959959,145.7646,24.123455,-5.262088,-107.413721,0.0000,0.0000,0.0000
1774370000,49.8727955926,8.6511953608,145.7686,23.839865,-5.814471,-103.610882,0.0000,0.0000,0.0000
1774467000,49.8727953380,8.6511946917,145.7607,21.545695,-5.854927,-98.338776,0.0000,0.0000,0.0000
1774567000,49.8727951668,8.6511940057,145.7529,18.945746,-6.096573,-93.423500,0.0000,0.0000,0.0000
1774667000,49.8727950131,8.6511933333,145.7500,15.339904,-5.415186,-88.507645,0.0000,0.0000,0.0000
1774767000,49.8727948595,8.6511927185,145.7441,10.554105,-5.169332,-84.272582,0.0000,0.0000,0.0000
1774868000,49.8727947453,8.6511921616,145.7480,7.601675,-4.179302,-81.395902,0.0000,0.0000,0.0000
1774967000,49.8727946312,8.6511916521,145.7471,6.422680,-3.538664,-77.450884,0.0000,0.0000,0.0000
1775067000,49.8727945522,8.6511912038,145.7344,6.452541,-5.521545,-74.767255,0.0000,0.0000,0.0000
1775167000,49.8727945522,8.6511907216,145.7295,5.993462,-4.178425,-73.708911,0.0000,0.0000,0.0000
1775267000,49.8727946575,8.6511901918,145.7227,5.381904,-4.657573,-72.985633,0.0000,0.0000,0.0000
1775367000,49.8727947804,8.6511895465,145.7109,3.803556,-4.964857,-70.950087,0.0000,0.0000,0.0000
1775467000,49.8727949429,8.6511888605,145.6963,2.351312,-4.241827,-69.845624,0.0000,0.0000,0.0000
1775567000,49.8727951492,8.6511881473,145.6904,2.676938,-3.821283,-69.954154,0.0000,0.0000,0.0000
1775667000,49.8727953731,8.6511874612,145.6934,2.570997,-3.590442,-69.917868,0.0000,0.0000,0.0000
1775767000,49.8727955596,8.6511868227,145.7012,1.340762,-3.038452,-69.679948,0.0000,0.0000,0.0000
1775867000,49.8727957484,8.6511862386,145.7207,1.044574,-2.724352,-69.438931,0.0000,0.0000,0.0000
1775967000,49.8727958165,8.6511857903,145.7236,0.822151,-1.905730,-68.337742,0.0000,0.0000,0.0000
1776067000,49.8727958713,8.6511853692,145.7344,0.909314,-1.270422,-67.285978,0.0000,0.0000,0.0000
1776167000,49.8727958604,8.6511848665,145.7344,0.707215,-0.898435,-65.651904,0.0000,0.0000,0.0000
1776267000,49.8727958538,8.6511843639,145.7402,0.667010,-0.585323,-63.396613,0.0000,0.0000,0.0000
1776368000,49.8727958055,8.6511838477,145.7344,1.834225,-0.639615,-61.299914,0.0000,0.0000,0.0000
1776468000,49.8727957418,8.6511832635,145.7295,2.415243,-0.738333,-58.943380,0.0000,0.0000,0.0000
1776568000,49.8727956979,8.6511827201,145.7334,2.448900,-0.220258,-55.684016,0.0000,0.0000,0.0000
1776668000,49.8727956474,8.6511821767,145.7314,2.123093,-0.626583,-52.876250,0.0000,0.0000,0.0000
1776767000,49.8727956935,8.6511817284,145.7324,2.146474,-1.026193,-47.413913,0.0000,0.0000,0.0000
1776869000,49.8727957089,8.6511813481,145.7305,5.209913,-0.300420,-42.597742,0.0000,0.0000,0.0000
1776967000,49.8727959152,8.6511810492,145.7412,7.388893,0.029846,-37.720403,0.0000,0.0000,0.0000
1777067000,49.8727961742,8.6511807775,145.7354,7.766917,0.077732,-31.847389,0.0000,0.0000,0.0000
1777167000,49.8727965847,8.6511805058,145.7275,7.951884,-0.619351,-26.739848,0.0000,0.0000,0.0000
1777267000,49.8727971049,8.6511802884,145.7266,7.682009,0.216854,-21.158991,0.0000,0.0000,0.0000
1777367000,49.8727977063,8.6511801390,145.7236,8.390609,1.060194,-14.880823,0.0000,0.0000,0.0000
1777467000,49.8727983757,8.6511800847,145.7217,10.423741,0.052263,-8.664663,0.0000,0.0000,0.0000
1777567000,49.8727990578,8.6511802341,145.7236,13.097787,1.864950,-2.016871,0.0000,0.0000,0.0000
1777667000,49.8727995415,8.6511805330,145.7227,14.078319,-0.131226,4.169930,0.0000,0.0000,0.0000
1777767000,49.8728001506,8.6511810356,145.7158,13.563940,-1.553734,14.757036,0.0000,0.0000,0.0000
1777867000,49.8728006782,8.6511816605,145.7080,15.153615,-2.794177,24.581926,0.0000,0.0000,0.0000
1777967000,49.8728011842,8.6511824484,145.6924,16.769813,-3.684646,32.883944,0.0000,0.0000,0.0000
1778067000,49.8728016528,8.6511830733,145.6846,14.866474,-6.372490,41.776345,0.0000,0.0000,0.0000
1778167000,49.8728019403,8.6511839563,145.6758,13.047971,-7.304369,49.643326,0.0000,0.0000,0.0000
1778267000,49.8728021840,8.6511848122,145.6631,12.008507,-9.222268,56.478174,0.0000,0.0000,0.0000
1778367000,49.8728022443,8.6511857903,145.6475,10.200961,-12.496008,63.522239,0.0000,0.0000,0.0000
1778468000,49.8728022564,8.6511868635,145.6299,6.838691,-13.064877,69.799757,0.0000,0.0000,0.0000
1778568000,49.8728023749,8.6511880861,145.6074,4.996950,-14.013650,74.400375,0.0000,0.0000,0.0000
1778667000,49.8728024210,8.6511896076,145.5889,3.854676,-15.115124,79.112316,0.0000,0.0000,0.0000
1778767000,49.8728025330,8.6511913261,145.5713,2.482123,-16.329138,81.595447,0.0000,0.0000,0.0000
1778867000,49.8728027612,8.6511932042,145.5488,2.865267,-16.542588,81.439350,0.0000,0.0000,0.0000
1778967000,49.8728030268,8.6511951910,145.5391,2.510905,-17.070094,84.330631,0.0000,0.0000,0.0000
1779067000,49.8728030992,8.6511972949,145.5400,4.094458,-16.122334,87.887517,0.0000,0.0000,0.0000
1779167000,49.8728032573,8.6511994617,145.5273,4.096882,-16.318195,89.152104,0.0000,0.0000,0.0000
1779269000,49.8728032529,8.6512017176,145.5313,5.218407,-14.963623,91.055121,0.0000,0.0000,0.0000
1779367000,49.8728032726,8.6512043132,145.5293,7.151498,-15.828108,92.975189,0.0000,0.0000,0.0000
1779467000,49.8728030729,8.6512067516,145.5479,10.317219,-10.967113,96.546819,0.0000,0.0000,0.0000
1779567000,49.8728027459,8.6512091697,145.5537,12.981279,-11.142044,101.034749,0.0000,0.0000,0.0000
1779667000,49.8728022454,8.6512114792,145.5576,13.838553,-11.360408,108.398247,0.0000,0.0000,0.0000
1779767000,49.8728016638,8.6512140195,145.5537,16.885834,-11.450873,111.761787,0.0000,0.0000,0.0000
1779867000,49.8728010146,8.6512161388,145.5625,19.912669,-11.556217,117.269509,0.0000,0.0000,0.0000
1779967000,49.8728001956,8.6512180406,145.5625,23.008798,-10.823863,125.385844,0.0000,0.0000,0.0000
1780067000,49.8727993629,8.6512195214,145.5625,23.709237,-12.129135,135.868931,0.0000,0.0000,0.0000
1780167000,49.8727984164,8.6512208119,145.5625,26.514287,-11.017918,142.799374,0.0000,0.0000,0.0000
1780267000,49.8727973968,8.6512218851,145.5684,28.185090,-10.745239,150.593530,0.0000,0.0000,0.0000
1780367000,49.8727963564,8.6512226866,145.5791,26.506457,-10.024017,160.519385,0.0000,0.0000,0.0000
1780467000,49.8727953819,8.6512235289,145.5723,27.708858,-9.390522,167.734332,0.0000,0.0000,0.0000
1780567000,49.8727944688,8.6512239228,145.5664,24.967407,-11.182605,176.092024,0.0000,0.0000,0.0000
1780667000,49.8727934986,8.6512241266,145.5576,24.862652,-12.723313,-176.944364,0.0000,0.0000,0.0000
1780767000,49.8727924714,8.6512241402,145.5596,27.046061,-11.733602,-171.812992,0.0000,0.0000,0.0000
1780867000,49.8727914485,8.6512239228,145.5498,26.903470,-12.763572,-165.277003,0.0000,0.0000,0.0000
1780970000,49.8727904389,8.6512234338,145.5488,28.884477,-11.756648,-157.036250,0.0000,0.0000,0.0000
1781067000,49.8727897628,8.6512227410,145.5439,26.735010,-13.535866,-148.561800,0.0000,0.0000,0.0000
1781167000,49.8727891219,8.6512216542,145.5352,24.767439,-14.355363,-138.833650,0.0000,0.0000,0.0000
1781267000,49.8727884898,8.6512203093,145.5342,23.215135,-14.467681,-129.374462,0.0000,0.0000,0.0000
1781367000,49.8727880508,8.6512190595,145.5303,21.735864,-13.155031,-119.607561,0.0000,0.0000,0.0000
1781467000,49.8727877610,8.6512176331,145.5283,21.194226,-13.475201,-109.732774,0.0000,0.0000,0.0000
1781567000,49.8727876030,8.6512161795,145.5254,21.108194,-13.703945,-100.479103,0.0000,0.0000,0.0000
1781667000,49.8727874977,8.6512145357,145.5107,17.682723,-16.713380,-90.344716,0.0000,0.0000,0.0000
1781767000,49.8727876733,8.6512130074,145.4932,13.576119,-17.549917,-79.722376,0.0000,0.0000,0.0000
1781867000,49.8727879718,8.6512114520,145.4766,14.428311,-17.076796,-75.338678,0.0000,0.0000,0.0000
1781967000,49.8727882878,8.6512096656,145.4639,12.996651,-18.094383,-68.016027,0.0000,0.0000,0.0000
1782067000,49.8727886654,8.6512080626,145.4629,15.498045,-16.540372,-62.103818,0.0000,0.0000,0.0000
1782169000,49.8727893238,8.6512064256,145.4844,12.350384,-18.049055,-54.684731,0.0000,0.0000,0.0000
1782267000,49.8727899121,8.6512050264,145.4922,9.555105,-16.294696,-49.648266,0.0000,0.0000,0.0000
1782367000,49.8727905091,8.6512035524,145.4932,8.007353,-13.708577,-49.422284,0.0000,0.0000,0.0000
1782467000,49.8727909042,8.6512014689,145.4932,4.109890,-12.503527,-47.558696,0.0000,0.0000,0.0000
1782567000,49.8727916417,8.6511993148,145.5332,5.351877,-12.360462,-45.847258,0.0000,0.0000,0.0000
1782667000,49.8727922519,8.6511976447,145.5547,7.789294,-8.214927,-43.620272,0.0000,0.0000,0.0000
1782767000,49.8727929411,8.6511958227,145.5615,7.123836,-8.714117,-42.041833,0.0000,0.0000,0.0000
1782867000,49.8727937444,8.6511941280,145.5771,6.761650,-7.063655,-41.055812,0.0000,0.0000,0.0000
1782967000,49.8727946312,8.6511923925,145.5908,7.775997,-5.375366,-40.474230,0.0000,0.0000,0.0000
1783069000,49.8727953687,8.6511907080,145.5762,6.644711,-4.181915,-39.345116,0.0000,0.0000,0.0000
1783169000,49.8727962840,8.6511889352,145.5762,6.029666,-3.053170,-36.805164,0.0000,0.0000,0.0000
1783267000,49.8727969864,8.6511874952,145.5791,5.744562,-3.629757,-35.974245,0.0000,0.0000,0.0000
1783367000,49.8727977897,8.6511860620,145.5938,5.813896,-3.497451,-32.258968,0.0000,0.0000,0.0000
1783469000,49.8727988833,8.6511844454,145.6221,8.647174,-2.310833,-25.985521,0.0000,0.0000,0.0000
1783567000,49.8727998313,8.6511831820,145.6221,10.848559,-1.004217,-17.614884,0.0000,0.0000,0.0000
1783669000,49.8728007660,8.6511822447,145.6201,14.871106,0.364033,-9.019197,0.0000,0.0000,0.0000
1783767000,49.8728016923,8.6511815790,145.6133,16.728478,-0.238133,-2.154615,0.0000,0.0000,0.0000
1783867000,49.8728025922,8.6511812666,145.6084,19.700498,-3.600348,4.678268,0.0000,0.0000,0.0000
1783967000,49.8728034856,8.6511813616,145.6289,23.624398,-4.367979,14.053531,0.0000,0.0000,0.0000
1784067000,49.8728043986,8.6511815247,145.6416,27.824015,-3.501885,22.248060,0.0000,0.0000,0.0000
1784167000,49.8728052591,8.6511819865,145.6396,31.687876,-4.097999,28.361363,0.0000,0.0000,0.0000
1784267000,49.8728060624,8.6511826794,145.6416,35.693443,-4.632090,35.167372,0.0000,0.0000,0.0000
1784367000,49.8728067648,8.6511836846,145.6475,38.076613,-6.316703,42.460050,0.0000,0.0000,0.0000
1784469000,49.8728073574,8.6511848937,145.6367,38.331415,-8.135585,53.030367,0.0000,0.0000,0.0000
1784567000,49.8728076779,8.6511864492,145.6152,37.778355,-9.802588,63.503857,0.0000,0.0000,0.0000
1784667000,49.8728080466,8.6511879435,145.5986,35.003442,-9.841540,72.690831,0.0000,0.0000,0.0000
1784767000,49.8728082354,8.6511894038,145.5859,32.218099,-10.325716,82.366303,0.0000,0.0000,0.0000
1784867000,49.8728081344,8.6511909865,145.5811,29.485283,-10.420449,92.889441,0.0000,0.0000,0.0000
1784967000,49.8728079237,8.6511927253,145.5537,20.971067,-13.682386,104.982086,0.0000,0.0000,0.0000
1785067000,49.8728075989,8.6511941585,145.5449,13.244921,-13.451442,116.366107,0.0000,0.0000,0.0000
1785167000,49.8728069887,8.6511956359,145.5303,10.875481,-11.840458,122.040107,0.0000,0.0000,0.0000
1785267000,49.8728064224,8.6511971234,145.5107,5.740467,-11.494542,130.138439,0.0000,0.0000,0.0000
1785367000,49.8728058473,8.6511984921,145.5088,7.758006,-10.999032,138.475576,0.0000,0.0000,0.0000
1785467000,49.8728051625,8.6511995946,145.5049,4.727324,-12.581421,146.690510,0.0000,0.0000,0.0000
1785567000,49.8728043482,8.6512004254,145.5176,-0.314174,-11.619872,155.867457,0.0000,0.0000,0.0000
1785667000,49.8728035295,8.6512012218,145.5195,-2.021208,-11.702664,162.270178,0.0000,0.0000,0.0000
1785767000,49.8728026976,8.6512018985,145.5176,-3.893233,-10.879124,166.540045,0.0000,0.0000,0.0000
1785867000,49.8728018317,8.6512026524,145.5176,-7.505073,-10.871433,171.545098,0.0000,0.0000,0.0000
1785967000,49.8728010733,8.6512034777,145.5195,-7.214908,-12.271684,173.116659,0.0000,0.0000,0.0000
1786067000,49.8728002826,8.6512040754,145.5215,-13.884485,-13.769068,177.709767,0.0000,0.0000,0.0000
1786167000,49.8727994707,8.6512047445,145.5264,-17.643661,-12.908139,179.633886,0.0000,0.0000,0.0000
1786268000,49.8727987116,8.6512052879,145.5313,-20.031298,-12.432700,177.597050,0.0000,0.0000,0.0000
1786367000,49.8727976953,8.6512060758,145.5244,-22.312494,-13.207059,172.293011,0.0000,0.0000,0.0000
1786467000,49.8727967734,8.6512068162,145.5303,-24.016230,-11.316826,168.971222,0.0000,0.0000,0.0000
1786567000,49.8727957616,8.6512077433,145.5498,-23.868984,-9.927735,164.913417,0.0000,0.0000,0.0000
1786667000,49.8727947980,8.6512087350,145.5723,-26.273268,-8.539066,162.428771,0.0000,0.0000,0.0000
1786767000,49.8727939288,8.6512097335,145.5859,-28.490907,-8.406476,157.013652,0.0000,0.0000,0.0000
1786867000,49.8727931781,8.6512106369,145.5791,-30.687842,-7.132135,151.668981,0.0000,0.0000,0.0000
1786967000,49.8727923002,8.6512118867,145.5703,-35.762066,-6.447023,145.949382,0.0000,0.0000,0.0000
1787067000,49.8727915583,8.6512131297,145.5664,-39.629285,-6.261842,139.605595,0.0000,0.0000,0.0000
1787167000,49.8727909657,8.6512145086,145.5762,-41.459221,-6.866403,131.062666,0.0000,0.0000,0.0000
1787267000,49.8727905267,8.6512159214,145.5820,-40.530801,-8.765603,121.662443,0.0000,0.0000,0.0000
1787368000,49.8727902896,8.6512174021,145.5830,-37.806596,-11.264140,109.731651,0.0000,0.0000,0.0000
1787467000,49.8727902018,8.6512188285,145.5840,-36.445329,-12.647287,97.829009,0.0000,0.0000,0.0000
1787567000,49.8727902896,8.6512203772,145.5742,-36.594692,-11.260458,87.659786,0.0000,0.0000,0.0000
1787667000,49.8727904125,8.6512216270,145.5654,-37.671839,-8.912698,79.163380,0.0000,0.0000,0.0000
1787767000,49.8727906847,8.6512225915,145.5654,-37.762496,-7.485070,71.393044,0.0000,0.0000,0.0000
1787870000,49.8727910578,8.6512236240,145.5674,-35.084166,-9.352313,61.277614,0.0000,0.0000,0.0000
1787967000,49.8727915319,8.6512244391,145.5752,-32.644878,-9.012178,52.722911,0.0000,0.0000,0.0000
1788067000,49.8727920456,8.6512253221,145.5713,-32.138388,-9.434631,45.290629,0.0000,0.0000,0.0000
1788168000,49.8727925811,8.6512262866,145.5732,-34.527437,-7.520563,41.363039,0.0000,0.0000,0.0000
1788267000,49.8727932703,8.6512271560,145.5820,-35.021328,-6.247486,36.557014,0.0000,0.0000,0.0000
1788367000,49.8727940781,8.6512278488,145.6045,-33.989768,-6.002627,28.999213,0.0000,0.0000,0.0000
1788467000,49.8727948682,8.6512282564,145.6123,-32.320009,-8.432011,20.822066,0.0000,0.0000,0.0000
1788567000,49.8727957726,8.6512283379,145.6152,-30.270390,-8.672428,12.098938,0.0000,0.0000,0.0000
1788667000,49.8727967076,8.6512282836,145.6113,-29.603099,-8.563611,4.687077,0.0000,0.0000,0.0000
1788767000,49.8727976712,8.6512280934,145.6104,-32.899015,-6.453751,-1.521527,0.0000,0.0000,0.0000
1788867000,49.8727985393,8.6512279575,145.6074,-35.519084,-5.694111,-8.209856,0.0000,0.0000,0.0000
1788967000,49.8727993865,8.6512274549,145.6084,-34.622531,-6.751693,-16.360879,0.0000,0.0000,0.0000
1789067000,49.8728002353,8.6512265583,145.6055,-31.646965,-9.537252,-25.253662,0.0000,0.0000,0.0000
1789170000,49.8728009466,8.6512256617,145.6094,-30.154056,-8.925030,-34.071294,0.0000,0.0000,0.0000
1789269000,49.8728016396,8.6512246428,145.5957,-30.457829,-8.371997,-40.464981,0.0000,0.0000,0.0000
1789367000,49.8728023310,8.6512235561,145.5859,-29.950376,-8.716425,-45.539237,0.0000,0.0000,0.0000
1789467000,49.8728029456,8.6512222791,145.5928,-30.936370,-9.365902,-51.287937,0.0000,0.0000,0.0000
1789568000,49.8728033517,8.6512209749,145.5938,-31.290063,-10.785915,-58.247825,0.0000,0.0000,0.0000
1789667000,49.8728035712,8.6512195893,145.6016,-27.883019,-11.287798,-66.455302,0.0000,0.0000,0.0000
1789768000,49.8728037029,8.6512181357,145.5947,-25.659274,-12.408861,-74.781868,0.0000,0.0000,0.0000
1789869000,49.8728037928,8.6512166821,145.5801,-23.383621,-12.631249,-81.514026,0.0000,0.0000,0.0000
1789967000,49.8728038565,8.6512151471,145.5645,-24.582955,-11.007104,-84.717241,0.0000,0.0000,0.0000
1790067000,49.8728037950,8.6512136799,145.5537,-24.084778,-11.556071,-89.637717,0.0000,0.0000,0.0000
1790167000,49.8728035141,8.6512122807,145.5479,-19.054157,-13.847767,-99.476931,0.0000,0.0000,0.0000
1790268000,49.8728031541,8.6512109154,145.5488,-17.497349,-12.894588,-106.815028,0.0000,0.0000,0.0000
1790368000,49.8728027349,8.6512095229,145.5479,-16.009331,-11.487456,-111.436298,0.0000,0.0000,0.0000
1790467000,49.8728022871,8.6512080354,145.5420,-12.120387,-10.284230,-113.264408,0.0000,0.0000,0.0000
1790567000,49.8728018701,8.6512065309,145.5518,-8.382257,-6.476842,-114.081276,0.0000,0.0000,0.0000
1790667000,49.8728014640,8.6512050400,145.5684,-5.092783,-7.441633,-115.045782,0.0000,0.0000,0.0000
1790768000,49.8728010700,8.6512036441,145.5820,-2.823859,-7.881679,-116.557934,0.0000,0.0000,0.0000
1790867000,49.8728006821,8.6512022602,145.5889,-1.781217,-5.859738,-114.610949,0.0000,0.0000,0.0000
1790967000,49.8728002974,8.6512008397,145.5938,-0.518788,-5.023174,-112.259276,0.0000,0.0000,0.0000
1791067000,49.8727998904,8.6511992053,145.5928,0.378428,-3.470398,-110.067954,0.0000,0.0000,0.0000
1791167000,49.8727995391,8.6511977025,145.5938,0.593486,-4.491719,-107.392141,0.0000,0.0000,0.0000
1791267000,49.8727991764,8.6511963423,145.5850,1.453493,-4.567698,-105.953942,0.0000,0.0000,0.0000
1791367000,49.8727988125,8.6511952283,145.5850,2.338208,-5.198834,-104.036502,0.0000,0.0000,0.0000
1791467000,49.8727983878,8.6511938393,145.5811,2.401998,-4.388274,-101.812821,0.0000,0.0000,0.0000
1791567000,49.8727980224,8.6511925148,145.5635,2.009955,-4.719921,-98.570375,0.0000,0.0000,0.0000
1791667000,49.8727977798,8.6511914280,145.5674,0.899042,-2.201683,-93.633798,0.0000,0.0000,0.0000
1791767000,49.8727975153,8.6511901714,145.5586,-1.738092,0.096704,-89.186666,0.0000,0.0000,0.0000
1791870000,49.8727972827,8.6511892137,145.5518,0.150958,-1.504397,-87.332907,0.0000,0.0000,0.0000
1791967000,49.8727971554,8.6511885073,145.5557,-1.108250,-2.166866,-86.345042,0.0000,0.0000,0.0000
1792069000,49.8727970917,8.6511878416,145.5576,-2.641672,0.250148,-83.680651,0.0000,0.0000,0.0000
1792167000,49.8727970368,8.6511873593,145.5488,-2.273359,0.929924,-84.702446,0.0000,0.0000,0.0000
1792267000,49.8727969271,8.6511869246,145.5225,-3.868937,0.158680,-85.304561,0.0000,0.0000,0.0000
1792367000,49.8727969490,8.6511866665,145.5059,-3.893246,-0.776208,-86.061607,0.0000,0.0000,0.0000
1792467000,49.8727969468,8.6511865103,145.4893,-4.522418,-1.562437,-88.304566,0.0000,0.0000,0.0000
1792567000,49.8727968481,8.6511862997,145.4570,-5.982464,-0.836755,-89.157352,0.0000,0.0000,0.0000
1792667000,49.8727968086,8.6511861435,145.4160,-5.846165,-2.323636,-88.666997,0.0000,0.0000,0.0000
1792767000,49.8727967164,8.6511859669,145.3691,-5.065327,-1.311738,-89.089626,0.0000,0.0000,0.0000
1792867000,49.8727966527,8.6511858039,145.3262,-5.656853,-0.664425,-90.272520,0.0000,0.0000,0.0000
1792967000,49.8727965144,8.6511856409,145.2715,-8.505704,-0.185204,-90.897238,0.0000,0.0000,0.0000
1793067000,49.8727963520,8.6511854643,145.2139,-9.225649,0.419578,-90.758024,0.0000,0.0000,0.0000
1793167000,49.8727961808,8.6511853012,145.1592,-7.307301,0.793352,-90.155120,0.0000,0.0000,0.0000
1793267000,49.8727960052,8.6511850839,145.1016,-6.857757,2.150279,-89.166179,0.0000,0.0000,0.0000
1793369000,49.8727957901,8.6511849073,145.0088,-8.418897,2.556025,-89.171058,0.0000,0.0000,0.0000
1793471000,49.8727955662,8.6511846220,144.9116,-6.609159,2.434427,-91.039317,0.0000,0.0000,0.0000
1793567000,49.8727954916,8.6511844454,144.8271,-3.076478,4.635589,-92.174863,0.0000,0.0000,0.0000
1793667000,49.8727953292,8.6511842416,144.7124,-1.913841,2.858828,-92.040107,0.0000,0.0000,0.0000
1793767000,49.8727952194,8.6511840650,144.6006,-3.227213,2.805730,-93.818062,0.0000,0.0000,0.0000
1793868000,49.8727950351,8.6511839020,144.4785,-5.120270,0.362523,-93.307360,0.0000,0.0000,0.0000
1793967000,49.8727948243,8.6511838884,144.3606,-6.009342,-0.741704,-94.977901,0.0000,0.0000,0.0000
1794068000,49.8727946926,8.6511839971,144.2725,-6.490399,-0.358126,-97.156830,0.0000,0.0000,0.0000
1794167000,49.8727945785,8.6511840922,144.1902,-7.245431,-2.316943,-96.817094,0.0000,0.0000,0.0000
1794267000,49.8727945566,8.6511840650,144.1261,-3.539171,-3.165568,-92.103703,0.0000,0.0000,0.0000
1794367000,49.8727945741,8.6511840107,144.0750,-2.025544,-2.505146,-90.321327,0.0000,0.0000,0.0000
1794467000,49.8727945653,8.6511838748,144.0438,-5.244142,-0.981897,-90.746127,0.0000,0.0000,0.0000
1794567000,49.8727946092,8.6511838477,144.0331,-6.806417,-2.896336,-90.163881,0.0000,0.0000,0.0000
1794667000,49.8727946180,8.6511838884,144.0229,-5.155802,-2.164454,-89.837068,0.0000,0.0000,0.0000
1794768000,49.8727946487,8.6511839428,144.0181,-0.211607,-0.201855,-89.235532,0.0000,0.0000,0.0000
1794867000,49.8727946444,8.6511839699,144.0168,-0.319871,-0.016702,-89.244600,0.0000,0.0000,0.0000
1794967000,49.8727946487,8.6511839971,144.0170,-0.318175,-0.024545,-89.241519,0.0000,0.0000,0.0000
1795067000,49.8727946531,8.6511840243,144.0173,-0.322273,-0.016195,-89.240230,0.0000,0.0000,0.0000
1795167000,49.8727945610,8.6511840650,143.9997,-0.574200,0.026381,-89.187080,0.0000,0.0000,0.0000
1795267000,49.8727945346,8.6511840922,143.9952,-0.593907,0.018337,-89.062030,0.0000,0.0000,0.0000
1795367000,49.8727945302,8.6511841058,143.9940,-0.535113,-0.055817,-88.964639,0.0000,0.0000,0.0000
1795467000,49.8727945434,8.6511840650,143.9943,-0.451449,-0.157694,-88.806925,0.0000,0.0000,0.0000
1795568000,49.8727945478,8.6511840514,143.9946,-0.429034,-0.199123,-88.747358,0.0000,0.0000,0.0000
1795667000,49.8727946049,8.6511838477,143.9998,-0.355976,-0.472021,-88.848915,0.0000,0.0000,0.0000
1795767000,49.8727946005,8.6511838205,144.0063,-0.444025,-0.411335,-88.870642,0.0000,0.0000,0.0000
1795867000,49.8727946005,8.6511838069,144.0091,-0.492756,-0.326561,-88.887441,0.0000,0.0000,0.0000
1795967000,49.8727946005,8.6511838205,144.0096,-0.520893,-0.222356,-88.958643,0.0000,0.0000,0.0000
1796067000,49.8727946049,8.6511838205,144.0122,-0.526160,-0.224935,-88.959496,0.0000,0.0000,0.0000
1796167000,49.8727945961,8.6511839020,143.9965,-0.563992,-0.009894,-88.890545,0.0000,0.0000,0.0000
1796267000,49.8727946005,8.6511839020,143.9966,-0.565923,-0.122194,-88.918838,0.0000,0.0000,0.0000
1796367000,49.8727946049,8.6511838748,144.0042,-0.560308,-0.269918,-88.925115,0.0000,0.0000,0.0000
1796467000,49.8727946005,8.6511839020,144.0010,-0.572810,-0.205789,-88.930651,0.0000,0.0000,0.0000
1796567000,49.8727945961,8.6511839020,143.9960,-0.589794,-0.187708,-88.866899,0.0000,0.0000,0.0000
1796667000,49.8727945961,8.6511839020,143.9962,-0.593259,-0.222366,-88.834369,0.0000,0.0000,0.0000
1796767000,49.8727945829,8.6511839292,143.9887,-0.633506,-0.132208,-88.770101,0.0000,0.0000,0.0000
1796867000,49.8727945785,8.6511839428,143.9865,-0.643023,-0.159577,-88.738466,0.0000,0.0000,0.0000
1796967000,49.8727945741,8.6511839563,143.9854,-0.642412,-0.178740,-88.705142,0.0000,0.0000,0.0000
1797068000,49.8727945961,8.6511838884,143.9952,-0.567096,-0.329011,-88.733363,0.0000,0.0000,0.0000
1797167000,49.8727945961,8.6511838884,143.9937,-0.568664,-0.266771,-88.703072,0.0000,0.0000,0.0000
1797267000,49.8727945961,8.6511838748,143.9974,-0.568243,-0.315696,-88.739545,0.0000,0.0000,0.0000
1797367000,49.8727946005,8.6511838884,143.9985,-0.577559,-0.250061,-88.746843,0.0000,0.0000,0.0000
1797467000,49.8727945917,8.6511839020,143.9930,-0.597835,-0.219272,-88.711119,0.0000,0.0000,0.0000
1797569000,49.8727946005,8.6511838748,143.9988,-0.589753,-0.327329,-88.752538,0.0000,0.0000,0.0000
1797669000,49.8727946005,8.6511838612,144.0034,-0.593133,-0.338641,-88.833767,0.0000,0.0000,0.0000
1797767000,49.8727945961,8.6511839020,143.9964,-0.621819,-0.187890,-88.797785,0.0000,0.0000,0.0000
1797867000,49.8727945917,8.6511839020,143.9928,-0.630576,-0.224885,-88.765223,0.0000,0.0000,0.0000
1797967000,49.8727945961,8.6511838748,143.9985,-0.607503,-0.335030,-88.839863,0.0000,0.0000,0.0000
1798067000,49.8727946005,8.6511838477,144.0055,-0.601537,-0.415850,-88.902397,0.0000,0.0000,0.0000
1798167000,49.8727946005,8.6511838884,144.0004,-0.607324,-0.242209,-88.893681,0.0000,0.0000,0.0000
1798267000,49.8727946005,8.6511838884,144.0014,-0.602781,-0.275821,-88.917991,0.0000,0.0000,0.0000
1798367000,49.8727946005,8.6511838748,144.0024,-0.612154,-0.293156,-88.906511,0.0000,0.0000,0.0000
1798467000,49.8727945961,8.6511839156,143.9957,-0.633654,-0.206514,-88.887703,0.0000,0.0000,0.0000
1798567000,49.8727945961,8.6511838884,143.9957,-0.622306,-0.281224,-88.820006,0.0000,0.0000,0.0000
1798667000,49.8727945917,8.6511839020,143.9914,-0.631885,-0.231858,-88.803646,0.0000,0.0000,0.0000
1798768000,49.8727945961,8.6511838884,143.9955,-0.603099,-0.329346,-88.831164,0.0000,0.0000,0.0000
1798867000,49.8727945961,8.6511838748,143.9973,-0.597139,-0.349373,-88.845938,0.0000,0.0000,0.0000
1798967000,49.8727945961,8.6511838884,143.9961,-0.599864,-0.273297,-88.848076,0.0000,0.0000,0.0000
1799067000,49.8727946487,8.6511839428,144.0046,-0.459547,-0.145626,-88.870777,0.0000,0.0000,0.0000
1799167000,49.8727946180,8.6511839563,144.0063,-0.688710,-0.156688,-88.868671,0.0000,0.0000,0.0000
1799267000,49.8727945873,8.6511839563,143.9978,-0.778515,-0.213456,-88.829699,0.0000,0.0000,0.0000
1799367000,49.8727945917,8.6511839020,143.9966,-0.696448,-0.358889,-88.849948,0.0000,0.0000,0.0000
1799467000,49.8727945917,8.6511838748,143.9983,-0.651146,-0.385760,-88.883156,0.0000,0.0000,0.0000
1799567000,49.8727945917,8.6511838748,143.9953,-0.622614,-0.317634,-88.844284,0.0000,0.0000,0.0000
1799667000,49.8727945961,8.6511838748,143.9954,-0.601122,-0.310421,-88.844382,0.0000,0.0000,0.0000
1799767000,49.8727945961,8.6511838612,143.9984,-0.593039,-0.337029,-88.860001,0.0000,0.0000,0.0000
1799867000,49.8727945961,8.6511838748,143.9965,-0.587870,-0.251499,-88.835978,0.0000,0.0000,0.0000
1799967000,49.8727945873,8.6511839156,143.9885,-0.617955,-0.148506,-88.762163,0.0000,0.0000,0.0000
1800067000,49.8727945829,8.6511839292,143.9853,-0.630773,-0.156219,-88.719270,0.0000,0.0000,0.0000
1800167000,49.8727945873,8.6511839020,143.9874,-0.604621,-0.269006,-88.665388,0.0000,0.0000,0.0000
1800267000,49.8727945873,8.6511838884,143.9904,-0.603554,-0.294705,-88.687109,0.0000,0.0000,0.0000
1800367000,49.8727945873,8.6511838884,143.9913,-0.603555,-0.294254,-88.684489,0.0000,0.0000,0.0000
1800467000,49.8727945873,8.6511838205,144.0011,-0.602024,-0.390237,-88.687485,0.0000,0.0000,0.0000
1800567000,49.8727945917,8.6511839020,143.9939,-0.580856,-0.217253,-88.663084,0.0000,0.0000,0.0000
1800667000,49.8727946005,8.6511838748,144.0020,-0.568746,-0.286949,-88.761540,0.0000,0.0000,0.0000
1800767000,49.8727946049,8.6511838612,144.0067,-0.569739,-0.307233,-88.799026,0.0000,0.0000,0.0000
1800869000,49.8727945961,8.6511839020,143.9955,-0.601265,-0.182823,-88.769872,0.0000,0.0000,0.0000
1800967000,49.8727945917,8.6511839156,143.9919,-0.622458,-0.160811,-88.762965,0.0000,0.0000,0.0000
1801067000,49.8727945961,8.6511838884,143.9987,-0.594505,-0.325374,-88.764773,0.0000,0.0000,0.0000
1801167000,49.8727946005,8.6511838884,143.9990,-0.588025,-0.287757,-88.746627,0.0000,0.0000,0.0000
1801267000,49.8727945961,8.6511839020,143.9955,-0.596891,-0.215873,-88.727748,0.0000,0.0000,0.0000
1801367000,49.8727945961,8.6511838884,143.9983,-0.586208,-0.280319,-88.741424,0.0000,0.0000,0.0000
1801467000,49.8727945961,8.6511839020,143.9940,-0.598716,-0.224877,-88.739935,0.0000,0.0000,0.0000
1801567000,49.8727945961,8.6511838884,143.9968,-0.598736,-0.268867,-88.751069,0.0000,0.0000,0.0000
1801667000,49.8727946575,8.6511839563,144.0059,-0.373018,-0.176869,-88.772878,0.0000,0.0000,0.0000
1801767000,49.8727946531,8.6511839835,144.0137,-0.497402,-0.165826,-88.826933,0.0000,0.0000,0.0000
1801867000,49.8727946049,8.6511839292,144.0031,-0.731966,-0.329979,-88.862260,0.0000,0.0000,0.0000
1801967000,49.8727945873,8.6511839156,143.9976,-0.747331,-0.331012,-88.842977,0.0000,0.0000,0.0000
1802067000,49.8727945873,8.6511838612,144.0008,-0.694711,-0.448983,-88.854653,0.0000,0.0000,0.0000
1802167000,49.8727945829,8.6511838069,144.0025,-0.677054,-0.479819,-88.865030,0.0000,0.0000,0.0000
1802267000,49.8727946005,8.6511838477,144.0035,-0.616711,-0.391748,-88.999507,0.0000,0.0000,0.0000
1802368000,49.8727946005,8.6511838748,143.9987,-0.618093,-0.291704,-88.972068,0.0000,0.0000,0.0000
1802467000,49.8727945961,8.6511838748,143.9955,-0.615334,-0.267947,-88.938983,0.0000,0.0000,0.0000
1802567000,49.8727945961,8.6511838884,143.9950,-0.612754,-0.267426,-88.918886,0.0000,0.0000,0.0000
1802667000,49.8727945961,8.6511838748,143.9986,-0.600574,-0.323110,-88.929112,0.0000,0.0000,0.0000
1802767000,49.8727945961,8.6511838341,144.0046,-0.608433,-0.377145,-88.952407,0.0000,0.0000,0.0000
1802867000,49.8727946005,8.6511838884,144.0002,-0.594299,-0.219739,-88.962011,0.0000,0.0000,0.0000
1802967000,49.8727946005,8.6511838884,143.9994,-0.598671,-0.221266,-88.968988,0.0000,0.0000,0.0000
1803067000,49.8727945917,8.6511839156,143.9934,-0.635662,-0.150968,-88.944830,0.0000,0.0000,0.0000
1803167000,49.8727945785,8.6511839428,143.9879,-0.667082,-0.134105,-88.857468,0.0000,0.0000,0.0000
1803268000,49.8727945917,8.6511838884,143.9927,-0.604386,-0.348289,-88.902743,0.0000,0.0000,0.0000
1803367000,49.8727945961,8.6511838748,143.9967,-0.588549,-0.350614,-88.942992,0.0000,0.0000,0.0000
1803469000,49.8727945961,8.6511838748,143.9966,-0.578479,-0.305313,-88.956364,0.0000,0.0000,0.0000
1803567000,49.8727945961,8.6511838884,143.9976,-0.581807,-0.284698,-88.948593,0.0000,0.0000,0.0000
1803667000,49.8727945961,8.6511838884,143.9986,-0.582435,-0.257587,-88.947855,0.0000,0.0000,0.0000
1803767000,49.8727945961,8.6511839020,143.9950,-0.597242,-0.242156,-88.906815,0.0000,0.0000,0.0000
1803867000,49.8727945961,8.6511838748,143.9993,-0.591020,-0.325085,-88.913394,0.0000,0.0000,0.0000
1803967000,49.8727945961,8.6511838884,143.9948,-0.592870,-0.279845,-88.875159,0.0000,0.0000,0.0000
1804067000,49.8727946005,8.6511838612,144.0035,-0.586633,-0.390115,-88.970770,0.0000,0.0000,0.0000
1804167000,49.8727945961,8.6511839020,143.9968,-0.611364,-0.211113,-88.910447,0.0000,0.0000,0.0000
1804267000,49.8727945961,8.6511839020,143.9934,-0.599407,-0.266862,-88.828879,0.0000,0.0000,0.0000
1804367000,49.8727945917,8.6511838884,143.9947,-0.604051,-0.295488,-88.836585,0.0000,0.0000,0.0000
1804467000,49.8727945961,8.6511838477,144.0031,-0.601146,-0.417338,-88.893649,0.0000,0.0000,0.0000
1804567000,49.8727946005,8.6511838612,144.0044,-0.582904,-0.335274,-88.881894,0.0000,0.0000,0.0000
1804667000,49.8727946049,8.6511838748,144.0044,-0.575862,-0.236672,-88.862304,0.0000,0.0000,0.0000
1804767000,49.8727945961,8.6511839020,143.9969,-0.604941,-0.123399,-88.823504,0.0000,0.0000,0.0000
1804867000,49.8727945829,8.6511839428,143.9890,-0.651837,-0.089015,-88.771199,0.0000,0.0000,0.0000
1804967000,49.8727945873,8.6511839156,143.9889,-0.612605,-0.218689,-88.755676,0.0000,0.0000,0.0000
1805067000,49.8727945829,8.6511839156,143.9860,-0.621843,-0.219092,-88.727683,0.0000,0.0000,0.0000
1805167000,49.8727945785,8.6511839292,143.9835,-0.629689,-0.217261,-88.728552,0.0000,0.0000,0.0000
1805267000,49.8727945785,8.6511839292,143.9851,-0.605776,-0.260831,-88.692527,0.0000,0.0000,0.0000
1805367000,49.8727945961,8.6511838612,143.9998,-0.557660,-0.427291,-88.741653,0.0000,0.0000,0.0000
1805467000,49.8727946005,8.6511838884,143.9970,-0.561590,-0.264340,-88.725828,0.0000,0.0000,0.0000
1805567000,49.8727946005,8.6511838884,143.9975,-0.562020,-0.264125,-88.727577,0.0000,0.0000,0.0000
1805667000,49.8727945961,8.6511838884,143.9952,-0.593740,-0.242673,-88.704887,0.0000,0.0000,0.0000
1805767000,49.8727945961,8.6511838884,143.9960,-0.601126,-0.274202,-88.689845,0.0000,0.0000,0.0000
1805867000,49.8727945961,8.6511838884,143.9975,-0.597171,-0.283477,-88.741381,0.0000,0.0000,0.0000
1805969000,49.8727946005,8.6511838884,143.9994,-0.595118,-0.260897,-88.765980,0.0000,0.0000,0.0000
1806068000,49.8727946005,8.6511838884,144.0002,-0.611070,-0.242873,-88.779152,0.0000,0.0000,0.0000
1806167000,49.8727945961,8.6511839020,143.9976,-0.616064,-0.218987,-88.777522,0.0000,0.0000,0.0000
1806267000,49.8727945917,8.6511839156,143.9926,-0.650416,-0.157022,-88.745464,0.0000,0.0000,0.0000
1806367000,49.8727945785,8.6511839428,143.9873,-0.682042,-0.124480,-88.679179,0.0000,0.0000,0.0000
1806467000,49.8727945697,8.6511839563,143.9849,-0.678400,-0.147684,-88.659814,0.0000,0.0000,0.0000
