# t_us, lat_deg, lon_deg, h_m, cov_pos_ned nn,ne,nd,ee,ed,dd [m^2], vn, ve, vd [m/s], cov_vel_ned nn,ne,nd,ee,ed,dd [(m/s)^2], vel_ok
# Crazyflie stateEstimate position (flow/UWB deck) as position-only fixes
1896063000,49.8727946005,8.6511839020,143.9993,0.0025,0,0,0.0025,0,0.01,0.0000,0.0000,0.0000,0,0,0,0,0,0,0
1896163000,49.8727946005,8.6511839020,143.9976,0.0025,0,0,0.0025,0,0.01,0.0000,0.0000,0.0000,0,0,0,0,0,0,0
1896263000,49.8727945917,8.6511839156,143.9928,0.0025,0,0,0.0025,0,0.01,0.0000,0.0000,0.0000,0,0,0,0,0,0,0
1896363000,49.8727945917,8.6511839020,143.9947,0.0025,0,0,0.0025,0,0.01,0.0000,0.0000,0.0000,0,0,0,0,0,0,0
1896463000,49.8727945829,8.6511839292,143.9889,0.0025,0,0,0.0025,0,0.01,0.0000,0.0000,0.0000,0,0,0,0,0,0,0
1896563000,49.8727945917,8.6511838884,143.9940,0.0025,0,0,0.0025,0,0.01,0.0000,0.0000,0.0000,0,0,0,0,0,0,0
1896663000,49.8727945961,8.6511838884,143.9943,0.0025,0,0,0.0025,0,0.01,0.0000,0.0000,0.0000,0,0,0,0,0,0,0
1896763000,49.8727945961,8.6511838612,144.0018,0.0025,0,0,0.0025,0,0.01,0.0000,0.0000,0.0000,0,0,0,0,0,0,0
1896863000,49.8727945961,8.6511838748,143.9991,0.0025,0,0,0.0025,0,0.01,0.0000,0.0000,0.0000,0,0,0,0,0,0,0
1896965000,49.8727945829,8.6511839292,143.9883,0.0025,0,0,0.0025,0,0.01,0.0000,0.0000,0.0000,0,0,0,0,0,0,0
1897063000,49.8727945917,8.6511838884,143.9941,0.0025,0,0,0.0025,0,0.01,0.0000,0.0000,0.0000,0,0,0,0,0,0,0
1897163000,49.8727945961,8.6511838612,144.0016,0.0025,0,0,0.0025,0,0.01,0.0000,0.0000,0.0000,0,0,0,0,0,0,0
1897263000,49.8727946005,8.6511838748,144.0005,0.0025,0,0,0.0025,0,0.01,0.0000,0.0000,0.0000,0,0,0,0,0,0,0
1897363000,49.8727946005,8.6511839020,143.9972,0.0025,0,0,0.0025,0,0.01,0.0000,0.0000,0.0000,0,0,0,0,0,0,0
1897463000,49.8727945961,8.6511839020,143.9967,0.0025,0,0,0.0025,0,0.01,0.0000,0.0000,0.0000,0,0,0,0,0,0,0
1897563000,49.8727946005,8.6511838748,144.0029,0.0025,0,0,0.0025,0,0.01,0.0000,0.0000,0.0000,0,0,0,0,0,0,0
1897663000,49.8727946005,8.6511838477,144.0077,0.0025,0,0,0.0025,0,0.01,0.0000,0.0000,0.0000,0,0,0,0,0,0,0
1897763000,49.8727945961,8.6511839020,143.9969,0.0025,0,0,0.0025,0,0.01,0.0000,0.0000,0.0000,0,0,0,0,0,0,0
1897865000,49.8727945873,8.6511839156,143.9901,0.0025,0,0,0.0025,0,0.01,0.0000,0.0000,0.0000,0,0,0,0,0,0,0
1897965000,49.8727945873,8.6511839156,143.9901,0.0025,0,0,0.0025,0,0.01,0.0000,0.0000,0.0000,0,0,0,0,0,0,0
1898064000,49.8727945961,8.6511838884,143.9937,0.0025,0,0,0.0025,0,0.01,0.0000,0.0000,0.0000,0,0,0,0,0,0,0
1898163000,49.8727945961,8.6511838612,143.9993,0.0025,0,0,0.0025,0,0.01,0.0000,0.0000,0.0000,0,0,0,0,0,0,0
1898263000,49.8727945961,8.6511838341,144.0045,0.0025,0,0,0.0025,0,0.01,0.0000,0.0000,0.0000,0,0,0,0,0,0,0
1898367000,49.8727945961,8.6511838884,143.9985,0.0025,0,0,0.0025,0,0.01,0.0000,0.0000,0.0000,0,0,0,0,0,0,0
1898463000,49.8727945961,8.6511838884,143.9971,0.0025,0,0,0.0025,0,0.01,0.0000,0.0000,0.0000,0,0,0,0,0,0,0
1898563000,49.8727945873,8.6511839292,143.9896,0.0025,0,0,0.0025,0,0.01,0.0000,0.0000,0.0000,0,0,0,0,0,0,0
1898665000,49.8727945873,8.6511839156,143.9901,0.0025,0,0,0.0025,0,0.01,0.0000,0.0000,0.0000,0,0,0,0,0,0,0
1898766000,49.8727945917,8.6511839020,143.9915,0.0025,0,0,0.0025,0,0.01,0.0000,0.0000,0.0000,0,0,0,0,0,0,0
1898863000,49.8727945873,8.6511838884,143.9922,0.0025,0,0,0.0025,0,0.01,0.0000,0.0000,0.0000,0,0,0,0,0,0,0
1898963000,49.8727945961,8.6511838748,143.9970,0.0025,0,0,0.0025,0,0.01,0.0000,0.0000,0.0000,0,0,0,0,0,0,0
1899063000,49.8727946005,8.6511838477,144.0056,0.0025,0,0,0.0025,0,0.01,0.0000,0.0000,0.0000,0,0,0,0,0,0,0
1899164000,49.8727946005,8.6511838341,144.0096,0.0025,0,0,0.0025,0,0.01,0.0000,0.0000,0.0000,0,0,0,0,0,0,0
1899263000,49.8727946049,8.6511838884,144.0026,0.0025,0,0,0.0025,0,0.01,0.0000,0.0000,0.0000,0,0,0,0,0,0,0
1899363000,49.8727945961,8.6511839020,143.9964,0.0025,0,0,0.0025,0,0.01,0.0000,0.0000,0.0000,0,0,0,0,0,0,0
1899463000,49.8727946005,8.6511838748,144.0023,0.0025,0,0,0.0025,0,0.01,0.0000,0.0000,0.0000,0,0,0,0,0,0,0
1899563000,49.8727945961,8.6511838477,144.0059,0.0025,0,0,0.0025,0,0.01,0.0000,0.0000,0.0000,0,0,0,0,0,0,0
1899663000,49.8727945961,8.6511839020,143.9974,0.0025,0,0,0.0025,0,0.01,0.0000,0.0000,0.0000,0,0,0,0,0,0,0
1899763000,49.8727945961,8.6511838884,143.9996,0.0025,0,0,0.0025,0,0.01,0.0000,0.0000,0.0000,0,0,0,0,0,0,0
1899863000,49.8727945917,8.6511839156,143.9940,0.0025,0,0,0.0025,0,0.01,0.0000,0.0000,0.0000,0,0,0,0,0,0,0
1899963000,49.8727946005,8.6511838884,143.9986,0.0025,0,0,0.0025,0,0.01,0.0000,0.0000,0.0000,0,0,0,0,0,0,0
1900063000,49.8727945873,8.6511839292,143.9899,0.0025,0,0,0.0025,0,0.01,0.0000,0.0000,0.0000,0,0,0,0,0,0,0
1900163000,49.8727945873,8.6511839020,143.9883,0.0025,0,0,0.0025,0,0.01,0.0000,0.0000,0.0000,0,0,0,0,0,0,0
1900266000,49.8727945873,8.6511839020,143.9880,0.0025,0,0,0.0025,0,0.01,0.0000,0.0000,0.0000,0,0,0,0,0,0,0
1900363000,49.8727945917,8.6511838748,143.9943,0.0025,0,0,0.0025,0,0.01,0.0000,0.0000,0.0000,0,0,0,0,0,0,0
1900463000,49.8727945961,8.6511838341,144.0032,0.0025,0,0,0.0025,0,0.01,0.0000,0.0000,0.0000,0,0,0,0,0,0,0
1900563000,49.8727945961,8.6511838069,144.0087,0.0025,0,0,0.0025,0,0.01,0.0000,0.0000,0.0000,0,0,0,0,0,0,0
1900663000,49.8727946049,8.6511838748,144.0061,0.0025,0,0,0.0025,0,0.01,0.0000,0.0000,0.0000,0,0,0,0,0,0,0
1900763000,49.8727945961,8.6511839020,143.9974,0.0025,0,0,0.0025,0,0.01,0.0000,0.0000,0.0000,0,0,0,0,0,0,0
1900863000,49.8727945961,8.6511839156,143.9945,0.0025,0,0,0.0025,0,0.01,0.0000,0.0000,0.0000,0,0,0,0,0,0,0
1900963000,49.8727945873,8.6511839292,143.9901,0.0025,0,0,0.0025,0,0.01,0.0000,0.0000,0.0000,0,0,0,0,0,0,0
1901063000,49.8727945829,8.6511839699,143.9868,0.0025,0,0,0.0025,0,0.01,0.0000,0.0000,0.0000,0,0,0,0,0,0,0
1901163000,49.8727945697,8.6511839563,143.9881,0.0025,0,0,0.0025,0,0.01,0.0000,0.0000,0.0000,0,0,0,0,0,0,0
1901263000,49.8727945873,8.6511838884,143.9902,0.0025,0,0,0.0025,0,0.01,0.0000,0.0000,0.0000,0,0,0,0,0,0,0
1901363000,49.8727945961,8.6511838748,143.9973,0.0025,0,0,0.0025,0,0.01,0.0000,0.0000,0.0000,0,0,0,0,0,0,0
1901463000,49.8727946005,8.6511838612,144.0029,0.0025,0,0,0.0025,0,0.01,0.0000,0.0000,0.0000,0,0,0,0,0,0,0
1901563000,49.8727946005,8.6511838748,144.0007,0.0025,0,0,0.0025,0,0.01,0.0000,0.0000,0.0000,0,0,0,0,0,0,0
1901663000,49.8727945917,8.6511839156,143.9915,0.0025,0,0,0.0025,0,0.01,0.0000,0.0000,0.0000,0,0,0,0,0,0,0
1901763000,49.8727945917,8.6511839020,143.9896,0.0025,0,0,0.0025,0,0.01,0.0000,0.0000,0.0000,0,0,0,0,0,0,0
1901863000,49.8727946268,8.6511839428,144.0052,0.0025,0,0,0.0025,0,0.01,0.0000,0.0000,0.0000,0,0,0,0,0,0,0
1901963000,49.8727946049,8.6511839292,144.0007,0.0025,0,0,0.0025,0,0.01,0.0000,0.0000,0.0000,0,0,0,0,0,0,0
1902063000,49.8727946092,8.6511839020,144.0037,0.0025,0,0,0.0025,0,0.01,0.0000,0.0000,0.0000,0,0,0,0,0,0,0
1902166000,49.8727946005,8.6511838884,144.0010,0.0025,0,0,0.0025,0,0.01,0.0000,0.0000,0.0000,0,0,0,0,0,0,0
1902263000,49.8727946005,8.6511838612,144.0024,0.0025,0,0,0.0025,0,0.01,0.0000,0.0000,0.0000,0,0,0,0,0,0,0
1902363000,49.8727945961,8.6511838884,143.9974,0.0025,0,0,0.0025,0,0.01,0.0000,0.0000,0.0000,0,0,0,0,0,0,0
1902463000,49.8727945961,8.6511838884,143.9959,0.0025,0,0,0.0025,0,0.01,0.0000,0.0000,0.0000,0,0,0,0,0,0,0
1902563000,49.8727945917,8.6511839020,143.9916,0.0025,0,0,0.0025,0,0.01,0.0000,0.0000,0.0000,0,0,0,0,0,0,0
1902663000,49.8727945961,8.6511838884,143.9945,0.0025,0,0,0.0025,0,0.01,0.0000,0.0000,0.0000,0,0,0,0,0,0,0
1902763000,49.8727945917,8.6511839020,143.9926,0.0025,0,0,0.0025,0,0.01,0.0000,0.0000,0.0000,0,0,0,0,0,0,0
1902863000,49.8727945961,8.6511838612,144.0007,0.0025,0,0,0.0025,0,0.01,0.0000,0.0000,0.0000,0,0,0,0,0,0,0
1902963000,49.8727945917,8.6511838341,144.0036,0.0025,0,0,0.0025,0,0.01,0.0000,0.0000,0.0000,0,0,0,0,0,0,0
1903063000,49.8727945961,8.6511838884,143.9965,0.0025,0,0,0.0025,0,0.01,0.0000,0.0000,0.0000,0,0,0,0,0,0,0
1903163000,49.8727945917,8.6511839156,143.9935,0.0025,0,0,0.0025,0,0.01,0.0000,0.0000,0.0000,0,0,0,0,0,0,0
1903263000,49.8727945961,8.6511838884,143.9958,0.0025,0,0,0.0025,0,0.01,0.0000,0.0000,0.0000,0,0,0,0,0,0,0
1903363000,49.8727945961,8.6511839020,143.9950,0.0025,0,0,0.0025,0,0.01,0.0000,0.0000,0.0000,0,0,0,0,0,0,0
1903463000,49.8727945873,8.6511839156,143.9891,0.0025,0,0,0.0025,0,0.01,0.0000,0.0000,0.0000,0,0,0,0,0,0,0
1903563000,49.8727945785,8.6511839428,143.9864,0.0025,0,0,0.0025,0,0.01,0.0000,0.0000,0.0000,0,0,0,0,0,0,0
1903663000,49.8727945522,8.6511839156,143.9864,0.0025,0,0,0.0025,0,0.01,0.0000,0.0000,0.0000,0,0,0,0,0,0,0
1903763000,49.8727944556,8.6511838341,144.0003,0.0025,0,0,0.0025,0,0.01,0.0000,0.0000,0.0000,0,0,0,0,0,0,0
1903863000,49.8727944117,8.6511835624,144.0476,0.0025,0,0,0.0025,0,0.01,0.0000,0.0000,0.0000,0,0,0,0,0,0,0
1903963000,49.8727943678,8.6511830733,144.1689,0.0025,0,0,0.0025,0,0.01,0.0000,0.0000,0.0000,0,0,0,0,0,0,0
1904063000,49.8727943985,8.6511825435,144.3333,0.0025,0,0,0.0025,0,0.01,0.0000,0.0000,0.0000,0,0,0,0,0,0,0
1904163000,49.8727944161,8.6511820816,144.5278,0.0025,0,0,0.0025,0,0.01,0.0000,0.0000,0.0000,0,0,0,0,0,0,0
1904263000,49.8727944951,8.6511816741,144.7222,0.0025,0,0,0.0025,0,0.01,0.0000,0.0000,0.0000,0,0,0,0,0,0,0
1904363000,49.8727945697,8.6511812530,144.9038,0.0025,0,0,0.0025,0,0.01,0.0000,0.0000,0.0000,0,0,0,0,0,0,0
1904463000,49.8727945214,8.6511808862,145.0625,0.0025,0,0,0.0025,0,0.01,0.0000,0.0000,0.0000,0,0,0,0,0,0,0
1904563000,49.8727944293,8.6511806417,145.2041,0.0025,0,0,0.0025,0,0.01,0.0000,0.0000,0.0000,0,0,0,0,0,0,0
1904663000,49.8727942449,8.6511804107,145.3193,0.0025,0,0,0.0025,0,0.01,0.0000,0.0000,0.0000,0,0,0,0,0,0,0
1904763000,49.8727939156,8.6511802884,145.3887,0.0025,0,0,0.0025,0,0.01,0.0000,0.0000,0.0000,0,0,0,0,0,0,0
1904863000,49.8727935074,8.6511800575,145.4375,0.0025,0,0,0.0025,0,0.01,0.0000,0.0000,0.0000,0,0,0,0,0,0,0
1904964000,49.8727932220,8.6511798673,145.4844,0.0025,0,0,0.0025,0,0.01,0.0000,0.0000,0.0000,0,0,0,0,0,0,0
1905063000,49.8727929411,8.6511797451,145.5205,0.0025,0,0,0.0025,0,0.01,0.0000,0.0000,0.0000,0,0,0,0,0,0,0
1905163000,49.8727927479,8.6511795956,145.5527,0.0025,0,0,0.0025,0,0.01,0.0000,0.0000,0.0000,0,0,0,0,0,0,0
1905263000,49.8727926075,8.6511793647,145.5752,0.0025,0,0,0.0025,0,0.01,0.0000,0.0000,0.0000,0,0,0,0,0,0,0
1905363000,49.8727926206,8.6511790658,145.5908,0.0025,0,0,0.0025,0,0.01,0.0000,0.0000,0.0000,0,0,0,0,0,0,0
1905463000,49.8727927962,8.6511789164,145.6230,0.0025,0,0,0.0025,0,0.01,0.0000,0.0000,0.0000,0,0,0,0,0,0,0
1905563000,49.8727931123,8.6511787941,145.6816,0.0025,0,0,0.0025,0,0.01,0.0000,0.0000,0.0000,0,0,0,0,0,0,0
1905663000,49.8727934284,8.6511789707,145.7666,0.0025,0,0,0.0025,0,0.01,0.0000,0.0000,0.0000,0,0,0,0,0,0,0
1905764000,49.8727938542,8.6511792288,145.8457,0.0025,0,0,0.0025,0,0.01,0.0000,0.0000,0.0000,0,0,0,0,0,0,0
1905863000,49.8727942449,8.6511793919,145.8896,0.0025,0,0,0.0025,0,0.01,0.0000,0.0000,0.0000,0,0,0,0,0,0,0
1905963000,49.8727947673,8.6511794054,145.9189,0.0025,0,0,0.0025,0,0.01,0.0000,0.0000,0.0000,0,0,0,0,0,0,0
1906063000,49.8727953994,8.6511791745,145.9297,0.0025,0,0,0.0025,0,0.01,0.0000,0.0000,0.0000,0,0,0,0,0,0,0
1906163000,49.8727962247,8.6511788756,145.9229,0.0025,0,0,0.0025,0,0.01,0.0000,0.0000,0.0000,0,0,0,0,0,0,0
1906263000,49.8727971949,8.6511784409,145.8994,0.0025,0,0,0.0025,0,0.01,0.0000,0.0000,0.0000,0,0,0,0,0,0,0
1906363000,49.8727983275,8.6511776937,145.8740,0.0025,0,0,0.0025,0,0.01,0.0000,0.0000,0.0000,0,0,0,0,0,0,0
1906463000,49.8727993931,8.6511769330,145.8438,0.0025,0,0,0.0025,0,0.01,0.0000,0.0000,0.0000,0,0,0,0,0,0,0
1906563000,49.8728003819,8.6511762266,145.8311,0.0025,0,0,0.0025,0,0.01,0.0000,0.0000,0.0000,0,0,0,0,0,0,0
1906663000,49.8728013224,8.6511756424,145.8027,0.0025,0,0,0.0025,0,0.01,0.0000,0.0000,0.0000,0,0,0,0,0,0,0
1906763000,49.8728021609,8.6511753979,145.8135,0.0025,0,0,0.0025,0,0.01,0.0000,0.0000,0.0000,0,0,0,0,0,0,0
1906863000,49.8728030861,8.6511755338,145.8184,0.0025,0,0,0.0025,0,0.01,0.0000,0.0000,0.0000,0,0,0,0,0,0,0
1906963000,49.8728038982,8.6511761858,145.8369,0.0025,0,0,0.0025,0,0.01,0.0000,0.0000,0.0000,0,0,0,0,0,0,0
1907063000,49.8728046313,8.6511770824,145.8486,0.0025,0,0,0.0025,0,0.01,0.0000,0.0000,0.0000,0,0,0,0,0,0,0
1907163000,49.8728051800,8.6511785496,145.8564,0.0025,0,0,0.0025,0,0.01,0.0000,0.0000,0.0000,0,0,0,0,0,0,0
1907263000,49.8728055839,8.6511802884,145.8438,0.0025,0,0,0.0025,0,0.01,0.0000,0.0000,0.0000,0,0,0,0,0,0,0
1907363000,49.8728058693,8.6511818915,145.8193,0.0025,0,0,0.0025,0,0.01,0.0000,0.0000,0.0000,0,0,0,0,0,0,0
1907463000,49.8728058693,8.6511840107,145.7832,0.0025,0,0,0.0025,0,0.01,0.0000,0.0000,0.0000,0,0,0,0,0,0,0
1907563000,49.8728055927,8.6511860076,145.7578,0.0025,0,0,0.0025,0,0.01,0.0000,0.0000,0.0000,0,0,0,0,0,0,0
1907663000,49.8728052459,8.6511876990,145.7402,0.0025,0,0,0.0025,0,0.01,0.0000,0.0000,0.0000,0,0,0,0,0,0,0
1907763000,49.8728044250,8.6511892205,145.7275,0.0025,0,0,0.0025,0,0.01,0.0000,0.0000,0.0000,0,0,0,0,0,0,0
1907863000,49.8728035580,8.6511901578,145.7402,0.0025,0,0,0.0025,0,0.01,0.0000,0.0000,0.0000,0,0,0,0,0,0,0
1907963000,49.8728026142,8.6511906944,145.7676,0.0025,0,0,0.0025,0,0.01,0.0000,0.0000,0.0000,0,0,0,0,0,0,0
1908063000,49.8728016638,8.6511909525,145.8115,0.0025,0,0,0.0025,0,0.01,0.0000,0.0000,0.0000,0,0,0,0,0,0,0
1908163000,49.8728009120,8.6511909933,145.8721,0.0025,0,0,0.0025,0,0.01,0.0000,0.0000,0.0000,0,0,0,0,0,0,0
1908263000,49.8728003402,8.6511909797,145.9395,0.0025,0,0,0.0025,0,0.01,0.0000,0.0000,0.0000,0,0,0,0,0,0,0
1908363000,49.8727999514,8.6511909865,146.0059,0.0025,0,0,0.0025,0,0.01,0.0000,0.0000,0.0000,0,0,0,0,0,0,0
1908463000,49.8727997252,8.6511911903,146.0625,0.0025,0,0,0.0025,0,0.01,0.0000,0.0000,0.0000,0,0,0,0,0,0,0
1908563000,49.8727994998,8.6511915299,146.1133,0.0025,0,0,0.0025,0,0.01,0.0000,0.0000,0.0000,0,0,0,0,0,0,0
1908663000,49.8727993799,8.6511921412,146.1367,0.0025,0,0,0.0025,0,0.01,0.0000,0.0000,0.0000,0,0,0,0,0,0,0
1908763000,49.8727991423,8.6511931397,146.1445,0.0025,0,0,0.0025,0,0.01,0.0000,0.0000,0.0000,0,0,0,0,0,0,0
1908863000,49.8727988444,8.6511944540,146.1445,0.0025,0,0,0.0025,0,0.01,0.0000,0.0000,0.0000,0,0,0,0,0,0,0
1908966000,49.8727985151,8.6511961317,146.1328,0.0025,0,0,0.0025,0,0.01,0.0000,0.0000,0.0000,0,0,0,0,0,0,0
1909063000,49.8727981288,8.6511981474,146.1113,0.0025,0,0,0.0025,0,0.01,0.0000,0.0000,0.0000,0,0,0,0,0,0,0
1909163000,49.8727977710,8.6512003110,146.0977,0.0025,0,0,0.0025,0,0.01,0.0000,0.0000,0.0000,0,0,0,0,0,0,0
1909264000,49.8727977019,8.6512028171,146.0684,0.0025,0,0,0.0025,0,0.01,0.0000,0.0000,0.0000,0,0,0,0,0,0,0
1909363000,49.8727977809,8.6512051996,146.0215,0.0025,0,0,0.0025,0,0.01,0.0000,0.0000,0.0000,0,0,0,0,0,0,0
1909463000,49.8727979774,8.6512076279,145.9629,0.0025,0,0,0.0025,0,0.01,0.0000,0.0000,0.0000,0,0,0,0,0,0,0
1909563000,49.8727983329,8.6512100460,145.9189,0.0025,0,0,0.0025,0,0.01,0.0000,0.0000,0.0000,0,0,0,0,0,0,0
1909665000,49.8727988378,8.6512124641,145.8945,0.0025,0,0,0.0025,0,0.01,0.0000,0.0000,0.0000,0,0,0,0,0,0,0
1909763000,49.8727994930,8.6512147123,145.8965,0.0025,0,0,0.0025,0,0.01,0.0000,0.0000,0.0000,0,0,0,0,0,0,0
1909863000,49.8728003032,8.6512166278,145.9014,0.0025,0,0,0.0025,0,0.01,0.0000,0.0000,0.0000,0,0,0,0,0,0,0
1909963000,49.8728011523,8.6512181765,145.9102,0.0025,0,0,0.0025,0,0.01,0.0000,0.0000,0.0000,0,0,0,0,0,0,0
1910063000,49.8728021181,8.6512197116,145.9072,0.0025,0,0,0.0025,0,0.01,0.0000,0.0000,0.0000,0,0,0,0,0,0,0
1910166000,49.8728033561,8.6512208255,145.9023,0.0025,0,0,0.0025,0,0.01,0.0000,0.0000,0.0000,0,0,0,0,0,0,0
1910263000,49.8728047937,8.6512214368,145.8936,0.0025,0,0,0.0025,0,0.01,0.0000,0.0000,0.0000,0,0,0,0,0,0,0
1910363000,49.8728060931,8.6512213146,145.8857,0.0025,0,0,0.0025,0,0.01,0.0000,0.0000,0.0000,0,0,0,0,0,0,0
1910463000,49.8728070106,8.6512202414,145.8779,0.0025,0,0,0.0025,0,0.01,0.0000,0.0000,0.0000,0,0,0,0,0,0,0
1910563000,49.8728074803,8.6512186519,145.8750,0.0025,0,0,0.0025,0,0.01,0.0000,0.0000,0.0000,0,0,0,0,0,0,0
1910663000,49.8728075067,8.6512168587,145.8594,0.0025,0,0,0.0025,0,0.01,0.0000,0.0000,0.0000,0,0,0,0,0,0,0
1910763000,49.8728071774,8.6512150384,145.8232,0.0025,0,0,0.0025,0,0.01,0.0000,0.0000,0.0000,0,0,0,0,0,0,0
1910863000,49.8728064707,8.6512129667,145.7441,0.0025,0,0,0.0025,0,0.01,0.0000,0.0000,0.0000,0,0,0,0,0,0,0
1910963000,49.8728054829,8.6512110037,145.6309,0.0025,0,0,0.0025,0,0.01,0.0000,0.0000,0.0000,0,0,0,0,0,0,0
1911063000,49.8728042648,8.6512092377,145.4785,0.0025,0,0,0.0025,0,0.01,0.0000,0.0000,0.0000,0,0,0,0,0,0,0
1911163000,49.8728028402,8.6512078724,145.3057,0.0025,0,0,0.0025,0,0.01,0.0000,0.0000,0.0000,0,0,0,0,0,0,0
1911263000,49.8728008807,8.6512067245,145.1270,0.0025,0,0,0.0025,0,0.01,0.0000,0.0000,0.0000,0,0,0,0,0,0,0
1911363000,49.8727984987,8.6512059128,145.0059,0.0025,0,0,0.0025,0,0.01,0.0000,0.0000,0.0000,0,0,0,0,0,0,0
1911463000,49.8727960338,8.6512051826,144.9741,0.0025,0,0,0.0025,0,0.01,0.0000,0.0000,0.0000,0,0,0,0,0,0,0
1911563000,49.8727934240,8.6512042826,145.0039,0.0025,0,0,0.0025,0,0.01,0.0000,0.0000,0.0000,0,0,0,0,0,0,0
1911663000,49.8727913256,8.6512031822,145.0957,0.0025,0,0,0.0025,0,0.01,0.0000,0.0000,0.0000,0,0,0,0,0,0,0
1911763000,49.8727896224,8.6512017626,145.2168,0.0025,0,0,0.0025,0,0.01,0.0000,0.0000,0.0000,0,0,0,0,0,0,0
1911863000,49.8727883230,8.6511998609,145.3799,0.0025,0,0,0.0025,0,0.01,0.0000,0.0000,0.0000,0,0,0,0,0,0,0
1911963000,49.8727874011,8.6511977874,145.5547,0.0025,0,0,0.0025,0,0.01,0.0000,0.0000,0.0000,0,0,0,0,0,0,0
1912063000,49.8727870060,8.6511958702,145.7275,0.0025,0,0,0.0025,0,0.01,0.0000,0.0000,0.0000,0,0,0,0,0,0,0
1912163000,49.8727867163,8.6511941314,145.8564,0.0025,0,0,0.0025,0,0.01,0.0000,0.0000,0.0000,0,0,0,0,0,0,0
1912263000,49.8727865933,8.6511925827,145.9443,0.0025,0,0,0.0025,0,0.01,0.0000,0.0000,0.0000,0,0,0,0,0,0,0
1912363000,49.8727867075,8.6511911020,145.9951,0.0025,0,0,0.0025,0,0.01,0.0000,0.0000,0.0000,0,0,0,0,0,0,0
1912466000,49.8727866899,8.6511893088,146.0332,0.0025,0,0,0.0025,0,0.01,0.0000,0.0000,0.0000,0,0,0,0,0,0,0
1912563000,49.8727869182,8.6511876514,146.0566,0.0025,0,0,0.0025,0,0.01,0.0000,0.0000,0.0000,0,0,0,0,0,0,0
1912664000,49.8727874889,8.6511859669,146.0742,0.0025,0,0,0.0025,0,0.01,0.0000,0.0000,0.0000,0,0,0,0,0,0,0
1912763000,49.8727880157,8.6511844318,146.0625,0.0025,0,0,0.0025,0,0.01,0.0000,0.0000,0.0000,0,0,0,0,0,0,0
1912863000,49.8727886566,8.6511826794,145.9951,0.0025,0,0,0.0025,0,0.01,0.0000,0.0000,0.0000,0,0,0,0,0,0,0
1912963000,49.8727894116,8.6511813345,145.9248,0.0025,0,0,0.0025,0,0.01,0.0000,0.0000,0.0000,0,0,0,0,0,0,0
1913063000,49.8727903686,8.6511795685,145.8740,0.0025,0,0,0.0025,0,0.01,0.0000,0.0000,0.0000,0,0,0,0,0,0,0
1913163000,49.8727914924,8.6511782915,145.8281,0.0025,0,0,0.0025,0,0.01,0.0000,0.0000,0.0000,0,0,0,0,0,0,0
1913263000,49.8727927260,8.6511773677,145.7881,0.0025,0,0,0.0025,0,0.01,0.0000,0.0000,0.0000,0,0,0,0,0,0,0
1913363000,49.8727939947,8.6511768243,145.7529,0.0025,0,0,0.0025,0,0.01,0.0000,0.0000,0.0000,0,0,0,0,0,0,0
1913463000,49.8727952107,8.6511765662,145.7256,0.0025,0,0,0.0025,0,0.01,0.0000,0.0000,0.0000,0,0,0,0,0,0,0
1913563000,49.8727963608,8.6511764847,145.7041,0.0025,0,0,0.0025,0,0.01,0.0000,0.0000,0.0000,0,0,0,0,0,0,0
1913663000,49.8727975834,8.6511765255,145.6846,0.0025,0,0,0.0025,0,0.01,0.0000,0.0000,0.0000,0,0,0,0,0,0,0
1913763000,49.8727988103,8.6511768515,145.6748,0.0025,0,0,0.0025,0,0.01,0.0000,0.0000,0.0000,0,0,0,0,0,0,0
1913863000,49.8727997929,8.6511774221,145.7080,0.0025,0,0,0.0025,0,0.01,0.0000,0.0000,0.0000,0,0,0,0,0,0,0
1913963000,49.8728005822,8.6511780334,145.7891,0.0025,0,0,0.0025,0,0.01,0.0000,0.0000,0.0000,0,0,0,0,0,0,0
1914063000,49.8728012577,8.6511787398,145.8945,0.0025,0,0,0.0025,0,0.01,0.0000,0.0000,0.0000,0,0,0,0,0,0,0
1914163000,49.8728019985,8.6511794734,145.9863,0.0025,0,0,0.0025,0,0.01,0.0000,0.0000,0.0000,0,0,0,0,0,0,0
1914263000,49.8728025373,8.6511806417,146.0879,0.0025,0,0,0.0025,0,0.01,0.0000,0.0000,0.0000,0,0,0,0,0,0,0
1914363000,49.8728030027,8.6511815790,146.1621,0.0025,0,0,0.0025,0,0.01,0.0000,0.0000,0.0000,0,0,0,0,0,0,0
1914463000,49.8728033802,8.6511827337,146.2207,0.0025,0,0,0.0025,0,0.01,0.0000,0.0000,0.0000,0,0,0,0,0,0,0
1914563000,49.8728035558,8.6511840379,146.2617,0.0025,0,0,0.0025,0,0.01,0.0000,0.0000,0.0000,0,0,0,0,0,0,0
1914663000,49.8728036546,8.6511853556,146.2695,0.0025,0,0,0.0025,0,0.01,0.0000,0.0000,0.0000,0,0,0,0,0,0,0
1914763000,49.8728036941,8.6511868567,146.2539,0.0025,0,0,0.0025,0,0.01,0.0000,0.0000,0.0000,0,0,0,0,0,0,0
1914863000,49.8728036085,8.6511887450,146.2363,0.0025,0,0,0.0025,0,0.01,0.0000,0.0000,0.0000,0,0,0,0,0,0,0
1914965000,49.8728033407,8.6511904838,146.1816,0.0025,0,0,0.0025,0,0.01,0.0000,0.0000,0.0000,0,0,0,0,0,0,0
1915063000,49.8728029829,8.6511921004,146.1152,0.0025,0,0,0.0025,0,0.01,0.0000,0.0000,0.0000,0,0,0,0,0,0,0
1915163000,49.8728024869,8.6511936151,146.0176,0.0025,0,0,0.0025,0,0.01,0.0000,0.0000,0.0000,0,0,0,0,0,0,0
1915263000,49.8728018865,8.6511950483,145.8984,0.0025,0,0,0.0025,0,0.01,0.0000,0.0000,0.0000,0,0,0,0,0,0,0
1915363000,49.8728011710,8.6511963525,145.7500,0.0025,0,0,0.0025,0,0.01,0.0000,0.0000,0.0000,0,0,0,0,0,0,0
1915465000,49.8728004461,8.6511974698,145.6025,0.0025,0,0,0.0025,0,0.01,0.0000,0.0000,0.0000,0,0,0,0,0,0,0
1915564000,49.8727995676,8.6511985184,145.4600,0.0025,0,0,0.0025,0,0.01,0.0000,0.0000,0.0000,0,0,0,0,0,0,0
1915663000,49.8727988136,8.6511993220,145.3604,0.0025,0,0,0.0025,0,0.01,0.0000,0.0000,0.0000,0,0,0,0,0,0,0
1915763000,49.8727982397,8.6511999659,145.2910,0.0025,0,0,0.0025,0,0.01,0.0000,0.0000,0.0000,0,0,0,0,0,0,0
1915863000,49.8727977085,8.6512004470,145.2402,0.0025,0,0,0.0025,0,0.01,0.0000,0.0000,0.0000,0,0,0,0,0,0,0
1915963000,49.8727972717,8.6512008512,145.1787,0.0025,0,0,0.0025,0,0.01,0.0000,0.0000,0.0000,0,0,0,0,0,0,0
1916063000,49.8727968832,8.6512014137,145.1201,0.0025,0,0,0.0025,0,0.01,0.0000,0.0000,0.0000,0,0,0,0,0,0,0
1916163000,49.8727962971,8.6512020564,145.0947,0.0025,0,0,0.0025,0,0.01,0.0000,0.0000,0.0000,0,0,0,0,0,0,0
1916263000,49.8727954609,8.6512027781,145.1240,0.0025,0,0,0.0025,0,0.01,0.0000,0.0000,0.0000,0,0,0,0,0,0,0
1916363000,49.8727944161,8.6512032077,145.2256,0.0025,0,0,0.0025,0,0.01,0.0000,0.0000,0.0000,0,0,0,0,0,0,0
1916467000,49.8727933625,8.6512035728,145.3672,0.0025,0,0,0.0025,0,0.01,0.0000,0.0000,0.0000,0,0,0,0,0,0,0
1916563000,49.8727923002,8.6512036543,145.5322,0.0025,0,0,0.0025,0,0.01,0.0000,0.0000,0.0000,0,0,0,0,0,0,0
1916663000,49.8727913739,8.6512038615,145.6904,0.0025,0,0,0.0025,0,0.01,0.0000,0.0000,0.0000,0,0,0,0,0,0,0
1916763000,49.8727905267,8.6512042486,145.8262,0.0025,0,0,0.0025,0,0.01,0.0000,0.0000,0.0000,0,0,0,0,0,0,0
1916863000,49.8727898067,8.6512050162,145.9316,0.0025,0,0,0.0025,0,0.01,0.0000,0.0000,0.0000,0,0,0,0,0,0,0
1916963000,49.8727890605,8.6512060418,146.0195,0.0025,0,0,0.0025,0,0.01,0.0000,0.0000,0.0000,0,0,0,0,0,0,0
1917063000,49.8727883669,8.6512073494,146.0820,0.0025,0,0,0.0025,0,0.01,0.0000,0.0000,0.0000,0,0,0,0,0,0,0
1917163000,49.8727877523,8.6512089456,146.1328,0.0025,0,0,0.0025,0,0.01,0.0000,0.0000,0.0000,0,0,0,0,0,0,0
1917263000,49.8727873045,8.6512110580,146.1641,0.0025,0,0,0.0025,0,0.01,0.0000,0.0000,0.0000,0,0,0,0,0,0,0
1917363000,49.8727870675,8.6512138225,146.1602,0.0025,0,0,0.0025,0,0.01,0.0000,0.0000,0.0000,0,0,0,0,0,0,0
1917463000,49.8727870499,8.6512167908,146.1543,0.0025,0,0,0.0025,0,0.01,0.0000,0.0000,0.0000,0,0,0,0,0,0,0
1917563000,49.8727872694,8.6512198881,146.1699,0.0025,0,0,0.0025,0,0.01,0.0000,0.0000,0.0000,0,0,0,0,0,0,0
1917663000,49.8727877347,8.6512231893,146.2090,0.0025,0,0,0.0025,0,0.01,0.0000,0.0000,0.0000,0,0,0,0,0,0,0
1917763000,49.8727884985,8.6512263681,146.2305,0.0025,0,0,0.0025,0,0.01,0.0000,0.0000,0.0000,0,0,0,0,0,0,0
1917863000,49.8727900174,8.6512290715,146.2129,0.0025,0,0,0.0025,0,0.01,0.0000,0.0000,0.0000,0,0,0,0,0,0,0
1917963000,49.8727920104,8.6512310549,146.2090,0.0025,0,0,0.0025,0,0.01,0.0000,0.0000,0.0000,0,0,0,0,0,0,0
1918063000,49.8727938849,8.6512322775,146.1934,0.0025,0,0,0.0025,0,0.01,0.0000,0.0000,0.0000,0,0,0,0,0,0,0
1918163000,49.8727957177,8.6512328481,146.1758,0.0025,0,0,0.0025,0,0.01,0.0000,0.0000,0.0000,0,0,0,0,0,0,0
1918265000,49.8727972827,8.6512329024,146.1406,0.0025,0,0,0.0025,0,0.01,0.0000,0.0000,0.0000,0,0,0,0,0,0,0
1918363000,49.8727986940,8.6512323862,146.1172,0.0025,0,0,0.0025,0,0.01,0.0000,0.0000,0.0000,0,0,0,0,0,0,0
1918463000,49.8728001890,8.6512315167,146.0684,0.0025,0,0,0.0025,0,0.01,0.0000,0.0000,0.0000,0,0,0,0,0,0,0
1918564000,49.8728016341,8.6512300224,146.0332,0.0025,0,0,0.0025,0,0.01,0.0000,0.0000,0.0000,0,0,0,0,0,0,0
1918663000,49.8728029368,8.6512280662,145.9951,0.0025,0,0,0.0025,0,0.01,0.0000,0.0000,0.0000,0,0,0,0,0,0,0
1918763000,49.8728041792,8.6512263545,145.9600,0.0025,0,0,0.0025,0,0.01,0.0000,0.0000,0.0000,0,0,0,0,0,0,0
1918863000,49.8728050791,8.6512249553,145.9727,0.0025,0,0,0.0025,0,0.01,0.0000,0.0000,0.0000,0,0,0,0,0,0,0
1918963000,49.8728059175,8.6512234338,145.9863,0.0025,0,0,0.0025,0,0.01,0.0000,0.0000,0.0000,0,0,0,0,0,0,0
1919063000,49.8728067384,8.6512217221,145.9805,0.0025,0,0,0.0025,0,0.01,0.0000,0.0000,0.0000,0,0,0,0,0,0,0
1919163000,49.8728075593,8.6512199153,145.9785,0.0025,0,0,0.0025,0,0.01,0.0000,0.0000,0.0000,0,0,0,0,0,0,0
1919266000,49.8728082354,8.6512181901,145.9697,0.0025,0,0,0.0025,0,0.01,0.0000,0.0000,0.0000,0,0,0,0,0,0,0
1919363000,49.8728088895,8.6512162338,145.9678,0.0025,0,0,0.0025,0,0.01,0.0000,0.0000,0.0000,0,0,0,0,0,0,0
1919464000,49.8728095085,8.6512138701,145.9658,0.0025,0,0,0.0025,0,0.01,0.0000,0.0000,0.0000,0,0,0,0,0,0,0
1919563000,49.8728099650,8.6512113365,145.9580,0.0025,0,0,0.0025,0,0.01,0.0000,0.0000,0.0000,0,0,0,0,0,0,0
1919663000,49.8728102635,8.6512085448,145.9570,0.0025,0,0,0.0025,0,0.01,0.0000,0.0000,0.0000,0,0,0,0,0,0,0
1919763000,49.8728102460,8.6512054747,145.9434,0.0025,0,0,0.0025,0,0.01,0.0000,0.0000,0.0000,0,0,0,0,0,0,0
1919863000,49.8728099562,8.6512021515,145.9189,0.0025,0,0,0.0025,0,0.01,0.0000,0.0000,0.0000,0,0,0,0,0,0,0
1919963000,49.8728093416,8.6511987332,145.9150,0.0025,0,0,0.0025,0,0.01,0.0000,0.0000,0.0000,0,0,0,0,0,0,0
1920063000,49.8728084988,8.6511950517,145.9043,0.0025,0,0,0.0025,0,0.01,0.0000,0.0000,0.0000,0,0,0,0,0,0,0
1920163000,49.8728071511,8.6511914484,145.8779,0.0025,0,0,0.0025,0,0.01,0.0000,0.0000,0.0000,0,0,0,0,0,0,0
1920265000,49.8728056059,8.6511882288,145.8506,0.0025,0,0,0.0025,0,0.01,0.0000,0.0000,0.0000,0,0,0,0,0,0,0
1920364000,49.8728036721,8.6511851926,145.8271,0.0025,0,0,0.0025,0,0.01,0.0000,0.0000,0.0000,0,0,0,0,0,0,0
1920463000,49.8728009905,8.6511828152,145.7773,0.0025,0,0,0.0025,0,0.01,0.0000,0.0000,0.0000,0,0,0,0,0,0,0
1920564000,49.8727977568,8.6511814975,145.7090,0.0025,0,0,0.0025,0,0.01,0.0000,0.0000,0.0000,0,0,0,0,0,0,0
1920663000,49.8727938454,8.6511823398,145.6416,0.0025,0,0,0.0025,0,0.01,0.0000,0.0000,0.0000,0,0,0,0,0,0,0
1920763000,49.8727906232,8.6511846628,145.5938,0.0025,0,0,0.0025,0,0.01,0.0000,0.0000,0.0000,0,0,0,0,0,0,0
1920866000,49.8727881737,8.6511881269,145.5820,0.0025,0,0,0.0025,0,0.01,0.0000,0.0000,0.0000,0,0,0,0,0,0,0
1920963000,49.8727865758,8.6511922431,145.5752,0.0025,0,0,0.0025,0,0.01,0.0000,0.0000,0.0000,0,0,0,0,0,0,0
1921065000,49.8727858910,8.6511967278,145.5859,0.0025,0,0,0.0025,0,0.01,0.0000,0.0000,0.0000,0,0,0,0,0,0,0
1921163000,49.8727862334,8.6512012099,145.6123,0.0025,0,0,0.0025,0,0.01,0.0000,0.0000,0.0000,0,0,0,0,0,0,0
1921263000,49.8727877347,8.6512054305,145.6436,0.0025,0,0,0.0025,0,0.01,0.0000,0.0000,0.0000,0,0,0,0,0,0,0
1921363000,49.8727901667,8.6512080082,145.6797,0.0025,0,0,0.0025,0,0.01,0.0000,0.0000,0.0000,0,0,0,0,0,0,0
1921463000,49.8727928050,8.6512084837,145.6611,0.0025,0,0,0.0025,0,0.01,0.0000,0.0000,0.0000,0,0,0,0,0,0,0
1921563000,49.8727951229,8.6512069622,145.6514,0.0025,0,0,0.0025,0,0.01,0.0000,0.0000,0.0000,0,0,0,0,0,0,0
1921663000,49.8727968415,8.6512033198,145.6523,0.0025,0,0,0.0025,0,0.01,0.0000,0.0000,0.0000,0,0,0,0,0,0,0
1921763000,49.8727973661,8.6511987825,145.6797,0.0025,0,0,0.0025,0,0.01,0.0000,0.0000,0.0000,0,0,0,0,0,0,0
1921863000,49.8727967449,8.6511944065,145.7109,0.0025,0,0,0.0025,0,0.01,0.0000,0.0000,0.0000,0,0,0,0,0,0,0
1921966000,49.8727951185,8.6511907963,145.7764,0.0025,0,0,0.0025,0,0.01,0.0000,0.0000,0.0000,0,0,0,0,0,0,0
1922067000,49.8727936874,8.6511889420,145.7656,0.0025,0,0,0.0025,0,0.01,0.0000,0.0000,0.0000,0,0,0,0,0,0,0
1922165000,49.8727918656,8.6511874612,145.7617,0.0025,0,0,0.0025,0,0.01,0.0000,0.0000,0.0000,0,0,0,0,0,0,0
1922263000,49.8727900965,8.6511863405,145.7656,0.0025,0,0,0.0025,0,0.01,0.0000,0.0000,0.0000,0,0,0,0,0,0,0
1922363000,49.8727884459,8.6511856816,145.7939,0.0025,0,0,0.0025,0,0.01,0.0000,0.0000,0.0000,0,0,0,0,0,0,0
1922463000,49.8727870499,8.6511851518,145.8203,0.0025,0,0,0.0025,0,0.01,0.0000,0.0000,0.0000,0,0,0,0,0,0,0
1922563000,49.8727861719,8.6511845133,145.8408,0.0025,0,0,0.0025,0,0.01,0.0000,0.0000,0.0000,0,0,0,0,0,0,0
1922663000,49.8727857680,8.6511836167,145.8604,0.0025,0,0,0.0025,0,0.01,0.0000,0.0000,0.0000,0,0,0,0,0,0,0
1922763000,49.8727858295,8.6511823126,145.8887,0.0025,0,0,0.0025,0,0.01,0.0000,0.0000,0.0000,0,0,0,0,0,0,0
1922863000,49.8727863914,8.6511809134,145.9189,0.0025,0,0,0.0025,0,0.01,0.0000,0.0000,0.0000,0,0,0,0,0,0,0
1922963000,49.8727874538,8.6511795005,145.9531,0.0025,0,0,0.0025,0,0.01,0.0000,0.0000,0.0000,0,0,0,0,0,0,0
1923063000,49.8727885863,8.6511786719,145.9746,0.0025,0,0,0.0025,0,0.01,0.0000,0.0000,0.0000,0,0,0,0,0,0,0
1923163000,49.8727900174,8.6511780198,145.9844,0.0025,0,0,0.0025,0,0.01,0.0000,0.0000,0.0000,0,0,0,0,0,0,0
1923263000,49.8727916461,8.6511778432,145.9707,0.0025,0,0,0.0025,0,0.01,0.0000,0.0000,0.0000,0,0,0,0,0,0,0
1923363000,49.8727934767,8.6511782236,145.9443,0.0025,0,0,0.0025,0,0.01,0.0000,0.0000,0.0000,0,0,0,0,0,0,0
1923463000,49.8727953906,8.6511796907,145.8926,0.0025,0,0,0.0025,0,0.01,0.0000,0.0000,0.0000,0,0,0,0,0,0,0
1923563000,49.8727969227,8.6511820409,145.8125,0.0025,0,0,0.0025,0,0.01,0.0000,0.0000,0.0000,0,0,0,0,0,0,0
1923663000,49.8727978292,8.6511851246,145.7402,0.0025,0,0,0.0025,0,0.01,0.0000,0.0000,0.0000,0,0,0,0,0,0,0
1923763000,49.8727979971,8.6511888740,145.7002,0.0025,0,0,0.0025,0,0.01,0.0000,0.0000,0.0000,0,0,0,0,0,0,0
1923863000,49.8727969293,8.6511925284,145.6436,0.0025,0,0,0.0025,0,0.01,0.0000,0.0000,0.0000,0,0,0,0,0,0,0
1923963000,49.8727951185,8.6511950517,145.6133,0.0025,0,0,0.0025,0,0.01,0.0000,0.0000,0.0000,0,0,0,0,0,0,0
1924063000,49.8727928050,8.6511968178,145.6152,0.0025,0,0,0.0025,0,0.01,0.0000,0.0000,0.0000,0,0,0,0,0,0,0
1924163000,49.8727907023,8.6511968195,145.6680,0.0025,0,0,0.0025,0,0.01,0.0000,0.0000,0.0000,0,0,0,0,0,0,0
1924263000,49.8727891834,8.6511958532,145.7529,0.0025,0,0,0.0025,0,0.01,0.0000,0.0000,0.0000,0,0,0,0,0,0,0
1924363000,49.8727882703,8.6511945831,145.8555,0.0025,0,0,0.0025,0,0.01,0.0000,0.0000,0.0000,0,0,0,0,0,0,0
1924464000,49.8727880771,8.6511937272,145.9482,0.0025,0,0,0.0025,0,0.01,0.0000,0.0000,0.0000,0,0,0,0,0,0,0
1924563000,49.8727882966,8.6511934861,146.0410,0.0025,0,0,0.0025,0,0.01,0.0000,0.0000,0.0000,0,0,0,0,0,0,0
1924663000,49.8727886566,8.6511941450,146.1250,0.0025,0,0,0.0025,0,0.01,0.0000,0.0000,0.0000,0,0,0,0,0,0,0
1924763000,49.8727894116,8.6511952419,146.1855,0.0025,0,0,0.0025,0,0.01,0.0000,0.0000,0.0000,0,0,0,0,0,0,0
1924863000,49.8727901228,8.6511968755,146.2637,0.0025,0,0,0.0025,0,0.01,0.0000,0.0000,0.0000,0,0,0,0,0,0,0
1924963000,49.8727909042,8.6511986670,146.3145,0.0025,0,0,0.0025,0,0.01,0.0000,0.0000,0.0000,0,0,0,0,0,0,0
1925063000,49.8727916373,8.6512005599,146.3438,0.0025,0,0,0.0025,0,0.01,0.0000,0.0000,0.0000,0,0,0,0,0,0,0
1925163000,49.8727922870,8.6512026355,146.3359,0.0025,0,0,0.0025,0,0.01,0.0000,0.0000,0.0000,0,0,0,0,0,0,0
1925263000,49.8727931738,8.6512056207,146.2949,0.0025,0,0,0.0025,0,0.01,0.0000,0.0000,0.0000,0,0,0,0,0,0,0
1925364000,49.8727940912,8.6512089048,146.1660,0.0025,0,0,0.0025,0,0.01,0.0000,0.0000,0.0000,0,0,0,0,0,0,0
1925463000,49.8727953819,8.6512123554,145.9443,0.0025,0,0,0.0025,0,0.01,0.0000,0.0000,0.0000,0,0,0,0,0,0,0
1925563000,49.8727970785,8.6512151878,145.6875,0.0025,0,0,0.0025,0,0.01,0.0000,0.0000,0.0000,0,0,0,0,0,0,0
1925663000,49.8727990452,8.6512165191,145.4307,0.0025,0,0,0.0025,0,0.01,0.0000,0.0000,0.0000,0,0,0,0,0,0,0
1925763000,49.8728015891,8.6512159621,145.2275,0.0025,0,0,0.0025,0,0.01,0.0000,0.0000,0.0000,0,0,0,0,0,0,0
1925863000,49.8728031585,8.6512130482,145.0576,0.0025,0,0,0.0025,0,0.01,0.0000,0.0000,0.0000,0,0,0,0,0,0,0
1925963000,49.8728039904,8.6512090679,145.0176,0.0025,0,0,0.0025,0,0.01,0.0000,0.0000,0.0000,0,0,0,0,0,0,0
1926063000,49.8728040014,8.6512051147,145.0762,0.0025,0,0,0.0025,0,0.01,0.0000,0.0000,0.0000,0,0,0,0,0,0,0
1926163000,49.8728032595,8.6512007115,145.2451,0.0025,0,0,0.0025,0,0.01,0.0000,0.0000,0.0000,0,0,0,0,0,0,0
1926263000,49.8728023047,8.6511976617,145.4414,0.0025,0,0,0.0025,0,0.01,0.0000,0.0000,0.0000,0,0,0,0,0,0,0
1926363000,49.8728011480,8.6511952623,145.6328,0.0025,0,0,0.0025,0,0.01,0.0000,0.0000,0.0000,0,0,0,0,0,0,0
1926463000,49.8727998597,8.6511936661,145.8223,0.0025,0,0,0.0025,0,0.01,0.0000,0.0000,0.0000,0,0,0,0,0,0,0
1926563000,49.8727984624,8.6511927321,145.9658,0.0025,0,0,0.0025,0,0.01,0.0000,0.0000,0.0000,0,0,0,0,0,0,0
1926663000,49.8727972212,8.6511920665,146.0645,0.0025,0,0,0.0025,0,0.01,0.0000,0.0000,0.0000,0,0,0,0,0,0,0
1926763000,49.8727962445,8.6511914552,146.1250,0.0025,0,0,0.0025,0,0.01,0.0000,0.0000,0.0000,0,0,0,0,0,0,0
1926866000,49.8727955772,8.6511906333,146.1641,0.0025,0,0,0.0025,0,0.01,0.0000,0.0000,0.0000,0,0,0,0,0,0,0
1926965000,49.8727950877,8.6511897367,146.1816,0.0025,0,0,0.0025,0,0.01,0.0000,0.0000,0.0000,0,0,0,0,0,0,0
1927065000,49.8727946224,8.6511885208,146.1992,0.0025,0,0,0.0025,0,0.01,0.0000,0.0000,0.0000,0,0,0,0,0,0,0
1927163000,49.8727942493,8.6511873186,146.2168,0.0025,0,0,0.0025,0,0.01,0.0000,0.0000,0.0000,0,0,0,0,0,0,0
1927263000,49.8727939288,8.6511861299,146.2324,0.0025,0,0,0.0025,0,0.01,0.0000,0.0000,0.0000,0,0,0,0,0,0,0
1927363000,49.8727936830,8.6511849752,146.2461,0.0025,0,0,0.0025,0,0.01,0.0000,0.0000,0.0000,0,0,0,0,0,0,0
1927463000,49.8727934284,8.6511840379,146.2383,0.0025,0,0,0.0025,0,0.01,0.0000,0.0000,0.0000,0,0,0,0,0,0,0
1927563000,49.8727933142,8.6511829511,146.2227,0.0025,0,0,0.0025,0,0.01,0.0000,0.0000,0.0000,0,0,0,0,0,0,0
1927663000,49.8727932572,8.6511817284,146.1992,0.0025,0,0,0.0025,0,0.01,0.0000,0.0000,0.0000,0,0,0,0,0,0,0
1927763000,49.8727931738,8.6511806145,146.1797,0.0025,0,0,0.0025,0,0.01,0.0000,0.0000,0.0000,0,0,0,0,0,0,0
1927863000,49.8727927435,8.6511789979,146.1719,0.0025,0,0,0.0025,0,0.01,0.0000,0.0000,0.0000,0,0,0,0,0,0,0
1927963000,49.8727923133,8.6511773949,146.1563,0.0025,0,0,0.0025,0,0.01,0.0000,0.0000,0.0000,0,0,0,0,0,0,0
1928063000,49.8727918392,8.6511758598,146.1465,0.0025,0,0,0.0025,0,0.01,0.0000,0.0000,0.0000,0,0,0,0,0,0,0
1928163000,49.8727914090,8.6511746779,146.1172,0.0025,0,0,0.0025,0,0.01,0.0000,0.0000,0.0000,0,0,0,0,0,0,0
1928263000,49.8727909657,8.6511736047,146.0859,0.0025,0,0,0.0025,0,0.01,0.0000,0.0000,0.0000,0,0,0,0,0,0,0
1928363000,49.8727903072,8.6511723685,146.0566,0.0025,0,0,0.0025,0,0.01,0.0000,0.0000,0.0000,0,0,0,0,0,0,0
1928463000,49.8727896224,8.6511715806,146.0117,0.0025,0,0,0.0025,0,0.01,0.0000,0.0000,0.0000,0,0,0,0,0,0,0
1928563000,49.8727889024,8.6511710100,145.9316,0.0025,0,0,0.0025,0,0.01,0.0000,0.0000,0.0000,0,0,0,0,0,0,0
1928663000,49.8727882703,8.6511707112,145.8252,0.0025,0,0,0.0025,0,0.01,0.0000,0.0000,0.0000,0,0,0,0,0,0,0
1928763000,49.8727875503,8.6511705753,145.6797,0.0025,0,0,0.0025,0,0.01,0.0000,0.0000,0.0000,0,0,0,0,0,0,0
1928863000,49.8727871201,8.6511707655,145.5137,0.0025,0,0,0.0025,0,0.01,0.0000,0.0000,0.0000,0,0,0,0,0,0,0
1928963000,49.8727869182,8.6511713089,145.3262,0.0025,0,0,0.0025,0,0.01,0.0000,0.0000,0.0000,0,0,0,0,0,0,0
1929064000,49.8727868919,8.6511722734,145.1387,0.0025,0,0,0.0025,0,0.01,0.0000,0.0000,0.0000,0,0,0,0,0,0,0
1929164000,49.8727869094,8.6511739036,144.9785,0.0025,0,0,0.0025,0,0.01,0.0000,0.0000,0.0000,0,0,0,0,0,0,0
1929263000,49.8727871026,8.6511762266,144.8462,0.0025,0,0,0.0025,0,0.01,0.0000,0.0000,0.0000,0,0,0,0,0,0,0
1929363000,49.8727871465,8.6511792424,144.7827,0.0025,0,0,0.0025,0,0.01,0.0000,0.0000,0.0000,0,0,0,0,0,0,0
1929463000,49.8727869533,8.6511826250,144.8120,0.0025,0,0,0.0025,0,0.01,0.0000,0.0000,0.0000,0,0,0,0,0,0,0
1929563000,49.8727862773,8.6511863065,144.9575,0.0025,0,0,0.0025,0,0.01,0.0000,0.0000,0.0000,0,0,0,0,0,0,0
1929663000,49.8727856803,8.6511891933,145.1201,0.0025,0,0,0.0025,0,0.01,0.0000,0.0000,0.0000,0,0,0,0,0,0,0
1929763000,49.8727850920,8.6511916589,145.3301,0.0025,0,0,0.0025,0,0.01,0.0000,0.0000,0.0000,0,0,0,0,0,0,0
1929863000,49.8727846706,8.6511937000,145.5391,0.0025,0,0,0.0025,0,0.01,0.0000,0.0000,0.0000,0,0,0,0,0,0,0
1929963000,49.8727843282,8.6511955442,145.7617,0.0025,0,0,0.0025,0,0.01,0.0000,0.0000,0.0000,0,0,0,0,0,0,0
1930063000,49.8727841789,8.6511975751,145.9639,0.0025,0,0,0.0025,0,0.01,0.0000,0.0000,0.0000,0,0,0,0,0,0,0
1930165000,49.8727841789,8.6511991777,146.1328,0.0025,0,0,0.0025,0,0.01,0.0000,0.0000,0.0000,0,0,0,0,0,0,0
1930263000,49.8727843370,8.6512007828,146.2559,0.0025,0,0,0.0025,0,0.01,0.0000,0.0000,0.0000,0,0,0,0,0,0,0
1930363000,49.8727845389,8.6512025573,146.3262,0.0025,0,0,0.0025,0,0.01,0.0000,0.0000,0.0000,0,0,0,0,0,0,0
1930465000,49.8727846881,8.6512044694,146.3652,0.0025,0,0,0.0025,0,0.01,0.0000,0.0000,0.0000,0,0,0,0,0,0,0
1930563000,49.8727848023,8.6512064698,146.3574,0.0025,0,0,0.0025,0,0.01,0.0000,0.0000,0.0000,0,0,0,0,0,0,0
1930663000,49.8727849691,8.6512083139,146.3340,0.0025,0,0,0.0025,0,0.01,0.0000,0.0000,0.0000,0,0,0,0,0,0,0
1930763000,49.8727850042,8.6512101478,146.3184,0.0025,0,0,0.0025,0,0.01,0.0000,0.0000,0.0000,0,0,0,0,0,0,0
1930865000,49.8727850130,8.6512121788,146.3086,0.0025,0,0,0.0025,0,0.01,0.0000,0.0000,0.0000,0,0,0,0,0,0,0
1930963000,49.8727851710,8.6512143863,146.2891,0.0025,0,0,0.0025,0,0.01,0.0000,0.0000,0.0000,0,0,0,0,0,0,0
1931064000,49.8727853993,8.6512168452,146.2461,0.0025,0,0,0.0025,0,0.01,0.0000,0.0000,0.0000,0,0,0,0,0,0,0
1931163000,49.8727857944,8.6512194263,146.1758,0.0025,0,0,0.0025,0,0.01,0.0000,0.0000,0.0000,0,0,0,0,0,0,0
1931263000,49.8727866899,8.6512222655,146.0801,0.0025,0,0,0.0025,0,0.01,0.0000,0.0000,0.0000,0,0,0,0,0,0,0
1931363000,49.8727883756,8.6512247923,145.9170,0.0025,0,0,0.0025,0,0.01,0.0000,0.0000,0.0000,0,0,0,0,0,0,0
1931463000,49.8727909305,8.6512264632,145.7646,0.0025,0,0,0.0025,0,0.01,0.0000,0.0000,0.0000,0,0,0,0,0,0,0
1931563000,49.8727941307,8.6512258383,145.6553,0.0025,0,0,0.0025,0,0.01,0.0000,0.0000,0.0000,0,0,0,0,0,0,0
1931663000,49.8727969622,8.6512226051,145.5908,0.0025,0,0,0.0025,0,0.01,0.0000,0.0000,0.0000,0,0,0,0,0,0,0
1931765000,49.8727982133,8.6512171848,145.5801,0.0025,0,0,0.0025,0,0.01,0.0000,0.0000,0.0000,0,0,0,0,0,0,0
1931863000,49.8727977063,8.6512115878,145.6152,0.0025,0,0,0.0025,0,0.01,0.0000,0.0000,0.0000,0,0,0,0,0,0,0
1931963000,49.8727954740,8.6512077162,145.6875,0.0025,0,0,0.0025,0,0.01,0.0000,0.0000,0.0000,0,0,0,0,0,0,0
1932063000,49.8727930684,8.6512064120,145.7588,0.0025,0,0,0.0025,0,0.01,0.0000,0.0000,0.0000,0,0,0,0,0,0,0
1932163000,49.8727902896,8.6512064154,145.7754,0.0025,0,0,0.0025,0,0.01,0.0000,0.0000,0.0000,0,0,0,0,0,0,0
1932263000,49.8727880683,8.6512082188,145.7871,0.0025,0,0,0.0025,0,0.01,0.0000,0.0000,0.0000,0,0,0,0,0,0,0
1932363000,49.8727866460,8.6512110105,145.7959,0.0025,0,0,0.0025,0,0.01,0.0000,0.0000,0.0000,0,0,0,0,0,0,0
1932464000,49.8727861544,8.6512141554,145.7930,0.0025,0,0,0.0025,0,0.01,0.0000,0.0000,0.0000,0,0,0,0,0,0,0
1932563000,49.8727865143,8.6512171712,145.7744,0.0025,0,0,0.0025,0,0.01,0.0000,0.0000,0.0000,0,0,0,0,0,0,0
1932663000,49.8727873835,8.6512199968,145.7441,0.0025,0,0,0.0025,0,0.01,0.0000,0.0000,0.0000,0,0,0,0,0,0,0
1932763000,49.8727883668,8.6512221296,145.7197,0.0025,0,0,0.0025,0,0.01,0.0000,0.0000,0.0000,0,0,0,0,0,0,0
1932863000,49.8727895960,8.6512243983,145.6982,0.0025,0,0,0.0025,0,0.01,0.0000,0.0000,0.0000,0,0,0,0,0,0,0
1932963000,49.8727909481,8.6512265311,145.6875,0.0025,0,0,0.0025,0,0.01,0.0000,0.0000,0.0000,0,0,0,0,0,0,0
1933063000,49.8727922694,8.6512279304,145.6855,0.0025,0,0,0.0025,0,0.01,0.0000,0.0000,0.0000,0,0,0,0,0,0,0
1933163000,49.8727933406,8.6512291530,145.6875,0.0025,0,0,0.0025,0,0.01,0.0000,0.0000,0.0000,0,0,0,0,0,0,0
1933263000,49.8727940605,8.6512301039,145.6855,0.0025,0,0,0.0025,0,0.01,0.0000,0.0000,0.0000,0,0,0,0,0,0,0
1933363000,49.8727946444,8.6512311092,145.6836,0.0025,0,0,0.0025,0,0.01,0.0000,0.0000,0.0000,0,0,0,0,0,0,0
1933463000,49.8727950570,8.6512318156,145.6816,0.0025,0,0,0.0025,0,0.01,0.0000,0.0000,0.0000,0,0,0,0,0,0,0
1933563000,49.8727953775,8.6512321416,145.6904,0.0025,0,0,0.0025,0,0.01,0.0000,0.0000,0.0000,0,0,0,0,0,0,0
1933663000,49.8727953687,8.6512320330,145.6943,0.0025,0,0,0.0025,0,0.01,0.0000,0.0000,0.0000,0,0,0,0,0,0,0
1933765000,49.8727950790,8.6512316254,145.6846,0.0025,0,0,0.0025,0,0.01,0.0000,0.0000,0.0000,0,0,0,0,0,0,0
1933865000,49.8727944293,8.6512308918,145.6768,0.0025,0,0,0.0025,0,0.01,0.0000,0.0000,0.0000,0,0,0,0,0,0,0
1933963000,49.8727935425,8.6512295605,145.6738,0.0025,0,0,0.0025,0,0.01,0.0000,0.0000,0.0000,0,0,0,0,0,0,0
1934063000,49.8727924933,8.6512273870,145.6709,0.0025,0,0,0.0025,0,0.01,0.0000,0.0000,0.0000,0,0,0,0,0,0,0
1934163000,49.8727913607,8.6512241538,145.6699,0.0025,0,0,0.0025,0,0.01,0.0000,0.0000,0.0000,0,0,0,0,0,0,0
1934263000,49.8727906584,8.6512189508,145.6670,0.0025,0,0,0.0025,0,0.01,0.0000,0.0000,0.0000,0,0,0,0,0,0,0
1934363000,49.8727910622,8.6512129803,145.6719,0.0025,0,0,0.0025,0,0.01,0.0000,0.0000,0.0000,0,0,0,0,0,0,0
1934463000,49.8727933406,8.6512068705,145.6982,0.0025,0,0,0.0025,0,0.01,0.0000,0.0000,0.0000,0,0,0,0,0,0,0
1934563000,49.8727967844,8.6512023790,145.7402,0.0025,0,0,0.0025,0,0.01,0.0000,0.0000,0.0000,0,0,0,0,0,0,0
1934663000,49.8728009735,8.6512019189,145.7725,0.0025,0,0,0.0025,0,0.01,0.0000,0.0000,0.0000,0,0,0,0,0,0,0
1934763000,49.8728037402,8.6512042928,145.7715,0.0025,0,0,0.0025,0,0.01,0.0000,0.0000,0.0000,0,0,0,0,0,0,0
1934863000,49.8728053951,8.6512081916,145.7744,0.0025,0,0,0.0025,0,0.01,0.0000,0.0000,0.0000,0,0,0,0,0,0,0
1934964000,49.8728055356,8.6512123010,145.7881,0.0025,0,0,0.0025,0,0.01,0.0000,0.0000,0.0000,0,0,0,0,0,0,0
1935063000,49.8728045655,8.6512151878,145.7959,0.0025,0,0,0.0025,0,0.01,0.0000,0.0000,0.0000,0,0,0,0,0,0,0
1935163000,49.8728036326,8.6512164376,145.7939,0.0025,0,0,0.0025,0,0.01,0.0000,0.0000,0.0000,0,0,0,0,0,0,0
1935263000,49.8728029873,8.6512165327,145.8057,0.0025,0,0,0.0025,0,0.01,0.0000,0.0000,0.0000,0,0,0,0,0,0,0
1935363000,49.8728026295,8.6512161795,145.8389,0.0025,0,0,0.0025,0,0.01,0.0000,0.0000,0.0000,0,0,0,0,0,0,0
1935463000,49.8728025615,8.6512154595,145.8848,0.0025,0,0,0.0025,0,0.01,0.0000,0.0000,0.0000,0,0,0,0,0,0,0
1935563000,49.8728028380,8.6512143320,145.9277,0.0025,0,0,0.0025,0,0.01,0.0000,0.0000,0.0000,0,0,0,0,0,0,0
1935663000,49.8728034790,8.6512127493,145.9688,0.0025,0,0,0.0025,0,0.01,0.0000,0.0000,0.0000,0,0,0,0,0,0,0
1935763000,49.8728043174,8.6512107048,146.0098,0.0025,0,0,0.0025,0,0.01,0.0000,0.0000,0.0000,0,0,0,0,0,0,0
1935863000,49.8728054259,8.6512080626,146.0801,0.0025,0,0,0.0025,0,0.01,0.0000,0.0000,0.0000,0,0,0,0,0,0,0
1935963000,49.8728065760,8.6512045611,146.1387,0.0025,0,0,0.0025,0,0.01,0.0000,0.0000,0.0000,0,0,0,0,0,0,0
1936063000,49.8728073750,8.6511998567,146.1602,0.0025,0,0,0.0025,0,0.01,0.0000,0.0000,0.0000,0,0,0,0,0,0,0
1936163000,49.8728071862,8.6511947359,146.1113,0.0025,0,0,0.0025,0,0.01,0.0000,0.0000,0.0000,0,0,0,0,0,0,0
1936263000,49.8728063390,8.6511898861,145.9277,0.0025,0,0,0.0025,0,0.01,0.0000,0.0000,0.0000,0,0,0,0,0,0,0
1936363000,49.8728045918,8.6511870605,145.6641,0.0025,0,0,0.0025,0,0.01,0.0000,0.0000,0.0000,0,0,0,0,0,0,0
1936463000,49.8728022893,8.6511860212,145.3633,0.0025,0,0,0.0025,0,0.01,0.0000,0.0000,0.0000,0,0,0,0,0,0,0
1936563000,49.8727997883,8.6511868975,145.1338,0.0025,0,0,0.0025,0,0.01,0.0000,0.0000,0.0000,0,0,0,0,0,0,0
1936663000,49.8727973024,8.6511886295,145.0928,0.0025,0,0,0.0025,0,0.01,0.0000,0.0000,0.0000,0,0,0,0,0,0,0
1936763000,49.8727950263,8.6511903752,145.2451,0.0025,0,0,0.0025,0,0.01,0.0000,0.0000,0.0000,0,0,0,0,0,0,0
1936863000,49.8727936391,8.6511917880,145.5342,0.0025,0,0,0.0025,0,0.01,0.0000,0.0000,0.0000,0,0,0,0,0,0,0
1936963000,49.8727931167,8.6511919035,145.8457,0.0025,0,0,0.0025,0,0.01,0.0000,0.0000,0.0000,0,0,0,0,0,0,0
1937063000,49.8727932923,8.6511903752,146.1055,0.0025,0,0,0.0025,0,0.01,0.0000,0.0000,0.0000,0,0,0,0,0,0,0
1937163000,49.8727938893,8.6511882084,146.2656,0.0025,0,0,0.0025,0,0.01,0.0000,0.0000,0.0000,0,0,0,0,0,0,0
1937263000,49.8727942537,8.6511856409,146.3184,0.0025,0,0,0.0025,0,0.01,0.0000,0.0000,0.0000,0,0,0,0,0,0,0
1937363000,49.8727942888,8.6511826522,146.2734,0.0025,0,0,0.0025,0,0.01,0.0000,0.0000,0.0000,0,0,0,0,0,0,0
1937463000,49.8727942185,8.6511798402,146.1699,0.0025,0,0,0.0025,0,0.01,0.0000,0.0000,0.0000,0,0,0,0,0,0,0
1937563000,49.8727939903,8.6511771232,145.9619,0.0025,0,0,0.0025,0,0.01,0.0000,0.0000,0.0000,0,0,0,0,0,0,0
1937663000,49.8727933889,8.6511752077,145.6787,0.0025,0,0,0.0025,0,0.01,0.0000,0.0000,0.0000,0,0,0,0,0,0,0
1937763000,49.8727929718,8.6511753300,145.3896,0.0025,0,0,0.0025,0,0.01,0.0000,0.0000,0.0000,0,0,0,0,0,0,0
1937863000,49.8727927348,8.6511773541,145.1816,0.0025,0,0,0.0025,0,0.01,0.0000,0.0000,0.0000,0,0,0,0,0,0,0
1937963000,49.8727924582,8.6511804107,145.0684,0.0025,0,0,0.0025,0,0.01,0.0000,0.0000,0.0000,0,0,0,0,0,0,0
1938063000,49.8727922782,8.6511840107,145.0732,0.0025,0,0,0.0025,0,0.01,0.0000,0.0000,0.0000,0,0,0,0,0,0,0
1938163000,49.8727925372,8.6511876514,145.1416,0.0025,0,0,0.0025,0,0.01,0.0000,0.0000,0.0000,0,0,0,0,0,0,0
1938263000,49.8727929762,8.6511908167,145.2568,0.0025,0,0,0.0025,0,0.01,0.0000,0.0000,0.0000,0,0,0,0,0,0,0
1938364000,49.8727932308,8.6511933333,145.4473,0.0025,0,0,0.0025,0,0.01,0.0000,0.0000,0.0000,0,0,0,0,0,0,0
1938463000,49.8727931957,8.6511951231,145.7158,0.0025,0,0,0.0025,0,0.01,0.0000,0.0000,0.0000,0,0,0,0,0,0,0
1938563000,49.8727928138,8.6511956359,145.9414,0.0025,0,0,0.0025,0,0.01,0.0000,0.0000,0.0000,0,0,0,0,0,0,0
1938663000,49.8727920719,8.6511955781,146.1055,0.0025,0,0,0.0025,0,0.01,0.0000,0.0000,0.0000,0,0,0,0,0,0,0
1938763000,49.8727912554,8.6511951095,146.1953,0.0025,0,0,0.0025,0,0.01,0.0000,0.0000,0.0000,0,0,0,0,0,0,0
1938863000,49.8727903423,8.6511944846,146.2109,0.0025,0,0,0.0025,0,0.01,0.0000,0.0000,0.0000,0,0,0,0,0,0,0
1938963000,49.8727892009,8.6511939140,146.1641,0.0025,0,0,0.0025,0,0.01,0.0000,0.0000,0.0000,0,0,0,0,0,0,0
1939063000,49.8727880859,8.6511934963,146.0488,0.0025,0,0,0.0025,0,0.01,0.0000,0.0000,0.0000,0,0,0,0,0,0,0
1939163000,49.8727870938,8.6511935744,145.8584,0.0025,0,0,0.0025,0,0.01,0.0000,0.0000,0.0000,0,0,0,0,0,0,0
1939263000,49.8727864792,8.6511941450,145.6367,0.0025,0,0,0.0025,0,0.01,0.0000,0.0000,0.0000,0,0,0,0,0,0,0
1939363000,49.8727862334,8.6511951672,145.4375,0.0025,0,0,0.0025,0,0.01,0.0000,0.0000,0.0000,0,0,0,0,0,0,0
1939463000,49.8727862509,8.6511968263,145.2715,0.0025,0,0,0.0025,0,0.01,0.0000,0.0000,0.0000,0,0,0,0,0,0,0
1939563000,49.8727866811,8.6511992634,145.1621,0.0025,0,0,0.0025,0,0.01,0.0000,0.0000,0.0000,0,0,0,0,0,0,0
1939663000,49.8727872518,8.6512019409,145.1162,0.0025,0,0,0.0025,0,0.01,0.0000,0.0000,0.0000,0,0,0,0,0,0,0
1939763000,49.8727882527,8.6512048056,145.1484,0.0025,0,0,0.0025,0,0.01,0.0000,0.0000,0.0000,0,0,0,0,0,0,0
1939863000,49.8727892712,8.6512073358,145.2764,0.0025,0,0,0.0025,0,0.01,0.0000,0.0000,0.0000,0,0,0,0,0,0,0
1939963000,49.8727899472,8.6512091290,145.4551,0.0025,0,0,0.0025,0,0.01,0.0000,0.0000,0.0000,0,0,0,0,0,0,0
1940063000,49.8727901228,8.6512103312,145.6602,0.0025,0,0,0.0025,0,0.01,0.0000,0.0000,0.0000,0,0,0,0,0,0,0
1940163000,49.8727898506,8.6512109969,145.8477,0.0025,0,0,0.0025,0,0.01,0.0000,0.0000,0.0000,0,0,0,0,0,0,0
1940263000,49.8727892799,8.6512117712,146.0000,0.0025,0,0,0.0025,0,0.01,0.0000,0.0000,0.0000,0,0,0,0,0,0,0
1940363000,49.8727886039,8.6512119546,146.1035,0.0025,0,0,0.0025,0,0.01,0.0000,0.0000,0.0000,0,0,0,0,0,0,0
1940463000,49.8727877435,8.6512122263,146.1465,0.0025,0,0,0.0025,0,0.01,0.0000,0.0000,0.0000,0,0,0,0,0,0,0
1940563000,49.8727867075,8.6512124301,146.1270,0.0025,0,0,0.0025,0,0.01,0.0000,0.0000,0.0000,0,0,0,0,0,0,0
1940663000,49.8727857417,8.6512127154,146.0332,0.0025,0,0,0.0025,0,0.01,0.0000,0.0000,0.0000,0,0,0,0,0,0,0
1940763000,49.8727850218,8.6512131501,145.8887,0.0025,0,0,0.0025,0,0.01,0.0000,0.0000,0.0000,0,0,0,0,0,0,0
1940863000,49.8727846794,8.6512137342,145.7129,0.0025,0,0,0.0025,0,0.01,0.0000,0.0000,0.0000,0,0,0,0,0,0,0
1940963000,49.8727847759,8.6512147259,145.5225,0.0025,0,0,0.0025,0,0.01,0.0000,0.0000,0.0000,0,0,0,0,0,0,0
1941063000,49.8727854432,8.6512157991,145.3643,0.0025,0,0,0.0025,0,0.01,0.0000,0.0000,0.0000,0,0,0,0,0,0,0
1941163000,49.8727866987,8.6512172391,145.2148,0.0025,0,0,0.0025,0,0.01,0.0000,0.0000,0.0000,0,0,0,0,0,0,0
1941263000,49.8727883229,8.6512186791,145.1201,0.0025,0,0,0.0025,0,0.01,0.0000,0.0000,0.0000,0,0,0,0,0,0,0
1941363000,49.8727910491,8.6512204995,145.1064,0.0025,0,0,0.0025,0,0.01,0.0000,0.0000,0.0000,0,0,0,0,0,0,0
1941463000,49.8727935776,8.6512212195,145.1611,0.0025,0,0,0.0025,0,0.01,0.0000,0.0000,0.0000,0,0,0,0,0,0,0
1941565000,49.8727956145,8.6512215047,145.2832,0.0025,0,0,0.0025,0,0.01,0.0000,0.0000,0.0000,0,0,0,0,0,0,0
1941663000,49.8727972476,8.6512216134,145.4668,0.0025,0,0,0.0025,0,0.01,0.0000,0.0000,0.0000,0,0,0,0,0,0,0
1941763000,49.8727981958,8.6512218715,145.6787,0.0025,0,0,0.0025,0,0.01,0.0000,0.0000,0.0000,0,0,0,0,0,0,0
1941863000,49.8727984679,8.6512221976,145.8828,0.0025,0,0,0.0025,0,0.01,0.0000,0.0000,0.0000,0,0,0,0,0,0,0
1941963000,49.8727984526,8.6512227817,146.0527,0.0025,0,0,0.0025,0,0.01,0.0000,0.0000,0.0000,0,0,0,0,0,0,0
1942063000,49.8727981837,8.6512234202,146.1426,0.0025,0,0,0.0025,0,0.01,0.0000,0.0000,0.0000,0,0,0,0,0,0,0
1942163000,49.8727978226,8.6512244255,146.1543,0.0025,0,0,0.0025,0,0.01,0.0000,0.0000,0.0000,0,0,0,0,0,0,0
1942263000,49.8727976141,8.6512256074,146.0859,0.0025,0,0,0.0025,0,0.01,0.0000,0.0000,0.0000,0,0,0,0,0,0,0
1942363000,49.8727976448,8.6512268436,145.9482,0.0025,0,0,0.0025,0,0.01,0.0000,0.0000,0.0000,0,0,0,0,0,0,0
1942463000,49.8727980772,8.6512276722,145.7617,0.0025,0,0,0.0025,0,0.01,0.0000,0.0000,0.0000,0,0,0,0,0,0,0
1942563000,49.8727988833,8.6512277809,145.5459,0.0025,0,0,0.0025,0,0.01,0.0000,0.0000,0.0000,0,0,0,0,0,0,0
1942663000,49.8728002560,8.6512270745,145.3281,0.0025,0,0,0.0025,0,0.01,0.0000,0.0000,0.0000,0,0,0,0,0,0,0
1942763000,49.8728016835,8.6512255938,145.1699,0.0025,0,0,0.0025,0,0.01,0.0000,0.0000,0.0000,0,0,0,0,0,0,0
1942863000,49.8728033670,8.6512232844,145.0820,0.0025,0,0,0.0025,0,0.01,0.0000,0.0000,0.0000,0,0,0,0,0,0,0
1942963000,49.8728048025,8.6512206897,145.1182,0.0025,0,0,0.0025,0,0.01,0.0000,0.0000,0.0000,0,0,0,0,0,0,0
1943063000,49.8728060492,8.6512186927,145.2520,0.0025,0,0,0.0025,0,0.01,0.0000,0.0000,0.0000,0,0,0,0,0,0,0
1943163000,49.8728069140,8.6512175108,145.4561,0.0025,0,0,0.0025,0,0.01,0.0000,0.0000,0.0000,0,0,0,0,0,0,0
1943263000,49.8728074364,8.6512170897,145.6514,0.0025,0,0,0.0025,0,0.01,0.0000,0.0000,0.0000,0,0,0,0,0,0,0
1943365000,49.8728076428,8.6512172935,145.8271,0.0025,0,0,0.0025,0,0.01,0.0000,0.0000,0.0000,0,0,0,0,0,0,0
1943468000,49.8728077393,8.6512181493,145.9463,0.0025,0,0,0.0025,0,0.01,0.0000,0.0000,0.0000,0,0,0,0,0,0,0
1943567000,49.8728077613,8.6512193448,146.0078,0.0025,0,0,0.0025,0,0.01,0.0000,0.0000,0.0000,0,0,0,0,0,0,0
1943666000,49.8728079457,8.6512206761,146.0195,0.0025,0,0,0.0025,0,0.01,0.0000,0.0000,0.0000,0,0,0,0,0,0,0
1943763000,49.8728080510,8.6512221704,145.9775,0.0025,0,0,0.0025,0,0.01,0.0000,0.0000,0.0000,0,0,0,0,0,0,0
1943863000,49.8728082486,8.6512233523,145.8877,0.0025,0,0,0.0025,0,0.01,0.0000,0.0000,0.0000,0,0,0,0,0,0,0
1943963000,49.8728083451,8.6512240451,145.7451,0.0025,0,0,0.0025,0,0.01,0.0000,0.0000,0.0000,0,0,0,0,0,0,0
1944063000,49.8728083100,8.6512238278,145.5723,0.0025,0,0,0.0025,0,0.01,0.0000,0.0000,0.0000,0,0,0,0,0,0,0
1944163000,49.8728081827,8.6512223878,145.3945,0.0025,0,0,0.0025,0,0.01,0.0000,0.0000,0.0000,0,0,0,0,0,0,0
1944263000,49.8728079939,8.6512198202,145.2432,0.0025,0,0,0.0025,0,0.01,0.0000,0.0000,0.0000,0,0,0,0,0,0,0
1944363000,49.8728076735,8.6512162338,145.1328,0.0025,0,0,0.0025,0,0.01,0.0000,0.0000,0.0000,0,0,0,0,0,0,0
1944463000,49.8728071730,8.6512121041,145.0850,0.0025,0,0,0.0025,0,0.01,0.0000,0.0000,0.0000,0,0,0,0,0,0,0
1944563000,49.8728066155,8.6512080558,145.1533,0.0025,0,0,0.0025,0,0.01,0.0000,0.0000,0.0000,0,0,0,0,0,0,0
1944663000,49.8728061370,8.6512044728,145.3096,0.0025,0,0,0.0025,0,0.01,0.0000,0.0000,0.0000,0,0,0,0,0,0,0
1944763000,49.8728057376,8.6512015113,145.5361,0.0025,0,0,0.0025,0,0.01,0.0000,0.0000,0.0000,0,0,0,0,0,0,0
1944865000,49.8728056761,8.6512000401,145.7520,0.0025,0,0,0.0025,0,0.01,0.0000,0.0000,0.0000,0,0,0,0,0,0,0
1944968000,49.8728057288,8.6511991756,145.9414,0.0025,0,0,0.0025,0,0.01,0.0000,0.0000,0.0000,0,0,0,0,0,0,0
1945063000,49.8728060361,8.6511988326,146.0723,0.0025,0,0,0.0025,0,0.01,0.0000,0.0000,0.0000,0,0,0,0,0,0,0
1945163000,49.8728065321,8.6511985685,146.1543,0.0025,0,0,0.0025,0,0.01,0.0000,0.0000,0.0000,0,0,0,0,0,0,0
1945263000,49.8728073267,8.6511983477,146.1836,0.0025,0,0,0.0025,0,0.01,0.0000,0.0000,0.0000,0,0,0,0,0,0,0
1945369000,49.8728083407,8.6511978366,146.1504,0.0025,0,0,0.0025,0,0.01,0.0000,0.0000,0.0000,0,0,0,0,0,0,0
1945465000,49.8728094909,8.6511973493,146.0547,0.0025,0,0,0.0025,0,0.01,0.0000,0.0000,0.0000,0,0,0,0,0,0,0
1945564000,49.8728103601,8.6511967515,145.9004,0.0025,0,0,0.0025,0,0.01,0.0000,0.0000,0.0000,0,0,0,0,0,0,0
1945664000,49.8728109044,8.6511959653,145.6953,0.0025,0,0,0.0025,0,0.01,0.0000,0.0000,0.0000,0,0,0,0,0,0,0
1945763000,49.8728109834,8.6511948717,145.4785,0.0025,0,0,0.0025,0,0.01,0.0000,0.0000,0.0000,0,0,0,0,0,0,0
1945863000,49.8728105796,8.6511935846,145.2695,0.0025,0,0,0.0025,0,0.01,0.0000,0.0000,0.0000,0,0,0,0,0,0,0
1945963000,49.8728096489,8.6511919238,145.1201,0.0025,0,0,0.0025,0,0.01,0.0000,0.0000,0.0000,0,0,0,0,0,0,0
1946063000,49.8728085690,8.6511898386,145.0498,0.0025,0,0,0.0025,0,0.01,0.0000,0.0000,0.0000,0,0,0,0,0,0,0
1946163000,49.8728075989,8.6511875563,145.0566,0.0025,0,0,0.0025,0,0.01,0.0000,0.0000,0.0000,0,0,0,0,0,0,0
1946263000,49.8728068526,8.6511851246,145.1152,0.0025,0,0,0.0025,0,0.01,0.0000,0.0000,0.0000,0,0,0,0,0,0,0
1946363000,49.8728064399,8.6511829375,145.2246,0.0025,0,0,0.0025,0,0.01,0.0000,0.0000,0.0000,0,0,0,0,0,0,0
1946464000,49.8728063170,8.6511808047,145.3496,0.0025,0,0,0.0025,0,0.01,0.0000,0.0000,0.0000,0,0,0,0,0,0,0
1946563000,49.8728064268,8.6511795141,145.4355,0.0025,0,0,0.0025,0,0.01,0.0000,0.0000,0.0000,0,0,0,0,0,0,0
1946663000,49.8728066726,8.6511781420,145.5254,0.0025,0,0,0.0025,0,0.01,0.0000,0.0000,0.0000,0,0,0,0,0,0,0
1946763000,49.8728069667,8.6511770688,145.5947,0.0025,0,0,0.0025,0,0.01,0.0000,0.0000,0.0000,0,0,0,0,0,0,0
1946863000,49.8728073047,8.6511761587,145.6377,0.0025,0,0,0.0025,0,0.01,0.0000,0.0000,0.0000,0,0,0,0,0,0,0
1946963000,49.8728076515,8.6511753572,145.6436,0.0025,0,0,0.0025,0,0.01,0.0000,0.0000,0.0000,0,0,0,0,0,0,0
1947063000,49.8728078271,8.6511746643,145.6104,0.0025,0,0,0.0025,0,0.01,0.0000,0.0000,0.0000,0,0,0,0,0,0,0
1947163000,49.8728075857,8.6511741753,145.5352,0.0025,0,0,0.0025,0,0.01,0.0000,0.0000,0.0000,0,0,0,0,0,0,0
1947263000,49.8728070545,8.6511738900,145.4570,0.0025,0,0,0.0025,0,0.01,0.0000,0.0000,0.0000,0,0,0,0,0,0,0
1947363000,49.8728063214,8.6511737406,145.3926,0.0025,0,0,0.0025,0,0.01,0.0000,0.0000,0.0000,0,0,0,0,0,0,0
1947463000,49.8728055093,8.6511737677,145.3447,0.0025,0,0,0.0025,0,0.01,0.0000,0.0000,0.0000,0,0,0,0,0,0,0
1947563000,49.8728046620,8.6511739172,145.3076,0.0025,0,0,0.0025,0,0.01,0.0000,0.0000,0.0000,0,0,0,0,0,0,0
1947663000,49.8728038587,8.6511741889,145.2871,0.0025,0,0,0.0025,0,0.01,0.0000,0.0000,0.0000,0,0,0,0,0,0,0
1947763000,49.8728031453,8.6511744877,145.2725,0.0025,0,0,0.0025,0,0.01,0.0000,0.0000,0.0000,0,0,0,0,0,0,0
1947864000,49.8728025725,8.6511746915,145.2598,0.0025,0,0,0.0025,0,0.01,0.0000,0.0000,0.0000,0,0,0,0,0,0,0
1947963000,49.8728020117,8.6511748409,145.2363,0.0025,0,0,0.0025,0,0.01,0.0000,0.0000,0.0000,0,0,0,0,0,0,0
1948063000,49.8728014443,8.6511749768,145.2012,0.0025,0,0,0.0025,0,0.01,0.0000,0.0000,0.0000,0,0,0,0,0,0,0
1948163000,49.8728008955,8.6511750719,145.1602,0.0025,0,0,0.0025,0,0.01,0.0000,0.0000,0.0000,0,0,0,0,0,0,0
1948263000,49.8728004689,8.6511750719,145.1299,0.0025,0,0,0.0025,0,0.01,0.0000,0.0000,0.0000,0,0,0,0,0,0,0
1948367000,49.8728000562,8.6511749496,145.1172,0.0025,0,0,0.0025,0,0.01,0.0000,0.0000,0.0000,0,0,0,0,0,0,0
1948463000,49.8727996842,8.6511748681,145.0918,0.0025,0,0,0.0025,0,0.01,0.0000,0.0000,0.0000,0,0,0,0,0,0,0
1948563000,49.8727992488,8.6511747051,145.0518,0.0025,0,0,0.0025,0,0.01,0.0000,0.0000,0.0000,0,0,0,0,0,0,0
1948664000,49.8727987302,8.6511745421,144.9937,0.0025,0,0,0.0025,0,0.01,0.0000,0.0000,0.0000,0,0,0,0,0,0,0
1948763000,49.8727981332,8.6511743247,144.9131,0.0025,0,0,0.0025,0,0.01,0.0000,0.0000,0.0000,0,0,0,0,0,0,0
1948863000,49.8727974473,8.6511741074,144.8452,0.0025,0,0,0.0025,0,0.01,0.0000,0.0000,0.0000,0,0,0,0,0,0,0
1948963000,49.8727966681,8.6511741074,144.7881,0.0025,0,0,0.0025,0,0.01,0.0000,0.0000,0.0000,0,0,0,0,0,0,0
1949063000,49.8727958186,8.6511741345,144.7432,0.0025,0,0,0.0025,0,0.01,0.0000,0.0000,0.0000,0,0,0,0,0,0,0
1949163000,49.8727948551,8.6511743383,144.7065,0.0025,0,0,0.0025,0,0.01,0.0000,0.0000,0.0000,0,0,0,0,0,0,0
1949263000,49.8727939420,8.6511745964,144.6738,0.0025,0,0,0.0025,0,0.01,0.0000,0.0000,0.0000,0,0,0,0,0,0,0
1949363000,49.8727929323,8.6511750175,144.6401,0.0025,0,0,0.0025,0,0.01,0.0000,0.0000,0.0000,0,0,0,0,0,0,0
1949463000,49.8727918392,8.6511759277,144.6099,0.0025,0,0,0.0025,0,0.01,0.0000,0.0000,0.0000,0,0,0,0,0,0,0
1949563000,49.8727910095,8.6511767700,144.5742,0.0025,0,0,0.0025,0,0.01,0.0000,0.0000,0.0000,0,0,0,0,0,0,0
1949663000,49.8727900438,8.6511780062,144.5488,0.0025,0,0,0.0025,0,0.01,0.0000,0.0000,0.0000,0,0,0,0,0,0,0
1949763000,49.8727891482,8.6511795413,144.5337,0.0025,0,0,0.0025,0,0.01,0.0000,0.0000,0.0000,0,0,0,0,0,0,0
1949863000,49.8727882615,8.6511813209,144.5313,0.0025,0,0,0.0025,0,0.01,0.0000,0.0000,0.0000,0,0,0,0,0,0,0
1949963000,49.8727874274,8.6511831820,144.5410,0.0025,0,0,0.0025,0,0.01,0.0000,0.0000,0.0000,0,0,0,0,0,0,0
1950063000,49.8727868041,8.6511849345,144.5532,0.0025,0,0,0.0025,0,0.01,0.0000,0.0000,0.0000,0,0,0,0,0,0,0
1950163000,49.8727862948,8.6511866597,144.5527,0.0025,0,0,0.0025,0,0.01,0.0000,0.0000,0.0000,0,0,0,0,0,0,0
1950263000,49.8727858471,8.6511883714,144.5664,0.0025,0,0,0.0025,0,0.01,0.0000,0.0000,0.0000,0,0,0,0,0,0,0
1950363000,49.8727853642,8.6511901714,144.5806,0.0025,0,0,0.0025,0,0.01,0.0000,0.0000,0.0000,0,0,0,0,0,0,0
1950463000,49.8727848374,8.6511921344,144.5845,0.0025,0,0,0.0025,0,0.01,0.0000,0.0000,0.0000,0,0,0,0,0,0,0
1950563000,49.8727844335,8.6511943249,144.5898,0.0025,0,0,0.0025,0,0.01,0.0000,0.0000,0.0000,0,0,0,0,0,0,0
1950663000,49.8727841438,8.6511967023,144.6016,0.0025,0,0,0.0025,0,0.01,0.0000,0.0000,0.0000,0,0,0,0,0,0,0
1950763000,49.8727837926,8.6511993428,144.6069,0.0025,0,0,0.0025,0,0.01,0.0000,0.0000,0.0000,0,0,0,0,0,0,0
1950863000,49.8727837311,8.6512018356,144.6128,0.0025,0,0,0.0025,0,0.01,0.0000,0.0000,0.0000,0,0,0,0,0,0,0
1950963000,49.8727835995,8.6512045611,144.6255,0.0025,0,0,0.0025,0,0.01,0.0000,0.0000,0.0000,0,0,0,0,0,0,0
1951063000,49.8727836521,8.6512075328,144.6299,0.0025,0,0,0.0025,0,0.01,0.0000,0.0000,0.0000,0,0,0,0,0,0,0
1951163000,49.8727837487,8.6512100731,144.6416,0.0025,0,0,0.0025,0,0.01,0.0000,0.0000,0.0000,0,0,0,0,0,0,0
1951263000,49.8727841350,8.6512123825,144.6528,0.0025,0,0,0.0025,0,0.01,0.0000,0.0000,0.0000,0,0,0,0,0,0,0
1951363000,49.8727846179,8.6512144950,144.6724,0.0025,0,0,0.0025,0,0.01,0.0000,0.0000,0.0000,0,0,0,0,0,0,0
1951463000,49.8727849603,8.6512166550,144.6675,0.0025,0,0,0.0025,0,0.01,0.0000,0.0000,0.0000,0,0,0,0,0,0,0
1951563000,49.8727856100,8.6512187334,144.6504,0.0025,0,0,0.0025,0,0.01,0.0000,0.0000,0.0000,0,0,0,0,0,0,0
1951663000,49.8727865055,8.6512207032,144.6440,0.0025,0,0,0.0025,0,0.01,0.0000,0.0000,0.0000,0,0,0,0,0,0,0
1951763000,49.8727874450,8.6512223198,144.6475,0.0025,0,0,0.0025,0,0.01,0.0000,0.0000,0.0000,0,0,0,0,0,0,0
1951863000,49.8727885776,8.6512238142,144.6519,0.0025,0,0,0.0025,0,0.01,0.0000,0.0000,0.0000,0,0,0,0,0,0,0
1951963000,49.8727899735,8.6512255123,144.6538,0.0025,0,0,0.0025,0,0.01,0.0000,0.0000,0.0000,0,0,0,0,0,0,0
1952063000,49.8727914485,8.6512268707,144.6431,0.0025,0,0,0.0025,0,0.01,0.0000,0.0000,0.0000,0,0,0,0,0,0,0
1952163000,49.8727929894,8.6512276858,144.6372,0.0025,0,0,0.0025,0,0.01,0.0000,0.0000,0.0000,0,0,0,0,0,0,0
1952263000,49.8727945609,8.6512282292,144.6436,0.0025,0,0,0.0025,0,0.01,0.0000,0.0000,0.0000,0,0,0,0,0,0,0
1952363000,49.8727958406,8.6512283379,144.6665,0.0025,0,0,0.0025,0,0.01,0.0000,0.0000,0.0000,0,0,0,0,0,0,0
1952463000,49.8727973683,8.6512282836,144.6851,0.0025,0,0,0.0025,0,0.01,0.0000,0.0000,0.0000,0,0,0,0,0,0,0
1952563000,49.8727988729,8.6512280390,144.6870,0.0025,0,0,0.0025,0,0.01,0.0000,0.0000,0.0000,0,0,0,0,0,0,0
1952663000,49.8728003901,8.6512273462,144.6787,0.0025,0,0,0.0025,0,0.01,0.0000,0.0000,0.0000,0,0,0,0,0,0,0
1952763000,49.8728018317,8.6512262730,144.6846,0.0025,0,0,0.0025,0,0.01,0.0000,0.0000,0.0000,0,0,0,0,0,0,0
1952863000,49.8728030597,8.6512249010,144.6763,0.0025,0,0,0.0025,0,0.01,0.0000,0.0000,0.0000,0,0,0,0,0,0,0
1952963000,49.8728042604,8.6512231757,144.6597,0.0025,0,0,0.0025,0,0.01,0.0000,0.0000,0.0000,0,0,0,0,0,0,0
1953063000,49.8728052196,8.6512214912,144.6392,0.0025,0,0,0.0025,0,0.01,0.0000,0.0000,0.0000,0,0,0,0,0,0,0
1953163000,49.8728059570,8.6512197251,144.6191,0.0025,0,0,0.0025,0,0.01,0.0000,0.0000,0.0000,0,0,0,0,0,0,0
1953263000,49.8728064355,8.6512177553,144.6021,0.0025,0,0,0.0025,0,0.01,0.0000,0.0000,0.0000,0,0,0,0,0,0,0
1953363000,49.8728066638,8.6512159350,144.5654,0.0025,0,0,0.0025,0,0.01,0.0000,0.0000,0.0000,0,0,0,0,0,0,0
1953463000,49.8728066682,8.6512136527,144.5708,0.0025,0,0,0.0025,0,0.01,0.0000,0.0000,0.0000,0,0,0,0,0,0,0
1953563000,49.8728067823,8.6512109426,144.6123,0.0025,0,0,0.0025,0,0.01,0.0000,0.0000,0.0000,0,0,0,0,0,0,0
1953663000,49.8728070150,8.6512076550,144.6997,0.0025,0,0,0.0025,0,0.01,0.0000,0.0000,0.0000,0,0,0,0,0,0,0
1953763000,49.8728074277,8.6512038105,144.8579,0.0025,0,0,0.0025,0,0.01,0.0000,0.0000,0.0000,0,0,0,0,0,0,0
1953863000,49.8728078930,8.6511996629,145.1201,0.0025,0,0,0.0025,0,0.01,0.0000,0.0000,0.0000,0,0,0,0,0,0,0
1953963000,49.8728080949,8.6511966157,145.3438,0.0025,0,0,0.0025,0,0.01,0.0000,0.0000,0.0000,0,0,0,0,0,0,0
1954063000,49.8728080115,8.6511943215,145.5381,0.0025,0,0,0.0025,0,0.01,0.0000,0.0000,0.0000,0,0,0,0,0,0,0
1954163000,49.8728075681,8.6511920597,145.7217,0.0025,0,0,0.0025,0,0.01,0.0000,0.0000,0.0000,0,0,0,0,0,0,0
1954263000,49.8728067560,8.6511901782,145.8672,0.0025,0,0,0.0025,0,0.01,0.0000,0.0000,0.0000,0,0,0,0,0,0,0
1954363000,49.8728056102,8.6511885480,145.9404,0.0025,0,0,0.0025,0,0.01,0.0000,0.0000,0.0000,0,0,0,0,0,0,0
1954463000,49.8728042845,8.6511871420,145.9580,0.0025,0,0,0.0025,0,0.01,0.0000,0.0000,0.0000,0,0,0,0,0,0,0
1954563000,49.8728027459,8.6511856544,145.8975,0.0025,0,0,0.0025,0,0.01,0.0000,0.0000,0.0000,0,0,0,0,0,0,0
1954663000,49.8728011918,8.6511847714,145.7686,0.0025,0,0,0.0025,0,0.01,0.0000,0.0000,0.0000,0,0,0,0,0,0,0
1954766000,49.8727996403,8.6511844454,145.6230,0.0025,0,0,0.0025,0,0.01,0.0000,0.0000,0.0000,0,0,0,0,0,0,0
1954863000,49.8727979664,8.6511846220,145.4248,0.0025,0,0,0.0025,0,0.01,0.0000,0.0000,0.0000,0,0,0,0,0,0,0
1954963000,49.8727963981,8.6511856680,145.2207,0.0025,0,0,0.0025,0,0.01,0.0000,0.0000,0.0000,0,0,0,0,0,0,0
1955063000,49.8727948990,8.6511878348,145.0313,0.0025,0,0,0.0025,0,0.01,0.0000,0.0000,0.0000,0,0,0,0,0,0,0
1955166000,49.8727940210,8.6511906129,144.8701,0.0025,0,0,0.0025,0,0.01,0.0000,0.0000,0.0000,0,0,0,0,0,0,0
1955263000,49.8727936215,8.6511939853,144.7671,0.0025,0,0,0.0025,0,0.01,0.0000,0.0000,0.0000,0,0,0,0,0,0,0
1955363000,49.8727934196,8.6511971947,144.7725,0.0025,0,0,0.0025,0,0.01,0.0000,0.0000,0.0000,0,0,0,0,0,0,0
1955463000,49.8727933186,8.6511999763,144.8413,0.0025,0,0,0.0025,0,0.01,0.0000,0.0000,0.0000,0,0,0,0,0,0,0
1955563000,49.8727930816,8.6512024588,144.9717,0.0025,0,0,0.0025,0,0.01,0.0000,0.0000,0.0000,0,0,0,0,0,0,0
1955663000,49.8727928226,8.6512046596,145.1289,0.0025,0,0,0.0025,0,0.01,0.0000,0.0000,0.0000,0,0,0,0,0,0,0
1955763000,49.8727925504,8.6512064800,145.2793,0.0025,0,0,0.0025,0,0.01,0.0000,0.0000,0.0000,0,0,0,0,0,0,0
1955864000,49.8727922958,8.6512078656,145.4141,0.0025,0,0,0.0025,0,0.01,0.0000,0.0000,0.0000,0,0,0,0,0,0,0
1955963000,49.8727921553,8.6512092445,145.5693,0.0025,0,0,0.0025,0,0.01,0.0000,0.0000,0.0000,0,0,0,0,0,0,0
1956063000,49.8727920280,8.6512103924,145.6885,0.0025,0,0,0.0025,0,0.01,0.0000,0.0000,0.0000,0,0,0,0,0,0,0
1956163000,49.8727920807,8.6512114248,145.7891,0.0025,0,0,0.0025,0,0.01,0.0000,0.0000,0.0000,0,0,0,0,0,0,0
1956263000,49.8727921246,8.6512124369,145.8682,0.0025,0,0,0.0025,0,0.01,0.0000,0.0000,0.0000,0,0,0,0,0,0,0
1956363000,49.8727922651,8.6512134557,145.9150,0.0025,0,0,0.0025,0,0.01,0.0000,0.0000,0.0000,0,0,0,0,0,0,0
1956463000,49.8727923660,8.6512149569,145.9170,0.0025,0,0,0.0025,0,0.01,0.0000,0.0000,0.0000,0,0,0,0,0,0,0
1956563000,49.8727925592,8.6512163697,145.9072,0.0025,0,0,0.0025,0,0.01,0.0000,0.0000,0.0000,0,0,0,0,0,0,0
1956663000,49.8727927874,8.6512180270,145.8838,0.0025,0,0,0.0025,0,0.01,0.0000,0.0000,0.0000,0,0,0,0,0,0,0
1956763000,49.8727932045,8.6512196980,145.8467,0.0025,0,0,0.0025,0,0.01,0.0000,0.0000,0.0000,0,0,0,0,0,0,0
1956863000,49.8727937796,8.6512214504,145.8018,0.0025,0,0,0.0025,0,0.01,0.0000,0.0000,0.0000,0,0,0,0,0,0,0
1956963000,49.8727945346,8.6512229583,145.7480,0.0025,0,0,0.0025,0,0.01,0.0000,0.0000,0.0000,0,0,0,0,0,0,0
1957063000,49.8727955465,8.6512239636,145.6689,0.0025,0,0,0.0025,0,0.01,0.0000,0.0000,0.0000,0,0,0,0,0,0,0
1957163000,49.8727965627,8.6512247379,145.5908,0.0025,0,0,0.0025,0,0.01,0.0000,0.0000,0.0000,0,0,0,0,0,0,0
1957263000,49.8727976536,8.6512253221,145.4980,0.0025,0,0,0.0025,0,0.01,0.0000,0.0000,0.0000,0,0,0,0,0,0,0
1957363000,49.8727989256,8.6512256481,145.3789,0.0025,0,0,0.0025,0,0.01,0.0000,0.0000,0.0000,0,0,0,0,0,0,0
1957463000,49.8728004705,8.6512253628,145.2432,0.0025,0,0,0.0025,0,0.01,0.0000,0.0000,0.0000,0,0,0,0,0,0,0
1957563000,49.8728020545,8.6512245206,145.1357,0.0025,0,0,0.0025,0,0.01,0.0000,0.0000,0.0000,0,0,0,0,0,0,0
1957663000,49.8728036743,8.6512234474,145.0908,0.0025,0,0,0.0025,0,0.01,0.0000,0.0000,0.0000,0,0,0,0,0,0,0
1957763000,49.8728053161,8.6512222112,145.1289,0.0025,0,0,0.0025,0,0.01,0.0000,0.0000,0.0000,0,0,0,0,0,0,0
1957865000,49.8728069272,8.6512209885,145.2383,0.0025,0,0,0.0025,0,0.01,0.0000,0.0000,0.0000,0,0,0,0,0,0,0
1957963000,49.8728082837,8.6512197795,145.3779,0.0025,0,0,0.0025,0,0.01,0.0000,0.0000,0.0000,0,0,0,0,0,0,0
1958063000,49.8728093768,8.6512184618,145.5361,0.0025,0,0,0.0025,0,0.01,0.0000,0.0000,0.0000,0,0,0,0,0,0,0
1958163000,49.8728098596,8.6512173070,145.6670,0.0025,0,0,0.0025,0,0.01,0.0000,0.0000,0.0000,0,0,0,0,0,0,0
1958263000,49.8728100001,8.6512158535,145.7852,0.0025,0,0,0.0025,0,0.01,0.0000,0.0000,0.0000,0,0,0,0,0,0,0
1958363000,49.8728098948,8.6512143863,145.8574,0.0025,0,0,0.0025,0,0.01,0.0000,0.0000,0.0000,0,0,0,0,0,0,0
1958463000,49.8728093680,8.6512128784,145.8936,0.0025,0,0,0.0025,0,0.01,0.0000,0.0000,0.0000,0,0,0,0,0,0,0
1958563000,49.8728086963,8.6512116829,145.8779,0.0025,0,0,0.0025,0,0.01,0.0000,0.0000,0.0000,0,0,0,0,0,0,0
1958663000,49.8728078623,8.6512107999,145.8174,0.0025,0,0,0.0025,0,0.01,0.0000,0.0000,0.0000,0,0,0,0,0,0,0
1958763000,49.8728069009,8.6512100324,145.7178,0.0025,0,0,0.0025,0,0.01,0.0000,0.0000,0.0000,0,0,0,0,0,0,0
1958863000,49.8728058517,8.6512096045,145.5986,0.0025,0,0,0.0025,0,0.01,0.0000,0.0000,0.0000,0,0,0,0,0,0,0
1958963000,49.8728046840,8.6512097539,145.4551,0.0025,0,0,0.0025,0,0.01,0.0000,0.0000,0.0000,0,0,0,0,0,0,0
1959063000,49.8728033407,8.6512105690,145.2783,0.0025,0,0,0.0025,0,0.01,0.0000,0.0000,0.0000,0,0,0,0,0,0,0
1959165000,49.8728016045,8.6512126067,145.1133,0.0025,0,0,0.0025,0,0.01,0.0000,0.0000,0.0000,0,0,0,0,0,0,0
1959263000,49.8727994543,8.6512152286,144.9775,0.0025,0,0,0.0025,0,0.01,0.0000,0.0000,0.0000,0,0,0,0,0,0,0
1959363000,49.8727973156,8.6512183259,144.9131,0.0025,0,0,0.0025,0,0.01,0.0000,0.0000,0.0000,0,0,0,0,0,0,0
1959465000,49.8727952150,8.6512213553,144.8955,0.0025,0,0,0.0025,0,0.01,0.0000,0.0000,0.0000,0,0,0,0,0,0,0
1959563000,49.8727935864,8.6512236783,144.9712,0.0025,0,0,0.0025,0,0.01,0.0000,0.0000,0.0000,0,0,0,0,0,0,0
1959663000,49.8727921334,8.6512253764,145.0781,0.0025,0,0,0.0025,0,0.01,0.0000,0.0000,0.0000,0,0,0,0,0,0,0
1959763000,49.8727910271,8.6512260692,145.1729,0.0025,0,0,0.0025,0,0.01,0.0000,0.0000,0.0000,0,0,0,0,0,0,0
1959863000,49.8727898857,8.6512258791,145.2656,0.0025,0,0,0.0025,0,0.01,0.0000,0.0000,0.0000,0,0,0,0,0,0,0
1959963000,49.8727887532,8.6512251726,145.3496,0.0025,0,0,0.0025,0,0.01,0.0000,0.0000,0.0000,0,0,0,0,0,0,0
1960063000,49.8727876469,8.6512239772,145.4385,0.0025,0,0,0.0025,0,0.01,0.0000,0.0000,0.0000,0,0,0,0,0,0,0
1960163000,49.8727867338,8.6512224557,145.5195,0.0025,0,0,0.0025,0,0.01,0.0000,0.0000,0.0000,0,0,0,0,0,0,0
1960263000,49.8727861368,8.6512204723,145.5693,0.0025,0,0,0.0025,0,0.01,0.0000,0.0000,0.0000,0,0,0,0,0,0,0
1960363000,49.8727858997,8.6512182444,145.5928,0.0025,0,0,0.0025,0,0.01,0.0000,0.0000,0.0000,0,0,0,0,0,0,0
1960463000,49.8727861192,8.6512159757,145.5723,0.0025,0,0,0.0025,0,0.01,0.0000,0.0000,0.0000,0,0,0,0,0,0,0
1960563000,49.8727867250,8.6512136052,145.5020,0.0025,0,0,0.0025,0,0.01,0.0000,0.0000,0.0000,0,0,0,0,0,0,0
1960665000,49.8727878313,8.6512112346,145.3984,0.0025,0,0,0.0025,0,0.01,0.0000,0.0000,0.0000,0,0,0,0,0,0,0
1960765000,49.8727893326,8.6512097403,145.2578,0.0025,0,0,0.0025,0,0.01,0.0000,0.0000,0.0000,0,0,0,0,0,0,0
1960864000,49.8727912466,8.6512092309,145.1074,0.0025,0,0,0.0025,0,0.01,0.0000,0.0000,0.0000,0,0,0,0,0,0,0
1960965000,49.8727932484,8.6512097607,145.0059,0.0025,0,0,0.0025,0,0.01,0.0000,0.0000,0.0000,0,0,0,0,0,0,0
1961063000,49.8727953336,8.6512109765,144.9810,0.0025,0,0,0.0025,0,0.01,0.0000,0.0000,0.0000,0,0,0,0,0,0,0
1961163000,49.8727972827,8.6512120158,145.0225,0.0025,0,0,0.0025,0,0.01,0.0000,0.0000,0.0000,0,0,0,0,0,0,0
1961263000,49.8727990364,8.6512131433,145.1045,0.0025,0,0,0.0025,0,0.01,0.0000,0.0000,0.0000,0,0,0,0,0,0,0
1961363000,49.8728004700,8.6512129395,145.2393,0.0025,0,0,0.0025,0,0.01,0.0000,0.0000,0.0000,0,0,0,0,0,0,0
1961463000,49.8728017483,8.6512122399,145.4395,0.0025,0,0,0.0025,0,0.01,0.0000,0.0000,0.0000,0,0,0,0,0,0,0
1961563000,49.8728025308,8.6512112618,145.6260,0.0025,0,0,0.0025,0,0.01,0.0000,0.0000,0.0000,0,0,0,0,0,0,0
1961663000,49.8728030905,8.6512096384,145.7891,0.0025,0,0,0.0025,0,0.01,0.0000,0.0000,0.0000,0,0,0,0,0,0,0
1961763000,49.8728033802,8.6512076007,145.8916,0.0025,0,0,0.0025,0,0.01,0.0000,0.0000,0.0000,0,0,0,0,0,0,0
1961863000,49.8728035097,8.6512053660,145.9492,0.0025,0,0,0.0025,0,0.01,0.0000,0.0000,0.0000,0,0,0,0,0,0,0
1961963000,49.8728034417,8.6512028902,145.9531,0.0025,0,0,0.0025,0,0.01,0.0000,0.0000,0.0000,0,0,0,0,0,0,0
1962063000,49.8728034768,8.6512003256,145.9004,0.0025,0,0,0.0025,0,0.01,0.0000,0.0000,0.0000,0,0,0,0,0,0,0
1962163000,49.8728034856,8.6511981525,145.7988,0.0025,0,0,0.0025,0,0.01,0.0000,0.0000,0.0000,0,0,0,0,0,0,0
1962266000,49.8728032463,8.6511958702,145.6367,0.0025,0,0,0.0025,0,0.01,0.0000,0.0000,0.0000,0,0,0,0,0,0,0
1962363000,49.8728026032,8.6511939921,145.4375,0.0025,0,0,0.0025,0,0.01,0.0000,0.0000,0.0000,0,0,0,0,0,0,0
1962463000,49.8728015551,8.6511927661,145.2227,0.0025,0,0,0.0025,0,0.01,0.0000,0.0000,0.0000,0,0,0,0,0,0,0
1962563000,49.8728001417,8.6511923246,145.0488,0.0025,0,0,0.0025,0,0.01,0.0000,0.0000,0.0000,0,0,0,0,0,0,0
1962663000,49.8727982869,8.6511924061,144.9375,0.0025,0,0,0.0025,0,0.01,0.0000,0.0000,0.0000,0,0,0,0,0,0,0
1962763000,49.8727966703,8.6511929970,144.9375,0.0025,0,0,0.0025,0,0.01,0.0000,0.0000,0.0000,0,0,0,0,0,0,0
1962864000,49.8727956145,8.6511934827,145.0264,0.0025,0,0,0.0025,0,0.01,0.0000,0.0000,0.0000,0,0,0,0,0,0,0
1962963000,49.8727951580,8.6511934555,145.1660,0.0025,0,0,0.0025,0,0.01,0.0000,0.0000,0.0000,0,0,0,0,0,0,0
1963063000,49.8727952107,8.6511928272,145.3213,0.0025,0,0,0.0025,0,0.01,0.0000,0.0000,0.0000,0,0,0,0,0,0,0
1963163000,49.8727956891,8.6511919374,145.4463,0.0025,0,0,0.0025,0,0.01,0.0000,0.0000,0.0000,0,0,0,0,0,0,0
1963263000,49.8727963696,8.6511910544,145.5313,0.0025,0,0,0.0025,0,0.01,0.0000,0.0000,0.0000,0,0,0,0,0,0,0
1963363000,49.8727970873,8.6511901171,145.5713,0.0025,0,0,0.0025,0,0.01,0.0000,0.0000,0.0000,0,0,0,0,0,0,0
1963463000,49.8727977348,8.6511891797,145.5889,0.0025,0,0,0.0025,0,0.01,0.0000,0.0000,0.0000,0,0,0,0,0,0,0
1963563000,49.8727982858,8.6511881337,145.5801,0.0025,0,0,0.0025,0,0.01,0.0000,0.0000,0.0000,0,0,0,0,0,0,0
1963663000,49.8727986655,8.6511872846,145.5645,0.0025,0,0,0.0025,0,0.01,0.0000,0.0000,0.0000,0,0,0,0,0,0,0
1963763000,49.8727989980,8.6511862861,145.5449,0.0025,0,0,0.0025,0,0.01,0.0000,0.0000,0.0000,0,0,0,0,0,0,0
1963863000,49.8727993207,8.6511853148,145.5254,0.0025,0,0,0.0025,0,0.01,0.0000,0.0000,0.0000,0,0,0,0,0,0,0
1963963000,49.8727995437,8.6511844862,145.5156,0.0025,0,0,0.0025,0,0.01,0.0000,0.0000,0.0000,0,0,0,0,0,0,0
1964063000,49.8727996118,8.6511838069,145.4980,0.0025,0,0,0.0025,0,0.01,0.0000,0.0000,0.0000,0,0,0,0,0,0,0
1964165000,49.8727994183,8.6511831548,145.4824,0.0025,0,0,0.0025,0,0.01,0.0000,0.0000,0.0000,0,0,0,0,0,0,0
1964264000,49.8727989848,8.6511826522,145.4697,0.0025,0,0,0.0025,0,0.01,0.0000,0.0000,0.0000,0,0,0,0,0,0,0
1964363000,49.8727983527,8.6511823262,145.4590,0.0025,0,0,0.0025,0,0.01,0.0000,0.0000,0.0000,0,0,0,0,0,0,0
1964463000,49.8727976382,8.6511821767,145.4561,0.0025,0,0,0.0025,0,0.01,0.0000,0.0000,0.0000,0,0,0,0,0,0,0
1964563000,49.8727968130,8.6511822447,145.4473,0.0025,0,0,0.0025,0,0.01,0.0000,0.0000,0.0000,0,0,0,0,0,0,0
1964663000,49.8727959723,8.6511827745,145.4346,0.0025,0,0,0.0025,0,0.01,0.0000,0.0000,0.0000,0,0,0,0,0,0,0
1964763000,49.8727954609,8.6511834265,145.4375,0.0025,0,0,0.0025,0,0.01,0.0000,0.0000,0.0000,0,0,0,0,0,0,0
1964863000,49.8727951711,8.6511842688,145.4385,0.0025,0,0,0.0025,0,0.01,0.0000,0.0000,0.0000,0,0,0,0,0,0,0
1964963000,49.8727950658,8.6511852741,145.4229,0.0025,0,0,0.0025,0,0.01,0.0000,0.0000,0.0000,0,0,0,0,0,0,0
1965063000,49.8727952107,8.6511863065,145.3896,0.0025,0,0,0.0025,0,0.01,0.0000,0.0000,0.0000,0,0,0,0,0,0,0
1965163000,49.8727955267,8.6511872642,145.3652,0.0025,0,0,0.0025,0,0.01,0.0000,0.0000,0.0000,0,0,0,0,0,0,0
1965263000,49.8727959372,8.6511882356,145.3447,0.0025,0,0,0.0025,0,0.01,0.0000,0.0000,0.0000,0,0,0,0,0,0,0
1965363000,49.8727964662,8.6511892205,145.3359,0.0025,0,0,0.0025,0,0.01,0.0000,0.0000,0.0000,0,0,0,0,0,0,0
1965463000,49.8727969995,8.6511900220,145.3164,0.0025,0,0,0.0025,0,0.01,0.0000,0.0000,0.0000,0,0,0,0,0,0,0
1965563000,49.8727976207,8.6511907148,145.2959,0.0025,0,0,0.0025,0,0.01,0.0000,0.0000,0.0000,0,0,0,0,0,0,0
1965663000,49.8727983977,8.6511913736,145.2676,0.0025,0,0,0.0025,0,0.01,0.0000,0.0000,0.0000,0,0,0,0,0,0,0
1965763000,49.8727991599,8.6511921276,145.2334,0.0025,0,0,0.0025,0,0.01,0.0000,0.0000,0.0000,0,0,0,0,0,0,0
1965863000,49.8727998304,8.6511929970,145.2031,0.0025,0,0,0.0025,0,0.01,0.0000,0.0000,0.0000,0,0,0,0,0,0,0
1965963000,49.8728003043,8.6511938087,145.1797,0.0025,0,0,0.0025,0,0.01,0.0000,0.0000,0.0000,0,0,0,0,0,0,0
1966063000,49.8728009828,8.6511949057,145.1504,0.0025,0,0,0.0025,0,0.01,0.0000,0.0000,0.0000,0,0,0,0,0,0,0
1966163000,49.8728014838,8.6511960978,145.1318,0.0025,0,0,0.0025,0,0.01,0.0000,0.0000,0.0000,0,0,0,0,0,0,0
1966263000,49.8728018734,8.6511973459,145.1348,0.0025,0,0,0.0025,0,0.01,0.0000,0.0000,0.0000,0,0,0,0,0,0,0
1966363000,49.8728021225,8.6511987077,145.1309,0.0025,0,0,0.0025,0,0.01,0.0000,0.0000,0.0000,0,0,0,0,0,0,0
1966463000,49.8728022740,8.6512001088,145.1328,0.0025,0,0,0.0025,0,0.01,0.0000,0.0000,0.0000,0,0,0,0,0,0,0
1966563000,49.8728023508,8.6512015690,145.1543,0.0025,0,0,0.0025,0,0.01,0.0000,0.0000,0.0000,0,0,0,0,0,0,0
1966663000,49.8728023530,8.6512029462,145.1768,0.0025,0,0,0.0025,0,0.01,0.0000,0.0000,0.0000,0,0,0,0,0,0,0
1966763000,49.8728022652,8.6512042419,145.2168,0.0025,0,0,0.0025,0,0.01,0.0000,0.0000,0.0000,0,0,0,0,0,0,0
1966863000,49.8728020720,8.6512054849,145.2373,0.0025,0,0,0.0025,0,0.01,0.0000,0.0000,0.0000,0,0,0,0,0,0,0
1966963000,49.8728017241,8.6512063781,145.2803,0.0025,0,0,0.0025,0,0.01,0.0000,0.0000,0.0000,0,0,0,0,0,0,0
1967063000,49.8728013071,8.6512071049,145.3184,0.0025,0,0,0.0025,0,0.01,0.0000,0.0000,0.0000,0,0,0,0,0,0,0
1967163000,49.8728007441,8.6512076958,145.3281,0.0025,0,0,0.0025,0,0.01,0.0000,0.0000,0.0000,0,0,0,0,0,0,0
1967263000,49.8728000101,8.6512079947,145.3369,0.0025,0,0,0.0025,0,0.01,0.0000,0.0000,0.0000,0,0,0,0,0,0,0
1967363000,49.8727991143,8.6512079947,145.3457,0.0025,0,0,0.0025,0,0.01,0.0000,0.0000,0.0000,0,0,0,0,0,0,0
1967463000,49.8727980761,8.6512076347,145.3477,0.0025,0,0,0.0025,0,0.01,0.0000,0.0000,0.0000,0,0,0,0,0,0,0
1967563000,49.8727971861,8.6512068162,145.3389,0.0025,0,0,0.0025,0,0.01,0.0000,0.0000,0.0000,0,0,0,0,0,0,0
1967663000,49.8727965320,8.6512056649,145.3408,0.0025,0,0,0.0025,0,0.01,0.0000,0.0000,0.0000,0,0,0,0,0,0,0
1967765000,49.8727960842,8.6512042792,145.3174,0.0025,0,0,0.0025,0,0.01,0.0000,0.0000,0.0000,0,0,0,0,0,0,0
1967863000,49.8727956518,8.6512027322,145.2793,0.0025,0,0,0.0025,0,0.01,0.0000,0.0000,0.0000,0,0,0,0,0,0,0
1967963000,49.8727953731,8.6512011997,145.2441,0.0025,0,0,0.0025,0,0.01,0.0000,0.0000,0.0000,0,0,0,0,0,0,0
1968063000,49.8727951668,8.6511997391,145.2285,0.0025,0,0,0.0025,0,0.01,0.0000,0.0000,0.0000,0,0,0,0,0,0,0
1968163000,49.8727949297,8.6511982510,145.1982,0.0025,0,0,0.0025,0,0.01,0.0000,0.0000,0.0000,0,0,0,0,0,0,0
1968263000,49.8727947761,8.6511968619,145.1748,0.0025,0,0,0.0025,0,0.01,0.0000,0.0000,0.0000,0,0,0,0,0,0,0
1968363000,49.8727947541,8.6511956529,145.1563,0.0025,0,0,0.0025,0,0.01,0.0000,0.0000,0.0000,0,0,0,0,0,0,0
1968463000,49.8727948595,8.6511947800,145.1455,0.0025,0,0,0.0025,0,0.01,0.0000,0.0000,0.0000,0,0,0,0,0,0,0
1968563000,49.8727951404,8.6511940634,145.1240,0.0025,0,0,0.0025,0,0.01,0.0000,0.0000,0.0000,0,0,0,0,0,0,0
1968663000,49.8727955794,8.6511934555,145.1074,0.0025,0,0,0.0025,0,0.01,0.0000,0.0000,0.0000,0,0,0,0,0,0,0
1968763000,49.8727960052,8.6511928340,145.0801,0.0025,0,0,0.0025,0,0.01,0.0000,0.0000,0.0000,0,0,0,0,0,0,0
1968863000,49.8727962620,8.6511920529,145.0557,0.0025,0,0,0.0025,0,0.01,0.0000,0.0000,0.0000,0,0,0,0,0,0,0
1968966000,49.8727963608,8.6511911767,145.0439,0.0025,0,0,0.0025,0,0.01,0.0000,0.0000,0.0000,0,0,0,0,0,0,0
1969065000,49.8727963915,8.6511904906,145.0352,0.0025,0,0,0.0025,0,0.01,0.0000,0.0000,0.0000,0,0,0,0,0,0,0
1969163000,49.8727963169,8.6511898589,145.0176,0.0025,0,0,0.0025,0,0.01,0.0000,0.0000,0.0000,0,0,0,0,0,0,0
1969263000,49.8727962796,8.6511893291,144.9849,0.0025,0,0,0.0025,0,0.01,0.0000,0.0000,0.0000,0,0,0,0,0,0,0
1969367000,49.8727961830,8.6511887178,144.9263,0.0025,0,0,0.0025,0,0.01,0.0000,0.0000,0.0000,0,0,0,0,0,0,0
1969463000,49.8727960886,8.6511881744,144.8374,0.0025,0,0,0.0025,0,0.01,0.0000,0.0000,0.0000,0,0,0,0,0,0,0
1969563000,49.8727959174,8.6511877465,144.7266,0.0025,0,0,0.0025,0,0.01,0.0000,0.0000,0.0000,0,0,0,0,0,0,0
1969663000,49.8727956716,8.6511872099,144.6196,0.0025,0,0,0.0025,0,0.01,0.0000,0.0000,0.0000,0,0,0,0,0,0,0
1969763000,49.8727954345,8.6511867412,144.5176,0.0025,0,0,0.0025,0,0.01,0.0000,0.0000,0.0000,0,0,0,0,0,0,0
1969863000,49.8727952721,8.6511862522,144.3953,0.0025,0,0,0.0025,0,0.01,0.0000,0.0000,0.0000,0,0,0,0,0,0,0
1969963000,49.8727952633,8.6511856952,144.2668,0.0025,0,0,0.0025,0,0.01,0.0000,0.0000,0.0000,0,0,0,0,0,0,0
1970063000,49.8727953862,8.6511850024,144.1702,0.0025,0,0,0.0025,0,0.01,0.0000,0.0000,0.0000,0,0,0,0,0,0,0
1970163000,49.8727954565,8.6511842824,144.0935,0.0025,0,0,0.0025,0,0.01,0.0000,0.0000,0.0000,0,0,0,0,0,0,0
1970263000,49.8727955948,8.6511838069,144.0479,0.0025,0,0,0.0025,0,0.01,0.0000,0.0000,0.0000,0,0,0,0,0,0,0
1970363000,49.8727956518,8.6511835896,144.0236,0.0025,0,0,0.0025,0,0.01,0.0000,0.0000,0.0000,0,0,0,0,0,0,0
1970463000,49.8727956123,8.6511834945,144.0286,0.0025,0,0,0.0025,0,0.01,0.0000,0.0000,0.0000,0,0,0,0,0,0,0
1970563000,49.8727956233,8.6511835760,144.0269,0.0025,0,0,0.0025,0,0.01,0.0000,0.0000,0.0000,0,0,0,0,0,0,0
1970663000,49.8727956233,8.6511836303,144.0307,0.0025,0,0,0.0025,0,0.01,0.0000,0.0000,0.0000,0,0,0,0,0,0,0
1970763000,49.8727956189,8.6511834809,144.0244,0.0025,0,0,0.0025,0,0.01,0.0000,0.0000,0.0000,0,0,0,0,0,0,0
1970863000,49.8727956255,8.6511834809,144.0252,0.0025,0,0,0.0025,0,0.01,0.0000,0.0000,0.0000,0,0,0,0,0,0,0
1970963000,49.8727955992,8.6511834945,144.0118,0.0025,0,0,0.0025,0,0.01,0.0000,0.0000,0.0000,0,0,0,0,0,0,0
1971063000,49.8727956014,8.6511834945,144.0094,0.0025,0,0,0.0025,0,0.01,0.0000,0.0000,0.0000,0,0,0,0,0,0,0
1971163000,49.8727956101,8.6511835216,144.0119,0.0025,0,0,0.0025,0,0.01,0.0000,0.0000,0.0000,0,0,0,0,0,0,0
1971263000,49.8727955728,8.6511835896,143.9947,0.0025,0,0,0.0025,0,0.01,0.0000,0.0000,0.0000,0,0,0,0,0,0,0
1971363000,49.8727955531,8.6511836167,143.9886,0.0025,0,0,0.0025,0,0.01,0.0000,0.0000,0.0000,0,0,0,0,0,0,0
1971463000,49.8727955465,8.6511836167,143.9869,0.0025,0,0,0.0025,0,0.01,0.0000,0.0000,0.0000,0,0,0,0,0,0,0
1971563000,49.8727955355,8.6511836439,143.9827,0.0025,0,0,0.0025,0,0.01,0.0000,0.0000,0.0000,0,0,0,0,0,0,0
1971663000,49.8727955860,8.6511834673,143.9929,0.0025,0,0,0.0025,0,0.01,0.0000,0.0000,0.0000,0,0,0,0,0,0,0
1971763000,49.8727955904,8.6511834809,143.9898,0.0025,0,0,0.0025,0,0.01,0.0000,0.0000,0.0000,0,0,0,0,0,0,0
1971865000,49.8727955465,8.6511835624,143.9940,0.0025,0,0,0.0025,0,0.01,0.0000,0.0000,0.0000,0,0,0,0,0,0,0
1971964000,49.8727955772,8.6511834945,144.0043,0.0025,0,0,0.0025,0,0.01,0.0000,0.0000,0.0000,0,0,0,0,0,0,0
1972063000,49.8727955926,8.6511834537,144.0107,0.0025,0,0,0.0025,0,0.01,0.0000,0.0000,0.0000,0,0,0,0,0,0,0
1972163000,49.8727955882,8.6511835080,144.0068,0.0025,0,0,0.0025,0,0.01,0.0000,0.0000,0.0000,0,0,0,0,0,0,0
1972263000,49.8727956123,8.6511835896,144.0060,0.0025,0,0,0.0025,0,0.01,0.0000,0.0000,0.0000,0,0,0,0,0,0,0
1972363000,49.8727955684,8.6511836031,143.9945,0.0025,0,0,0.0025,0,0.01,0.0000,0.0000,0.0000,0,0,0,0,0,0,0
1972463000,49.8727955465,8.6511836303,143.9905,0.0025,0,0,0.0025,0,0.01,0.0000,0.0000,0.0000,0,0,0,0,0,0,0
1972563000,49.8727955245,8.6511836575,143.9864,0.0025,0,0,0.0025,0,0.01,0.0000,0.0000,0.0000,0,0,0,0,0,0,0
1972663000,49.8727955750,8.6511835216,143.9953,0.0025,0,0,0.0025,0,0.01,0.0000,0.0000,0.0000,0,0,0,0,0,0,0
1972763000,49.8727955816,8.6511834945,143.9944,0.0025,0,0,0.0025,0,0.01,0.0000,0.0000,0.0000,0,0,0,0,0,0,0
1972863000,49.8727955575,8.6511835488,143.9936,0.0025,0,0,0.0025,0,0.01,0.0000,0.0000,0.0000,0,0,0,0,0,0,0
1972963000,49.8727955509,8.6511835624,143.9922,0.0025,0,0,0.0025,0,0.01,0.0000,0.0000,0.0000,0,0,0,0,0,0,0
1973063000,49.8727955860,8.6511834945,144.0020,0.0025,0,0,0.0025,0,0.01,0.0000,0.0000,0.0000,0,0,0,0,0,0,0
1973163000,49.8727955860,8.6511835080,143.9969,0.0025,0,0,0.0025,0,0.01,0.0000,0.0000,0.0000,0,0,0,0,0,0,0
1973263000,49.8727955838,8.6511835080,144.0004,0.0025,0,0,0.0025,0,0.01,0.0000,0.0000,0.0000,0,0,0,0,0,0,0
1973363000,49.8727955882,8.6511835080,144.0022,0.0025,0,0,0.0025,0,0.01,0.0000,0.0000,0.0000,0,0,0,0,0,0,0
1973463000,49.8727955926,8.6511835080,144.0016,0.0025,0,0,0.0025,0,0.01,0.0000,0.0000,0.0000,0,0,0,0,0,0,0
1973563000,49.8727955662,8.6511835352,144.0005,0.0025,0,0,0.0025,0,0.01,0.0000,0.0000,0.0000,0,0,0,0,0,0,0
1973663000,49.8727955816,8.6511835216,143.9956,0.0025,0,0,0.0025,0,0.01,0.0000,0.0000,0.0000,0,0,0,0,0,0,0
1973763000,49.8727955904,8.6511834945,143.9959,0.0025,0,0,0.0025,0,0.01,0.0000,0.0000,0.0000,0,0,0,0,0,0,0
1973863000,49.8727955926,8.6511834673,144.0010,0.0025,0,0,0.0025,0,0.01,0.0000,0.0000,0.0000,0,0,0,0,0,0,0
1973963000,49.8727956211,8.6511835624,144.0068,0.0025,0,0,0.0025,0,0.01,0.0000,0.0000,0.0000,0,0,0,0,0,0,0
1974063000,49.8727955838,8.6511835624,144.0025,0.0025,0,0,0.0025,0,0.01,0.0000,0.0000,0.0000,0,0,0,0,0,0,0
1974163000,49.8727956101,8.6511835624,144.0038,0.0025,0,0,0.0025,0,0.01,0.0000,0.0000,0.0000,0,0,0,0,0,0,0
1974263000,49.8727955750,8.6511835216,144.0045,0.0025,0,0,0.0025,0,0.01,0.0000,0.0000,0.0000,0,0,0,0,0,0,0
1974363000,49.8727955838,8.6511834945,144.0032,0.0025,0,0,0.0025,0,0.01,0.0000,0.0000,0.0000,0,0,0,0,0,0,0
1974463000,49.8727955794,8.6511835080,143.9947,0.0025,0,0,0.0025,0,0.01,0.0000,0.0000,0.0000,0,0,0,0,0,0,0
1974563000,49.8727955838,8.6511834945,143.9933,0.0025,0,0,0.0025,0,0.01,0.0000,0.0000,0.0000,0,0,0,0,0,0,0
1974663000,49.8727955838,8.6511834945,143.9895,0.0025,0,0,0.0025,0,0.01,0.0000,0.0000,0.0000,0,0,0,0,0,0,0
1974766000,49.8727956431,8.6511835624,144.0050,0.0025,0,0,0.0025,0,0.01,0.0000,0.0000,0.0000,0,0,0,0,0,0,0
1974863000,49.8727956760,8.6511835760,144.0094,0.0025,0,0,0.0025,0,0.01,0.0000,0.0000,0.0000,0,0,0,0,0,0,0
1974963000,49.8727957155,8.6511836031,144.0144,0.0025,0,0,0.0025,0,0.01,0.0000,0.0000,0.0000,0,0,0,0,0,0,0
1975063000,49.8727956650,8.6511834537,144.0270,0.0025,0,0,0.0025,0,0.01,0.0000,0.0000,0.0000,0,0,0,0,0,0,0
1975163000,49.8727955377,8.6511835760,143.9975,0.0025,0,0,0.0025,0,0.01,0.0000,0.0000,0.0000,0,0,0,0,0,0,0
1975263000,49.8727956035,8.6511835488,144.0038,0.0025,0,0,0.0025,0,0.01,0.0000,0.0000,0.0000,0,0,0,0,0,0,0
1975363000,49.8727955706,8.6511835352,144.0013,0.0025,0,0,0.0025,0,0.01,0.0000,0.0000,0.0000,0,0,0,0,0,0,0
1975463000,49.8727955618,8.6511835488,143.9975,0.0025,0,0,0.0025,0,0.01,0.0000,0.0000,0.0000,0,0,0,0,0,0,0
1975563000,49.8727955838,8.6511835080,143.9959,0.0025,0,0,0.0025,0,0.01,0.0000,0.0000,0.0000,0,0,0,0,0,0,0
1975663000,49.8727955838,8.6511835080,143.9911,0.0025,0,0,0.0025,0,0.01,0.0000,0.0000,0.0000,0,0,0,0,0,0,0
1975763000,49.8727955487,8.6511835624,143.9910,0.0025,0,0,0.0025,0,0.01,0.0000,0.0000,0.0000,0,0,0,0,0,0,0
1975863000,49.8727956014,8.6511835488,144.0023,0.0025,0,0,0.0025,0,0.01,0.0000,0.0000,0.0000,0,0,0,0,0,0,0
1975963000,49.8727955904,8.6511835216,144.0036,0.0025,0,0,0.0025,0,0.01,0.0000,0.0000,0.0000,0,0,0,0,0,0,0
1976063000,49.8727955728,8.6511835624,143.9951,0.0025,0,0,0.0025,0,0.01,0.0000,0.0000,0.0000,0,0,0,0,0,0,0
1976163000,49.8727956255,8.6511835624,144.0005,0.0025,0,0,0.0025,0,0.01,0.0000,0.0000,0.0000,0,0,0,0,0,0,0
1976263000,49.8727956409,8.6511835760,144.0054,0.0025,0,0,0.0025,0,0.01,0.0000,0.0000,0.0000,0,0,0,0,0,0,0
1976363000,49.8727956035,8.6511835080,144.0119,0.0025,0,0,0.0025,0,0.01,0.0000,0.0000,0.0000,0,0,0,0,0,0,0
1976463000,49.8727955794,8.6511835352,144.0008,0.0025,0,0,0.0025,0,0.01,0.0000,0.0000,0.0000,0,0,0,0,0,0,0
1976564000,49.8727955772,8.6511835896,143.9949,0.0025,0,0,0.0025,0,0.01,0.0000,0.0000,0.0000,0,0,0,0,0,0,0
1976663000,49.8727955618,8.6511835216,143.9992,0.0025,0,0,0.0025,0,0.01,0.0000,0.0000,0.0000,0,0,0,0,0,0,0
1976763000,49.8727955772,8.6511834945,143.9981,0.0025,0,0,0.0025,0,0.01,0.0000,0.0000,0.0000,0,0,0,0,0,0,0
1976863000,49.8727955553,8.6511835352,143.9964,0.0025,0,0,0.0025,0,0.01,0.0000,0.0000,0.0000,0,0,0,0,0,0,0
1976963000,49.8727955553,8.6511835488,143.9964,0.0025,0,0,0.0025,0,0.01,0.0000,0.0000,0.0000,0,0,0,0,0,0,0
1977063000,49.8727955399,8.6511835624,143.9969,0.0025,0,0,0.0025,0,0.01,0.0000,0.0000,0.0000,0,0,0,0,0,0,0
1977163000,49.8727955267,8.6511835760,143.9959,0.0025,0,0,0.0025,0,0.01,0.0000,0.0000,0.0000,0,0,0,0,0,0,0
1977263000,49.8727955882,8.6511834945,144.0041,0.0025,0,0,0.0025,0,0.01,0.0000,0.0000,0.0000,0,0,0,0,0,0,0
1977363000,49.8727955970,8.6511834945,143.9973,0.0025,0,0,0.0025,0,0.01,0.0000,0.0000,0.0000,0,0,0,0,0,0,0
1977463000,49.8727955970,8.6511834809,143.9943,0.0025,0,0,0.0025,0,0.01,0.0000,0.0000,0.0000,0,0,0,0,0,0,0
1977563000,49.8727955904,8.6511834945,143.9905,0.0025,0,0,0.0025,0,0.01,0.0000,0.0000,0.0000,0,0,0,0,0,0,0
1977663000,49.8727955838,8.6511834945,143.9842,0.0025,0,0,0.0025,0,0.01,0.0000,0.0000,0.0000,0,0,0,0,0,0,0
1977763000,49.8727955838,8.6511834809,143.9816,0.0025,0,0,0.0025,0,0.01,0.0000,0.0000,0.0000,0,0,0,0,0,0,0
1977863000,49.8727955904,8.6511834537,143.9804,0.0025,0,0,0.0025,0,0.01,0.0000,0.0000,0.0000,0,0,0,0,0,0,0
1977963000,49.8727955904,8.6511834401,143.9781,0.0025,0,0,0.0025,0,0.01,0.0000,0.0000,0.0000,0,0,0,0,0,0,0
1978063000,49.8727955816,8.6511834809,143.9919,0.0025,0,0,0.0025,0,0.01,0.0000,0.0000,0.0000,0,0,0,0,0,0,0
1978163000,49.8727955838,8.6511834809,143.9926,0.0025,0,0,0.0025,0,0.01,0.0000,0.0000,0.0000,0,0,0,0,0,0,0
1978263000,49.8727955838,8.6511834809,143.9946,0.0025,0,0,0.0025,0,0.01,0.0000,0.0000,0.0000,0,0,0,0,0,0,0
1978363000,49.8727955662,8.6511835488,143.9983,0.0025,0,0,0.0025,0,0.01,0.0000,0.0000,0.0000,0,0,0,0,0,0,0
1978463000,49.8727955465,8.6511835896,143.9950,0.0025,0,0,0.0025,0,0.01,0.0000,0.0000,0.0000,0,0,0,0,0,0,0
1978563000,49.8727955882,8.6511835352,144.0025,0.0025,0,0,0.0025,0,0.01,0.0000,0.0000,0.0000,0,0,0,0,0,0,0
1978663000,49.8727956123,8.6511835080,144.0098,0.0025,0,0,0.0025,0,0.01,0.0000,0.0000,0.0000,0,0,0,0,0,0,0
1978763000,49.8727956057,8.6511835080,144.0076,0.0025,0,0,0.0025,0,0.01,0.0000,0.0000,0.0000,0,0,0,0,0,0,0
1978863000,49.8727955794,8.6511835352,143.9961,0.0025,0,0,0.0025,0,0.01,0.0000,0.0000,0.0000,0,0,0,0,0,0,0
1978963000,49.8727955531,8.6511835488,143.9955,0.0025,0,0,0.0025,0,0.01,0.0000,0.0000,0.0000,0,0,0,0,0,0,0
1979063000,49.8727956189,8.6511835624,144.0003,0.0025,0,0,0.0025,0,0.01,0.0000,0.0000,0.0000,0,0,0,0,0,0,0
1979163000,49.8727956123,8.6511835624,144.0022,0.0025,0,0,0.0025,0,0.01,0.0000,0.0000,0.0000,0,0,0,0,0,0,0
1979263000,49.8727955794,8.6511835488,143.9962,0.0025,0,0,0.0025,0,0.01,0.0000,0.0000,0.0000,0,0,0,0,0,0,0
1979363000,49.8727955750,8.6511835080,143.9976,0.0025,0,0,0.0025,0,0.01,0.0000,0.0000,0.0000,0,0,0,0,0,0,0
1979463000,49.8727955640,8.6511835216,143.9931,0.0025,0,0,0.0025,0,0.01,0.0000,0.0000,0.0000,0,0,0,0,0,0,0
1979563000,49.8727955706,8.6511834673,143.9966,0.0025,0,0,0.0025,0,0.01,0.0000,0.0000,0.0000,0,0,0,0,0,0,0
1979663000,49.8727955794,8.6511835080,143.9910,0.0025,0,0,0.0025,0,0.01,0.0000,0.0000,0.0000,0,0,0,0,0,0,0
1979763000,49.8727955816,8.6511834945,144.0047,0.0025,0,0,0.0025,0,0.01,0.0000,0.0000,0.0000,0,0,0,0,0,0,0
1979863000,49.8727955684,8.6511835488,143.9945,0.0025,0,0,0.0025,0,0.01,0.0000,0.0000,0.0000,0,0,0,0,0,0,0
1979963000,49.8727955553,8.6511835352,143.9985,0.0025,0,0,0.0025,0,0.01,0.0000,0.0000,0.0000,0,0,0,0,0,0,0
1980063000,49.8727955750,8.6511835216,144.0004,0.0025,0,0,0.0025,0,0.01,0.0000,0.0000,0.0000,0,0,0,0,0,0,0
1980163000,49.8727955772,8.6511835080,144.0041,0.0025,0,0,0.0025,0,0.01,0.0000,0.0000,0.0000,0,0,0,0,0,0,0
1980263000,49.8727955838,8.6511835216,143.9977,0.0025,0,0,0.0025,0,0.01,0.0000,0.0000,0.0000,0,0,0,0,0,0,0
1980363000,49.8727955882,8.6511835080,143.9960,0.0025,0,0,0.0025,0,0.01,0.0000,0.0000,0.0000,0,0,0,0,0,0,0
1980463000,49.8727955904,8.6511834945,143.9959,0.0025,0,0,0.0025,0,0.01,0.0000,0.0000,0.0000,0,0,0,0,0,0,0
1980566000,49.8727955948,8.6511834809,143.9987,0.0025,0,0,0.0025,0,0.01,0.0000,0.0000,0.0000,0,0,0,0,0,0,0
1980664000,49.8727955640,8.6511835216,144.0022,0.0025,0,0,0.0025,0,0.01,0.0000,0.0000,0.0000,0,0,0,0,0,0,0
1980763000,49.8727955553,8.6511835760,143.9959,0.0025,0,0,0.0025,0,0.01,0.0000,0.0000,0.0000,0,0,0,0,0,0,0
1980863000,49.8727955487,8.6511836167,143.9921,0.0025,0,0,0.0025,0,0.01,0.0000,0.0000,0.0000,0,0,0,0,0,0,0
1980963000,49.8727955860,8.6511835216,143.9951,0.0025,0,0,0.0025,0,0.01,0.0000,0.0000,0.0000,0,0,0,0,0,0,0
1981063000,49.8727955860,8.6511835080,143.9912,0.0025,0,0,0.0025,0,0.01,0.0000,0.0000,0.0000,0,0,0,0,0,0,0
1981163000,49.8727955816,8.6511835080,143.9871,0.0025,0,0,0.0025,0,0.01,0.0000,0.0000,0.0000,0,0,0,0,0,0,0
1981263000,49.8727955816,8.6511835080,143.9880,0.0025,0,0,0.0025,0,0.01,0.0000,0.0000,0.0000,0,0,0,0,0,0,0
1981363000,49.8727955816,8.6511834945,143.9860,0.0025,0,0,0.0025,0,0.01,0.0000,0.0000,0.0000,0,0,0,0,0,0,0
