# t_us, mag_frd_x [uT], mag_frd_y [uT], mag_frd_z [uT]
0,8.4893,17.6689,45.1637
100000,8.3223,17.6293,45.0667
200000,8.5788,17.6963,45.0850
300000,8.6253,17.9784,44.9429
400000,8.2134,17.1991,44.9027
500000,8.1525,17.9617,44.6143
600000,8.4392,17.5565,45.1344
700000,8.6692,17.6853,44.7016
800000,8.5632,17.5610,44.8425
900000,8.1699,17.6564,44.7805
1000000,8.4649,17.2273,44.9439
1100000,8.1211,17.6148,44.7008
1200000,8.4741,17.3321,44.9307
1300000,8.6042,17.5354,44.9582
1400000,8.4716,17.5801,44.8328
1500000,8.5051,18.0366,45.0664
1600000,8.6106,17.3817,44.7980
1700000,8.6044,17.4526,44.9252
1800000,8.2669,17.4544,44.9108
1900000,8.6439,17.9810,45.0475
2000000,8.4700,17.5187,44.7739
2100000,8.6378,17.5706,44.8677
2200000,8.2155,17.7811,44.8184
2300000,8.7206,17.3860,44.9483
2400000,8.3562,17.4031,45.1762
2500000,8.3690,17.1476,44.7291
2600000,8.4367,17.3930,44.9429
2700000,8.3747,17.6713,45.1865
2800000,8.2730,17.7662,44.7451
2900000,8.7091,17.5709,44.8637
3000000,8.5443,17.5120,45.1375
3100000,8.2928,17.8292,45.1630
3200000,8.5262,17.2477,44.8044
3300000,8.2684,17.4205,44.6867
3400000,8.5295,17.2964,45.0854
3500000,8.3909,17.4535,44.8392
3600000,8.5221,17.1322,45.0997
3700000,8.5562,17.4920,44.8839
3800000,8.5820,17.1624,44.6304
3900000,8.5665,17.2801,45.0688
4000000,8.3050,18.0064,44.6209
4100000,8.6241,17.4079,45.0749
4200000,8.2690,17.4540,44.7741
4300000,8.4622,17.7766,45.2227
4400000,8.8455,17.6565,44.7512
4500000,8.4411,17.4986,44.8179
4600000,8.2185,17.5526,44.4768
4700000,8.5031,17.8425,44.8593
4800000,8.2019,17.9334,44.7073
4900000,8.2168,17.6681,44.9162
5000000,8.6512,17.2090,44.7501
5100000,8.6883,17.9625,44.9313
5200000,8.5913,17.4503,45.1188
5300000,8.3130,17.8494,44.9177
5400000,8.7466,17.8356,44.5034
5500000,8.5433,17.7459,45.0787
5600000,8.3817,17.9527,44.8583
5700000,8.4245,17.5515,44.9959
5800000,8.2492,17.5377,45.1108
5900000,8.2865,17.7449,44.8133
6000000,27.4347,17.6316,36.5321
6100000,26.9566,17.4190,36.9577
6200000,27.1284,17.5109,36.5115
6300000,27.0884,17.5297,36.7432
6400000,27.1273,17.6000,37.1524
6500000,26.1955,17.8467,37.1865
6600000,26.3015,17.7923,36.9425
6700000,25.9037,17.9874,37.2861
6800000,25.8311,18.5666,37.2028
6900000,25.9425,18.4297,36.9038
7000000,25.5795,18.6995,37.4059
7100000,25.4716,19.0220,37.5476
7200000,25.3964,19.1954,37.2065
7300000,25.2048,19.3168,37.5445
7400000,24.6282,19.4520,37.4714
7500000,24.7883,19.9555,37.3536
7600000,24.9012,19.9416,37.1244
7700000,24.9832,19.9453,37.3755
7800000,24.2301,20.2088,37.1349
7900000,24.3201,20.4468,37.2186
8000000,24.3753,21.0060,37.2081
8100000,24.3084,21.4988,36.6932
8200000,24.1465,21.5562,37.1418
8300000,24.0558,21.3120,36.8311
8400000,23.9173,21.7468,36.5762
8500000,23.6112,21.9966,36.4571
8600000,23.6317,22.4756,36.5706
8700000,23.7132,22.5586,36.7468
8800000,23.7556,22.8384,36.5651
8900000,23.6079,22.6816,36.3495
9000000,23.5782,23.0778,36.6136
9100000,23.2976,23.0973,35.9408
9200000,23.8250,22.9740,36.3409
9300000,23.3898,23.3889,36.4345
9400000,23.3596,23.2812,35.9485
9500000,23.2631,23.4267,36.0470
9600000,23.2351,23.4115,36.1739
9700000,22.9663,23.7207,35.8689
9800000,23.1626,23.6433,35.9775
9900000,22.7366,24.0274,35.9776
10000000,22.8023,23.6833,35.9788
10100000,23.1074,23.9284,36.0936
10200000,23.1341,24.1502,36.4607
10300000,22.8460,24.1048,35.9921
10400000,22.6499,24.0272,36.4340
10500000,22.9624,23.8135,36.1830
10600000,23.0279,23.7346,36.3037
10700000,22.3152,23.8144,36.1498
10800000,23.1230,23.6782,36.8551
10900000,22.8434,23.2229,36.8364
11000000,22.6855,23.3085,36.8209
11100000,22.5317,22.5972,36.9477
11200000,22.3485,22.9268,37.1879
11300000,22.2799,22.5973,37.1457
11400000,22.6313,22.6081,37.2725
11500000,22.6222,22.1149,37.7506
11600000,21.9565,21.4782,37.6487
11700000,21.9933,21.9076,38.0024
11800000,22.2496,21.4544,38.5812
11900000,21.5670,21.0311,38.4662
12000000,21.7752,20.9087,38.7129
12100000,21.5858,20.3129,38.9090
12200000,21.2819,20.1743,39.1019
12300000,20.8877,19.5101,39.1223
12400000,20.8934,19.6079,39.9652
12500000,21.0629,18.8880,40.1926
12600000,20.6507,18.7427,40.3707
12700000,20.0666,18.2771,40.8227
12800000,19.8512,17.6066,41.0388
12900000,19.6974,17.5327,41.1529
13000000,19.3940,16.9290,41.6454
13100000,19.3815,16.7122,42.2368
13200000,18.8470,15.8126,42.4223
13300000,18.6041,15.4371,42.4596
13400000,18.5113,14.9672,42.8019
13500000,17.7843,14.3828,43.4872
13600000,17.5844,14.1986,43.7396
13700000,17.1703,13.3696,43.5945
13800000,16.5914,12.9631,44.2367
13900000,16.1039,12.2073,44.6185
14000000,15.4672,11.7080,44.6256
14100000,15.0893,11.2998,45.0661
14200000,14.4889,11.0114,45.5809
14300000,14.1921,10.4923,45.7284
14400000,13.9425,9.6377,46.4532
14500000,13.0937,8.9465,46.3463
14600000,12.2158,8.5390,46.8257
14700000,12.5898,7.3255,46.7940
14800000,11.8970,7.4666,46.9840
14900000,10.9530,6.9097,47.5494
15000000,10.5640,5.8318,47.6204
15100000,10.3517,4.9341,47.8754
15200000,9.3143,4.6659,47.6809
15300000,8.8262,3.9225,47.8944
15400000,8.6363,3.4515,48.2395
15500000,7.6501,2.2942,48.1609
15600000,7.4190,2.2340,48.3023
15700000,6.4915,1.4326,48.3298
15800000,5.7984,0.5045,48.7325
15900000,5.1638,0.1803,48.3123
16000000,4.1549,-0.5044,48.6410
16100000,3.9531,-1.2075,48.8561
16200000,3.2177,-1.8007,48.8176
16300000,3.0090,-2.6117,49.0465
16400000,2.0102,-2.9932,49.2277
16500000,1.5018,-3.8715,49.1153
16600000,0.8431,-4.1551,48.8539
16700000,0.1220,-5.3232,48.7814
16800000,-0.4893,-5.6161,48.9147
16900000,-1.0227,-5.8154,49.0600
17000000,-1.9453,-7.1764,48.4461
17100000,-2.1066,-7.7301,48.5671
17200000,-2.5400,-8.1625,48.0227
17300000,-3.0696,-9.0463,48.0636
17400000,-3.9358,-9.4892,48.1282
17500000,-4.3861,-9.9304,47.8121
17600000,-4.6521,-10.2630,47.5999
17700000,-5.4032,-10.9263,47.3628
17800000,-5.7235,-11.6534,47.1199
17900000,-6.4940,-11.9488,47.1299
18000000,3.3570,-12.9616,47.1535
18100000,3.2747,-12.7245,47.1239
18200000,3.2873,-13.0275,47.2058
18300000,3.2746,-13.2765,47.3742
18400000,3.2287,-13.4915,46.8564
18500000,3.2060,-13.9620,46.8838
18600000,2.8382,-13.7536,46.6976
18700000,2.7390,-14.2599,46.6997
18800000,2.7798,-14.5839,46.4155
18900000,2.5451,-14.7421,46.8847
19000000,2.1806,-14.6982,46.5422
19100000,2.8526,-14.8352,46.7397
19200000,2.3959,-14.9873,46.8125
19300000,2.3510,-15.1951,46.1528
19400000,2.1502,-15.3833,46.2221
19500000,2.0758,-15.6365,46.6036
19600000,1.9976,-15.5342,46.4306
19700000,1.7627,-16.1436,46.4721
19800000,2.0395,-15.9481,46.2438
19900000,1.9148,-16.1597,46.1680
20000000,1.6404,-15.9516,46.4983
20100000,2.0731,-16.4185,46.4381
20200000,1.2920,-16.4619,46.6087
20300000,1.6328,-16.2705,46.0882
20400000,1.3450,-16.2112,45.9234
20500000,1.6436,-16.6486,45.9111
20600000,1.4741,-16.5693,45.9693
20700000,1.6453,-16.6476,45.9519
20800000,1.2322,-16.7645,45.8617
20900000,1.1770,-16.8053,46.0179
21000000,1.3468,-16.9042,45.9685
21100000,1.3205,-16.7854,46.1760
21200000,1.1636,-17.0034,45.9273
21300000,1.0242,-17.0458,45.7615
21400000,1.1432,-17.0714,45.5523
21500000,1.0794,-17.7008,45.7353
21600000,0.7217,-17.2545,46.0065
21700000,1.2999,-17.6493,46.0789
21800000,0.8259,-17.5100,46.0004
21900000,0.7900,-17.5028,46.0666
22000000,0.8150,-17.7171,46.0666
22100000,0.9942,-17.4834,45.6044
22200000,0.3188,-17.6151,45.6549
22300000,0.8165,-17.6310,45.8670
22400000,0.6737,-17.4634,46.1331
22500000,0.9097,-17.6045,45.3731
22600000,0.5534,-17.5737,45.7054
22700000,0.5528,-17.7114,45.9162
22800000,0.4028,-17.6837,45.4378
22900000,0.4720,-17.6334,45.7528
23000000,0.4326,-17.6016,45.7671
23100000,-0.0771,-17.6952,45.6515
23200000,0.2795,-17.5903,45.9237
23300000,0.2342,-17.2664,45.7828
23400000,0.2624,-17.4408,45.7707
23500000,0.0745,-17.3814,45.6058
23600000,0.0244,-17.6595,45.8856
23700000,-0.0074,-17.7267,45.7863
23800000,0.4310,-17.3384,45.8151
23900000,-0.1540,-17.7479,45.7670
24000000,-0.1837,-17.4846,45.7324
24100000,-0.3465,-17.1112,45.5217
24200000,-0.0759,-17.3930,45.7764
24300000,-0.3669,-17.3551,45.6649
24400000,-0.2833,-16.8881,46.3318
24500000,-0.3712,-17.7057,45.4757
24600000,-0.0557,-17.3928,45.8365
24700000,-0.3104,-17.2934,46.1220
24800000,-0.9273,-16.8782,45.2036
24900000,-0.2471,-17.0207,46.0950
25000000,-0.5440,-17.0805,46.2234
25100000,-0.7029,-17.0720,45.5848
25200000,-0.4610,-16.7766,45.8107
25300000,-1.0450,-16.6255,45.8957
25400000,-0.7196,-16.8479,46.1863
25500000,-0.6146,-16.3953,46.1237
25600000,-0.5857,-16.6737,46.1272
25700000,-1.2903,-16.5177,46.2963
25800000,-1.1174,-16.2925,46.3775
25900000,-0.9883,-16.5404,46.5234
26000000,-1.2038,-16.2474,46.1352
26100000,-1.0902,-16.3139,46.4718
26200000,-1.5798,-16.0365,45.9562
26300000,-1.3860,-16.0907,46.5582
26400000,-1.6195,-15.9957,46.6452
26500000,-1.6454,-15.4923,46.6795
26600000,-1.6017,-15.6839,46.3607
26700000,-2.0934,-15.2589,46.4088
26800000,-1.6088,-15.4055,46.5293
26900000,-2.0127,-14.7848,46.0811
27000000,-2.0747,-14.9576,46.3993
27100000,-2.0500,-14.9693,46.9410
27200000,-2.1763,-14.4095,46.9883
27300000,-2.2358,-14.1761,46.6917
27400000,-2.3062,-14.4249,46.8863
27500000,-2.2372,-13.8207,46.7929
27600000,-2.6604,-13.8875,46.7770
27700000,-2.8352,-13.7314,47.0285
27800000,-2.7024,-13.4103,47.1714
27900000,-2.6951,-13.2564,46.9680
28000000,0.9968,-13.0319,47.5291
28100000,1.2107,-12.5008,47.4274
28200000,0.5124,-12.2157,47.3878
28300000,0.4984,-11.9481,47.5687
28400000,-0.1690,-11.8447,47.6454
28500000,-0.7008,-11.3863,47.7109
28600000,-1.0275,-10.7532,47.9842
28700000,-0.9234,-10.1630,48.0330
28800000,-1.4589,-9.8199,48.1968
28900000,-2.0975,-10.0803,48.0789
29000000,-2.3862,-9.5132,48.0390
29100000,-2.8665,-8.9801,47.9294
29200000,-3.3565,-8.4431,48.1162
29300000,-3.8161,-7.9448,48.0946
29400000,-4.2158,-7.4289,48.2033
29500000,-4.3225,-7.0864,48.4073
29600000,-5.1714,-6.3890,48.6563
29700000,-5.5341,-6.4811,48.2049
29800000,-5.7239,-5.7769,48.5596
29900000,-6.0302,-5.4775,48.4404
30000000,-6.6650,-5.2040,48.2482
30100000,-7.0448,-4.3823,48.1159
30200000,-7.3109,-3.9368,47.7358
30300000,-8.1385,-3.2030,48.4351
30400000,-8.0622,-2.8946,48.4336
30500000,-8.7279,-2.5444,48.1267
30600000,-9.1019,-2.0809,48.2841
30700000,-9.9500,-1.5908,48.4616
30800000,-9.8444,-1.4728,47.6946
30900000,-10.3719,-0.8164,47.8628
31000000,-10.8775,-0.1788,47.7982
31100000,-11.1714,0.1468,47.6941
31200000,-11.7003,0.7223,47.8144
31300000,-11.9208,1.1406,47.7502
31400000,-12.5138,1.8550,47.0278
31500000,-12.7942,2.1675,47.8159
31600000,-13.1878,2.5855,47.5395
31700000,-13.2318,3.0129,47.1327
31800000,-13.9697,3.6040,47.1158
31900000,-14.0989,4.0615,46.7434
32000000,-14.6486,4.3590,46.6347
32100000,-14.6708,5.0022,46.2173
32200000,-15.0084,5.3532,46.3976
32300000,-15.5790,5.9634,45.9046
32400000,-15.8365,6.2804,46.0546
32500000,-16.3528,6.4175,45.5713
32600000,-16.2227,7.0628,45.7084
32700000,-16.9107,7.6531,45.3640
32800000,-16.9589,8.1573,45.6450
32900000,-17.2038,8.7711,45.2285
33000000,-17.3618,9.3523,44.4623
33100000,-18.0045,9.5860,44.6422
33200000,-18.1558,10.0774,44.4940
33300000,-18.2920,10.2609,44.3218
33400000,-18.4088,10.9974,44.0865
33500000,-18.6637,11.2521,43.8522
33600000,-18.9886,11.5933,43.7201
33700000,-18.9294,12.3558,43.6219
33800000,-19.2122,12.4784,43.5888
33900000,-19.2366,12.7058,43.2029
34000000,-19.0678,13.0502,43.0081
34100000,-19.5246,13.8433,42.3645
34200000,-20.0651,14.1227,42.7464
34300000,-19.5113,14.4310,42.4609
34400000,-20.0706,14.9908,42.0498
34500000,-20.0864,15.2614,42.0565
34600000,-20.2671,15.6990,42.1028
34700000,-19.8624,16.0908,41.6629
34800000,-20.3827,16.2644,41.2622
34900000,-20.3888,16.4757,41.1964
35000000,-20.4801,17.1133,41.4477
35100000,-20.5987,17.0317,40.6043
35200000,-20.7808,17.6020,40.9467
35300000,-20.7035,18.0761,40.7666
35400000,-20.7427,18.1165,40.1196
35500000,-20.9304,18.3929,40.1222
35600000,-20.8437,18.5846,40.1075
35700000,-20.9308,19.0204,40.0331
35800000,-20.7309,19.7230,39.7323
35900000,-20.6949,19.6544,39.8023
36000000,-20.8036,19.7616,39.5407
36100000,-20.7959,20.1982,39.2384
36200000,-20.7767,20.7911,39.6262
36300000,-20.6345,20.4809,39.3335
36400000,-20.6316,20.8090,39.5353
36500000,-20.5542,20.8880,39.2477
36600000,-20.2595,21.0368,38.9741
36700000,-20.4053,21.4209,38.8754
36800000,-20.4152,21.4632,38.8904
36900000,-20.3436,21.7806,38.8972
37000000,-20.1953,22.0223,38.9749
37100000,-20.2980,21.9291,38.8361
37200000,-19.9371,22.1214,38.8194
37300000,-20.0336,21.8360,39.1825
37400000,-20.1462,22.0642,39.1310
37500000,-19.6785,22.6460,38.7764
37600000,-19.6583,22.4214,39.1397
37700000,-19.4079,22.1903,38.7777
37800000,-19.4196,22.6529,38.9693
37900000,-19.3019,23.0168,38.9829
38000000,-18.9650,23.1753,38.8927
38100000,-19.1690,22.4683,38.5477
38200000,-19.4597,22.5844,39.1114
38300000,-19.0146,22.7379,38.9781
38400000,-19.0540,22.9782,39.0741
38500000,-18.8591,22.9338,39.3564
38600000,-18.9140,23.0044,39.3105
38700000,-18.8628,22.6693,39.6880
38800000,-18.5529,22.6788,38.9902
38900000,-18.2759,22.8430,39.4362
39000000,-18.4141,22.3154,39.3581
39100000,-18.2653,22.5429,39.3806
39200000,-18.4360,22.2815,39.3948
39300000,-18.2843,22.7131,40.0211
39400000,-18.1099,22.5899,39.6497
39500000,-18.2895,22.3381,39.5927
39600000,-18.0280,21.9264,39.8482
39700000,-17.9114,21.8983,39.6199
39800000,-17.6339,21.9346,39.6462
39900000,-17.9158,22.1780,40.2329
40000000,-7.1432,21.9321,43.4254
40100000,-6.9123,21.9002,43.2092
40200000,-6.8635,21.9860,43.0310
40300000,-6.9862,22.5608,43.2926
40400000,-6.6256,22.2913,43.1605
40500000,-6.2124,22.7855,43.1196
40600000,-6.5869,22.4640,42.7199
40700000,-6.3611,22.5468,43.1994
40800000,-5.6942,22.9163,43.0803
40900000,-5.9434,23.0627,43.0590
41000000,-5.7864,23.4854,42.8029
41100000,-5.7823,23.3645,42.5448
41200000,-5.6097,23.6262,42.8249
41300000,-5.7468,23.6126,42.3920
41400000,-5.6761,23.3600,42.5201
41500000,-5.1378,23.5290,42.7796
41600000,-5.2327,23.6016,42.6337
41700000,-4.7927,23.8731,42.7664
41800000,-4.9809,23.5620,42.7948
41900000,-4.6997,24.0857,42.5218
42000000,-4.6752,24.2924,42.0581
42100000,-4.5894,23.9940,42.4968
42200000,-4.3299,24.4105,42.1229
42300000,-4.3094,24.2269,42.5502
42400000,-4.2541,24.2013,42.6084
42500000,-3.8544,24.1041,42.3432
42600000,-3.5197,24.1800,42.5320
42700000,-3.6451,24.1136,42.5012
42800000,-3.8714,24.1106,42.4280
42900000,-3.1938,23.7585,42.3586
43000000,-3.1804,23.9386,42.4709
43100000,-2.9702,24.1234,42.1103
43200000,-3.1265,24.2833,42.7536
43300000,-3.2707,23.9800,41.9437
43400000,-2.7478,24.0497,43.2852
43500000,-2.9011,24.1863,42.7469
43600000,-2.6853,23.9125,42.9348
43700000,-2.5921,23.7638,42.3468
43800000,-2.1564,23.9744,42.7647
43900000,-1.7920,23.9588,42.7619
44000000,-2.0125,23.8626,42.7095
44100000,-1.9197,23.4918,43.1815
44200000,-1.8740,23.7762,42.4381
44300000,-1.9059,23.5831,43.1018
44400000,-1.7255,23.5079,43.3201
44500000,-1.2662,23.1179,43.1229
44600000,-1.1144,23.0073,43.1059
44700000,-1.4411,23.3392,43.0048
44800000,-1.2491,23.1522,43.5916
44900000,-1.2895,22.6822,43.3089
45000000,-0.8042,22.6607,43.3747
45100000,-0.8145,22.7670,43.1707
45200000,-0.4658,23.1034,43.5812
45300000,-0.7590,22.2597,43.7017
45400000,-0.7578,22.4464,43.8496
45500000,-0.6696,22.5790,43.5597
45600000,-0.6237,22.1555,43.5751
45700000,0.0596,22.0617,43.9947
45800000,-0.4460,21.9027,43.8202
45900000,0.0781,22.0202,43.9568
46000000,0.1844,21.7673,44.1017
46100000,0.1094,21.5022,43.7204
46200000,-0.0621,21.6001,43.9295
46300000,-0.1099,21.0916,44.0903
46400000,-0.0604,21.4739,44.1853
46500000,-0.1017,20.9459,43.9402
46600000,0.0157,20.6113,44.3392
46700000,0.1477,21.3948,44.2779
46800000,0.2301,20.5482,43.9237
46900000,0.0148,20.3589,44.3069
47000000,-0.0147,20.2197,44.5687
47100000,0.4093,19.9579,44.5590
47200000,-0.1352,20.0086,44.6212
47300000,0.2847,19.8961,44.3826
47400000,0.0115,19.6232,45.0325
47500000,-0.1138,19.5242,45.0547
47600000,0.3710,19.5171,44.6035
47700000,0.1538,19.3280,44.8746
47800000,0.0653,19.5267,45.3100
47900000,0.3714,19.3501,45.5591
48000000,0.4703,19.1291,45.2459
48100000,0.3140,18.8172,44.9413
48200000,0.4793,18.7179,45.3929
48300000,0.5425,18.6175,45.2460
48400000,0.0836,18.7464,46.0024
48500000,0.0219,18.2212,45.4859
48600000,0.4147,18.2561,45.1848
48700000,-0.3361,18.4158,45.3868
48800000,-0.1117,17.9458,45.5027
48900000,-0.1800,18.1760,45.6047
49000000,-0.1881,18.1327,46.3143
49100000,-0.1746,17.7043,45.7812
49200000,-0.1575,17.9034,45.6692
49300000,-0.5179,18.0137,45.4917
49400000,-0.9599,17.9295,45.5405
49500000,-0.6186,17.9160,45.8240
49600000,-0.8999,17.8660,45.8697
49700000,-0.9055,17.6863,45.8069
49800000,-1.1544,17.7288,45.7472
49900000,-1.2135,17.9022,45.7896
50000000,8.0749,17.9527,45.0510
50100000,8.4924,17.8513,44.8903
50200000,8.2939,17.7209,45.1310
50300000,8.5095,17.7058,45.2399
50400000,8.7691,17.5009,45.2278
50500000,8.5070,17.5368,45.0299
50600000,8.2120,17.4383,44.6214
50700000,8.6538,18.0540,44.9926
50800000,8.6309,17.4584,44.7182
50900000,8.6971,17.4011,44.8450
51000000,8.6241,17.8129,44.8997
51100000,8.6318,17.7060,45.4778
51200000,8.1395,17.7215,44.6715
51300000,8.7323,17.8613,45.0506
51400000,8.6638,17.5702,45.1226
51500000,8.7004,17.7279,44.9816
51600000,8.4475,17.6747,45.0353
51700000,8.6952,17.8162,45.0072
51800000,8.4010,17.6121,45.1943
51900000,8.1102,17.6995,45.0592
52000000,8.5196,17.6330,45.4127
52100000,8.2295,17.8825,44.9221
52200000,8.7522,17.7102,44.3976
52300000,8.4854,17.6707,44.5703
52400000,8.4141,17.5424,44.8397
52500000,8.4654,17.7839,44.8492
52600000,8.1984,17.6469,44.7517
52700000,8.4904,17.7252,45.0835
52800000,8.4241,18.0445,44.6450
52900000,8.0243,17.8670,44.8485
53000000,8.4208,17.7759,44.8963
53100000,8.4190,17.5799,44.8322
53200000,8.4772,17.6196,44.7290
53300000,8.5929,17.5405,44.7478
53400000,8.7212,18.1728,45.1230
53500000,8.7249,17.5711,44.6135
53600000,8.3244,17.4203,45.0609
53700000,8.4913,18.0690,45.0047
53800000,8.4091,17.7806,44.9298
53900000,8.0906,17.4125,44.7241
54000000,8.2370,17.8496,45.3960
54100000,8.2586,17.8725,44.9738
54200000,8.6467,17.6420,44.8737
54300000,8.5306,17.9167,44.7348
54400000,8.1972,17.6230,44.7731
54500000,8.4092,17.6013,45.0946
54600000,8.0826,17.4150,44.9768
54700000,8.3587,17.4539,45.1248
54800000,8.2422,17.5107,45.2139
54900000,8.7184,17.5505,45.3988
55000000,8.3940,17.5659,45.1480
55100000,8.8756,17.3656,45.0769
55200000,8.4192,17.7435,45.1325
55300000,8.2302,17.6750,45.0677
55400000,8.3962,17.5204,44.8974
55500000,8.3065,17.7472,45.0857
55600000,8.3521,17.6292,45.0557
55700000,8.3566,17.2511,44.8777
55800000,8.6544,17.5039,45.2711
55900000,8.2263,17.7553,44.8935
56000000,8.6551,17.5251,44.4548
56100000,8.5778,17.0605,44.9369
56200000,8.3829,17.5318,44.9243
56300000,8.4700,17.7412,45.0966
56400000,8.6185,17.6567,45.1227
56500000,8.2262,17.4938,44.8682
56600000,8.2623,17.6915,45.1701
56700000,8.3621,17.9854,44.8042
56800000,8.5892,17.7858,44.9435
56900000,8.1934,17.7269,44.8052
57000000,8.2609,17.7518,44.7797
57100000,8.2623,17.5645,44.6627
57200000,8.2748,17.9216,44.3970
57300000,8.3144,17.9464,45.2419
57400000,8.7754,17.8606,44.9447
57500000,8.3833,17.6582,45.0314
57600000,8.2438,17.6886,44.8715
57700000,8.4587,17.6796,45.1764
57800000,8.5340,17.7293,45.1293
57900000,8.3867,17.4465,44.5561
58000000,8.4565,17.5069,45.1537
