# t_us, mag_frd_x [uT], mag_frd_y [uT], mag_frd_z [uT]
2020329002,-4.44315,35.3698,11.7948
2020429002,-4.10699,35.1505,11.2833
2020529320,-4.37007,35.2528,12.3648
2020629000,-4.50161,35.3405,11.4148
2020728999,-4.23853,35.0628,12.6717
2020829236,-4.16545,35.0336,12.1894
2020929002,-4.2093,35.3844,12.014
2021029002,-3.9316,35.3844,12.1748
2021129195,-3.97545,35.3844,12.701
2021229000,-3.87314,35.5744,12.7156
2021329001,-4.18006,35.4867,12.6863
2021429128,-4.15083,35.8959,13.5925
2021529001,-4.18006,35.8229,11.5317
2021629003,-4.15083,35.5013,13.081
2021729263,-4.29699,35.2967,12.6863
2021828999,-4.32622,35.8229,12.6863
2021929402,-4.38468,35.6036,12.0579
2022029003,-4.1216,35.1359,12.9348
2022129000,-4.04852,34.8875,12.4963
2022229321,-4.28237,35.1505,12.2771
2022329000,-3.99006,35.9106,12.4671
2022429002,-4.18006,35.589,11.8533
2022529240,-4.18006,34.8582,12.2186
2022629001,-4.26776,35.4867,12.321
2022729001,-4.3116,35.1213,12.3356
2022829160,-4.06314,35.3844,12.4233
2022929002,-4.63315,35.6329,12.6133
2023029000,-4.23853,35.7059,12.3794
2023129079,-4.34084,35.0482,12.7887
2023229001,-4.50161,35.1798,12.6425
2023329444,-4.18006,35.4721,12.2479
2023429002,-4.2093,35.6475,12.2333
2023529002,-3.44928,35.5305,12.5987
2023629407,-3.9316,35.2821,12.2771
2023729001,-4.2093,35.7352,12.8033
2023829000,-3.56621,35.5452,12.0725
2023929283,-3.69775,35.3698,11.9117
2024029002,-3.68313,35.5452,12.1748
2024129001,-4.06314,35.2821,12.774
2024229201,-4.03391,35.6621,12.7594
2024328999,-3.69775,35.4867,13.081
2024429002,-4.10699,35.2967,12.4525
2024529121,-4.7793,35.5452,13.081
2024629002,-4.09237,35.3698,12.774
2024729002,-4.22391,36.0275,12.3356
2024829041,-4.1216,35.1798,12.1017
2024929001,-4.15083,35.5598,12.8033
2025029402,-4.19468,35.5159,12.584
2025129000,-4.70623,35.5305,11.5317
2025229002,-4.03391,35.3259,12.2917
2025329324,-3.90237,35.2675,12.8033
2025429002,-3.78544,35.7498,12.6571
2025529000,-3.66852,35.5744,13.081
2025629241,-4.01929,35.9398,12.8325
2025728999,-4.06314,35.5744,12.5548
2025828999,-4.10699,35.2236,12.1017
2025929164,-3.59544,35.5452,11.824
2026029000,-3.87314,35.2675,12.511
2026129002,-4.07775,35.6767,12.4817
2026229084,-4.03391,36.1152,12.9494
2026329000,-4.2093,35.3552,12.1456
2026431550,-3.91698,35.399,12.5402
2026531111,-3.99006,35.1798,13.0664
2026631196,-3.82929,35.3405,12.7448
2026731000,-3.81467,35.7059,13.081
2026831413,-3.47851,35.6182,13.2564
2026930999,-4.28237,35.7498,13.3148
2027031001,-3.81467,35.7644,12.9202
2027131333,-3.96083,35.4282,12.5987
2027231001,-4.18006,35.3698,12.9494
2027330999,-3.94621,35.2382,12.7448
2027431326,-4.04852,35.3259,12.8033
2027531002,-4.25314,35.2382,12.1456
2027631001,-4.01929,35.6182,12.6133
2027731173,-4.45776,35.2675,12.6571
2027831000,-3.69775,35.2528,11.8533
2027931001,-4.25314,35.6621,12.8764
2028031090,-4.22391,35.0044,12.511
2028131000,-3.72698,35.6182,12.9787
2028231452,-3.97545,35.1067,12.321
2028331011,-3.30313,35.2675,12.5256
2028431003,-3.80006,35.0482,13.0225
2028531371,-3.39082,35.1067,12.6717
2028631000,-4.09237,34.9313,12.5987
2028731000,-3.72698,34.7998,13.1394
2028831295,-3.78544,35.4136,12.8033
2028931002,-3.87314,35.1067,12.8179
2029031001,-3.9316,35.8082,12.3794
2029131214,-3.7416,35.7644,13.3879
2029231001,-3.9316,35.5013,12.8617
2029331003,-4.00468,35.9398,12.2625
2029431135,-3.80006,35.8521,12.6717
2029531000,-3.66852,35.5013,12.774
2029631005,-4.06314,35.5013,11.9702
2029731097,-4.28237,35.4429,12.7156
2029831000,-3.69775,35.6329,11.7509
2029931416,-4.06314,35.399,12.774
2030031002,-4.04852,35.6621,13.0225
2030131002,-3.77083,35.4867,12.7448
2030231296,-3.72698,34.9898,12.8325
2030331001,-3.68313,35.4867,12.8471
2030431001,-3.33236,35.1652,12.8179
2030531211,-2.5285,34.6828,12.584
2030631001,0.073078,33.6597,12.4817
2030731001,1.85618,32.4905,11.6194
2030831134,2.29465,31.4382,11.2833
2030931001,3.04005,29.5966,12.7448
2031031002,3.81467,27.0243,12.5987
2031131052,3.39082,23.2973,14.031
2031231001,2.36773,19.5118,15.4487
2031331458,1.00848,17.2318,16.2233
2031431002,1.44695,16.3256,14.8933
2031531003,1.92926,16.2818,15.4195
2031631336,1.33002,16.4133,15.741
2031731000,1.4031,17.4949,15.6679
2031831000,1.06694,18.0795,15.8726
2031931253,-0.59924,18.5034,16.4864
2032031000,-0.321543,19.4534,16.7787
2032131000,-0.745396,19.7018,16.3841
2032231177,-2.67466,20.0234,17.1003
2032331000,-5.51008,21.6896,18.1087
2032431003,-7.87781,23.7796,18.7664
2032531318,-10.6402,26.3666,18.5326
2032631002,-10.7132,28.9389,17.0856
2032731001,-12.6571,32.9728,16.2964
2032831020,-14.1625,35.779,14.6302
2032931000,-14.9372,38.9944,12.774
2033031379,-16.4426,42.2245,10.4794
2033131000,-17.2464,43.6568,9.09091
2033231001,-17.4364,45.7615,7.29319
2033331298,-17.5387,46.4046,5.56855
2033431002,-19.1318,47.15,5.15931
2033531001,-20.7688,47.8807,3.99006
2033631218,-21.2072,48.7431,3.40544
2033731001,-20.9734,48.9769,3.52236
2033831002,-18.2257,48.8307,4.34084
2033931142,-14.8641,47.9538,4.64776
2034031000,-12.014,46.9892,5.29085
2034131002,-10.6548,45.703,6.32856
2034231061,-8.30167,43.7007,7.76089
2034330999,-6.22625,40.7191,9.32476
2034431421,-4.25314,38.2052,10.6986
2034531022,-3.08389,35.1067,12.5256
2034631000,-3.06928,33.8059,13.6217
2034731339,-3.15697,32.1397,14.791
2034831002,-3.71236,31.7451,15.171
2034931002,-5.14469,32.052,14.8641
2035031260,-5.55393,32.7682,15.0395
2035131000,-5.13008,33.192,14.8348
2035231002,-5.89009,32.8851,14.7179
2035331180,-6.09471,33.2505,14.7471
2035431001,-5.56855,32.1251,14.7033
2035531002,-5.36393,32.3297,15.2587
2035631102,-3.88775,32.4028,14.8933
2035730999,-3.61006,32.0228,14.411
2035831001,-5.01315,31.862,15.2733
2035931024,-7.76089,30.9266,16.2964
2036031001,-9.69015,30.6489,17.0564
2036131427,-11.7802,30.6928,17.261
2036231000,-11.6779,31.1312,17.2903
2036331000,-10.1725,31.8182,15.9164
2036431304,-8.03858,32.4028,16.1502
2036531001,-7.8632,31.2774,16.2672
2036631000,-7.92166,30.722,16.3987
2036731223,-7.41011,29.962,15.9164
2036831003,-6.59164,29.4066,16.3549
2036931002,-5.58316,29.2897,16.3841
2037031148,-4.54545,29.4358,15.4633
2037131000,-2.49927,30.1082,15.3318
2037231000,-0.160772,31.1605,13.2564
2037333175,0,31.4089,12.9348
2037433201,0.555393,32.1251,12.4379
2037533000,-0.073078,31.8036,12.4087
2037633000,-0.438468,31.7013,12.2333
2037733032,0.190003,31.5989,12.6717
2037833000,1.05232,32.0374,12.3794
2037933397,0.789243,32.1105,12.3063
2038033000,0,31.8913,12.8617
2038133002,-1.14002,31.3505,13.2856
2038233317,0.204619,31.3943,13.1248
2038333025,-1.08156,32.052,12.8033
2038433001,-2.23619,31.8766,13.5487
2038533390,-3.94621,32.2713,13.9725
2038633001,-6.09471,32.2274,15.1856
2038733002,-7.60012,32.7536,14.7471
2038833286,-6.7378,33.2213,14.601
2038933001,-7.14703,33.5428,14.5571
2039033002,-7.67319,33.5428,14.7618
2039133080,-8.09705,32.812,15.4487
2039233100,-7.61473,32.2128,15.6679
2039333001,-6.67933,32.5051,15.2587
2039433002,-6.00702,32.7828,14.2941
2039533000,-6.44548,32.9144,14.6448
2039633360,-7.52704,33.1482,14.2941
2039733000,-7.26396,32.6513,14.9079
2039833002,-6.57702,31.8913,14.8056
2039933279,-5.64163,31.8328,14.7471
2040033001,-6.62087,31.9936,14.7325
2040133001,-7.71704,32.3297,14.4402
2040233203,-7.17626,32.1543,14.0748
2040333001,-7.05934,31.7305,14.5133
2040433001,-6.34317,32.1543,14.7618
2040533125,-5.32008,32.0082,13.9579
2040633002,-6.67933,32.2859,14.9518
2040733000,-7.96551,32.1982,14.6156
2040833045,-8.84244,31.7597,15.0541
2040933001,-8.76937,31.672,15.0102
2041033406,-7.79012,32.359,14.3087
2041133002,-8.65244,32.8851,15.0833
2041233100,-8.9886,32.7243,14.4402
2041333329,-9.85092,33.2505,14.9372
2041433000,-9.2663,33.4551,14.5864
2041533000,-7.48319,33.4844,14.1625
2041633245,-6.95703,34.0105,13.8118
2041733000,-7.55627,34.4051,13.9579
2041833002,-8.5209,33.4697,14.601
2041933170,-8.15551,33.002,14.601
2042033000,-8.53552,33.5282,14.4402
2042133001,-7.43935,34.0105,14.4256
2042233132,-8.40398,34.6975,13.9871
2042332999,-8.76937,34.4636,13.6217
2042433007,-9.01783,34.1859,14.7618
2042533008,-8.19936,33.6744,15.0541
2042632999,-6.66472,34.5513,13.8556
2042733373,-5.90471,34.7998,13.9871
2042833000,-5.89009,34.9752,13.4317
2042933002,-6.47471,34.4782,13.5487
2043033292,-7.33704,34.829,14.221
2043133002,-6.6501,34.0544,14.2795
2043233100,-5.15931,33.9228,14.0602
2043333435,-5.77317,33.8498,14.4841
2043433001,-6.08009,33.2944,14.3525
2043533001,-6.40164,33.3967,14.5864
2043633135,-6.2701,33.0313,14.4841
2043733001,-6.03625,32.3736,15.2148
2043833000,-4.91084,32.622,14.3818
2043933056,-5.01315,32.9144,14.0018
2044033003,-5.5247,33.1336,14.3087
2044133419,-5.9924,32.549,14.5425
2044233099,-5.96317,32.8851,14.2795
2044333000,-5.20316,33.2213,13.8702
2044433339,-4.80854,33.1482,13.3879
2044533001,-5.64163,33.192,14.411
2044633001,-6.37241,33.0751,14.9079
2044733257,-7.00088,32.1982,15.2148
2044833001,-6.00702,32.359,15.0833
2044933001,-4.79392,32.812,14.0018
2045033181,-4.69161,33.3674,13.6948
2045133002,-5.247,34.0836,13.1833
2045233104,-5.55393,34.6682,13.4902
2045333102,-6.69395,35.5013,13.6656
2045433000,-5.48085,35.399,13.2125
2045533001,-4.61853,35.7352,11.6633
2045633022,-4.63315,35.5305,12.511
2045733000,-4.42853,35.1944,11.4879
2045833385,-4.83777,34.7851,12.3794
2045933001,-3.50775,34.1128,13.6217
2046033752,-2.04619,32.4613,12.9056
2046133307,-0.701549,31.4382,12.9348
2046233099,0.0584624,29.5381,13.081
2046333000,-0.657702,27.4335,14.0164
2046433450,-1.19848,25.8112,14.981
2046533001,-2.29465,25.1681,15.7995
2046633861,-2.96697,24.3204,16.6764
2046733148,-2.04619,23.7796,15.7118
2046833224,-2.3385,23.8088,17.0564
2046933001,-3.99006,23.8234,16.5887
2047033337,-5.26162,23.9696,17.7726
2047133002,-5.21777,24.4665,17.5826
2047232999,-6.06548,25.3727,16.7787
2047333000,-7.14703,26.3812,16.7933
2047433223,-8.97398,28.6027,17.451
2047533349,-10.4648,29.7866,17.6995
2047633225,-12.2333,31.0436,17.0418
2047733001,-11.7948,33.4405,15.8433
2047833497,-12.0871,35.4429,14.5425
2047933002,-13.6656,37.299,12.8179
2048032999,-15.0833,39.0091,12.6571
2048135303,-14.981,40.8945,12.1748
2048235610,-14.9956,42.6191,10.3186
2048335000,-13.0225,43.1745,9.29553
2048435868,-11.5756,43.5545,8.40398
2048535165,-11.1517,43.7591,8.57936
2048635226,-12.1602,44.0222,8.59398
2048735002,-12.584,43.8761,8.02397
2048835331,-11.941,43.2476,9.2663
2048935002,-9.54399,42.0637,8.7986
2049035865,-9.50015,41.5814,9.58784
2049135008,-9.66092,40.4852,10.0702
2049234999,-9.77784,39.3452,11.3271
2049335368,-8.87167,38.2637,11.9994
2049435224,-7.54165,37.226,11.9994
2049535001,-7.2055,35.6329,12.4233
2049635557,-7.13242,33.6159,14.1041
2049735001,-7.74627,32.6074,15.3318
2049835871,-8.2432,29.3335,16.2818
2049935208,-6.2701,27.5066,16.3403
2050035224,-5.81701,26.7904,16.6033
2050135002,-7.45396,25.9135,17.0126
2050235130,-7.3955,25.7235,16.4718
2050335002,-7.51242,25.855,17.2026
2050435002,-6.44548,26.5858,16.7787
2050535050,-5.40778,27.7112,16.0918
2050635000,-6.08009,28.4566,15.8872
2050735414,-6.85472,28.9974,16.0187
2050835000,-8.03858,30.1228,15.7118
2050935000,-7.89243,32.5051,15.8141
2051035337,-8.27244,34.3028,13.7241
2051135001,-7.90704,35.6621,12.891
2051235001,-8.81321,37.6352,11.9556
2051335256,-9.29553,39.0968,11.3856
2051435002,-9.4563,39.8568,11.4148
2051535001,-9.2663,39.9737,11.1079
2051635179,-9.86554,40.6022,11.3125
2051735000,-10.7717,41.1722,10.8886
2051835000,-12.774,42.0199,10.4355
2051935102,-13.7971,42.853,9.09091
2052035001,-13.0664,43.0576,9.36861
2052135002,-12.0871,42.7653,9.1786
2052235022,-12.6425,43.1307,9.58784
2052335000,-12.8471,43.0722,9.2663
2052435383,-11.2833,42.6776,9.12014
2052535001,-9.63169,41.8737,10.0555
2052635002,-8.06782,40.8799,10.1578
2052735307,-8.60859,39.9737,10.8594
2052835000,-10.0117,38.556,12.0286
2052935002,-10.4355,37.5621,12.8764
2053035225,-9.98246,36.159,13.1979
2053135001,-8.31628,35.2675,13.7825
2053235002,-8.0532,33.9521,13.8556
2053335151,-7.57089,32.7097,14.9664
2053435002,-6.48933,31.1312,15.8141
2053534999,-4.867,29.4212,16.0333
2053635070,-2.66004,28.3397,16.3549
2053735002,-2.58696,27.2143,16.1502
2053834999,-4.3116,27.5943,16.1941
2053935000,-3.43467,26.9366,15.9602
2054035002,-2.98158,26.5273,16.2233
2054135576,-4.03391,26.0889,16.5595
2054235137,-2.61619,25.8842,16.2379
2054335000,-3.69775,25.4165,17.1295
2054435320,-5.53932,24.8904,17.8164
2054535003,-5.30547,24.6565,17.9041
2054635002,-5.29085,24.2034,17.1587
2054735200,-5.08623,25.3581,17.5387
2054835001,-4.2093,27.4335,15.9895
2054935000,-5.42239,29.7428,15.6533
2055035127,-6.95703,31.4236,15.4049
2055135001,-7.42473,34.5659,13.4025
2055235000,-7.71704,36.0713,13.0225
2055335039,-7.36627,37.9129,11.4002
2055435001,-8.02397,39.5937,10.3479
2055535404,-8.93014,41.2453,9.42707
2055635002,-10.304,42.4437,8.84244
2055735000,-9.58784,43.3791,8.34551
2055835325,-7.8632,43.6861,7.3078
2055935002,-6.16779,44.373,6.4601
2056035001,-6.12394,44.9722,6.95703
2056135249,-6.91318,44.2415,7.71704
2056235002,-6.94241,43.7738,7.70243
2056335001,-7.2055,42.5314,9.03245
2056435169,-5.18854,40.7191,9.35399
2056535000,-4.7793,38.8044,10.8448
2056635000,-3.56621,37.2113,11.1809
2056735090,-2.57235,36.159,11.2394
2056835000,-2.23619,35.2528,11.6194
2056935000,-0.83309,34.639,11.9263
2057035012,-0.306928,34.4198,12.0871
2057135001,-1.60772,34.3905,12.6133
2057235376,-1.69541,34.069,12.8179
2057335003,-3.47851,34.1859,12.4379
2057435002,-4.1216,34.4928,13.5048
2057535297,-5.45162,34.9167,13.2564
2057635000,-8.43321,34.7998,14.8933
2057735002,-12.2917,34.2151,15.5072
2057835221,-13.4464,33.4844,16.1356
2057935001,-12.204,33.3528,16.3403
2058035002,-10.5817,32.5782,16.6618
2058135142,-9.89477,31.4674,16.9395
2058235003,-8.09705,31.8766,17.1295
2058335000,-7.3955,32.169,16.3695
2058435063,-7.1178,32.3882,16.808
2058535002,-6.21163,32.8267,15.8287
2058635426,-4.19468,32.5343,14.8641
2058735002,-2.9962,32.6805,14.2941
2058835002,-2.90851,32.9582,14.1625
2058937453,-1.41771,32.3005,13.2564
2059037017,0.555393,31.2043,13.1394
2059137001,1.94388,29.8743,12.7156
2059236999,2.95235,27.0535,12.2333
2059337318,4.47238,24.2034,13.154
2059437001,4.22391,21.2072,14.0018
2059537001,3.4639,18.9564,13.9433
2059637242,3.09851,17.1733,14.1479
2059737001,2.39696,13.3002,13.9141
2059837001,3.33236,10.2309,13.8848
2059937162,2.48465,6.95703,13.0517
2060037002,0.0876937,4.41391,13.271
2060137002,-1.60772,2.13388,13.1687
2060237084,-2.54312,-0.950015,12.701
2060337002,-3.61006,-3.55159,12.9202
2060437001,-3.82929,-4.3116,12.9787
2060537053,-3.4639,-5.15931,12.6717
2060637000,-3.52236,-5.70009,11.9702
2060737370,-3.36159,-5.62701,12.014
2060837001,-3.04005,-6.13856,12.0871
2060937001,-2.60158,-6.31394,12.7448
2061037290,-2.54312,-5.53932,12.2771
2061137001,-2.45542,-4.89623,12.6863
2061237001,-1.82695,-4.79392,12.8325
2061337212,-1.6808,-4.57469,13.0956
2061437002,-2.36773,-3.59544,13.6217
2061537000,-2.82081,-4.04852,13.5341
2061637140,-2.28004,-3.42005,13.6071
2061737000,-1.41771,-4.23853,13.1687
2061837001,-0.292312,-4.06314,13.271
2061937058,0.0146156,-3.84391,12.6279
2062037002,-0.803859,-3.49313,13.2417
2062137466,-1.72464,-3.78544,13.6802
2062237002,-2.23619,-3.25928,14.4841
2062337001,-1.24233,-3.14236,13.8556
2062437345,-0.116925,-2.8062,13.271
2062537003,-1.4031,-3.39082,13.1687
2062637003,-3.01082,-4.2093,13.7241
2062737266,-3.37621,-4.41391,14.1041
2062837002,-4.13622,-4.72084,13.6217
2062937002,-5.9924,-5.58316,14.6595
2063037189,-6.24087,-5.45162,13.6656
2063137002,-6.89857,-5.96317,14.3671
2063237000,-7.16165,-6.08009,14.4548
2063337109,-7.41011,-6.16779,13.8118
2063436999,-7.45396,-6.89857,14.3525
2063537002,-7.23473,-6.12394,14.4256
2063637033,-6.9278,-5.97778,13.9871
2063737001,-6.40164,-5.3347,14.6595
2063837396,-6.62087,-5.247,13.8994
2063937002,-6.6501,-4.51622,14.2941
2064037000,-6.91318,-4.70623,14.8056
2064137316,-7.48319,-4.79392,15.2148
2064237002,-7.80474,-5.78778,14.5133
2064336999,-7.65858,-5.84624,14.6156
2064437238,-8.11166,-5.75855,14.8933
2064537002,-7.3955,-6.03625,14.8495
2064637003,-8.25782,-5.96317,14.6156
2064737163,-7.70243,-5.62701,14.0018
2064837001,-6.00702,-5.13008,14.0456
2064937000,-4.16545,-5.02777,13.8264
2065037308,-2.92312,-4.67699,13.1687
2065137001,-4.41391,-4.37007,14.1771
2065237000,-4.92546,-4.29699,14.7033
2065337049,-5.43701,-4.51622,14.3379
2065437000,-5.11546,-4.69161,14.221
2065537371,-4.42853,-5.36393,13.2271
2065637001,-3.88775,-5.59778,13.0225
2065737000,-3.63929,-5.78778,13.6802
2065837293,-4.06314,-6.06548,13.4756
2065937002,-4.45776,-6.35779,13.651
2066037002,-4.95469,-6.02163,12.8471
2066137212,-4.53084,-5.96317,13.4902
2066237001,-3.9316,-5.49547,13.081
2066337001,-3.71236,-5.057,13.0371
2066437137,-3.39082,-4.51622,13.6948
2066537002,-5.10085,-4.15083,14.5279
2066637001,-4.73546,-4.09237,14.0164
2066737057,-5.247,-5.34931,14.0456
2066837001,-5.40778,-4.79392,14.1918
2066937466,-5.40778,-4.73546,13.6948
2067037000,-4.75007,-4.95469,14.2064
2067137002,-5.5247,-5.40778,13.9579
2067237342,-6.1824,-6.03625,14.5571
2067337003,-5.91932,-5.5247,13.461
2067437002,-5.77317,-5.58316,13.6948
2067537265,-5.04239,-4.73546,13.6802
2067637002,-5.14469,-5.08623,14.2648
2067737002,-5.42239,-5.29085,14.3087
2067837187,-5.27624,-5.72932,14.1041
2067937002,-4.5893,-5.43701,13.7679
2068037000,-3.9316,-5.37854,13.5779
2068137113,-4.42853,-5.53932,13.7241
2068237000,-4.41391,-6.12394,13.4025
2068337000,-5.26162,-5.5247,13.5633
2068437033,-5.94855,-6.09471,13.6656
2068537000,-5.46624,-6.59164,13.0664
2068637399,-4.16545,-5.89009,12.6863
2068737001,-2.5285,-6.12394,12.7302
2068837002,-2.3385,-6.29933,12.701
2068937320,-2.26542,-6.02163,11.3709
2069037000,-2.64543,-6.16779,11.2394
2069137002,-2.20696,-6.81087,10.9179
2069237241,-0.950015,-6.84011,10.7132
2069337001,-1.63695,-6.54779,10.7425
2069437002,-1.76849,-6.81087,10.7425
2069537167,-2.82081,-6.51856,11.4586
2069637000,-3.02543,-6.41625,11.8971
2069737000,-2.90851,-6.34317,12.0433
2069839196,-1.94388,-5.26162,12.2625
2069939181,-1.19848,-4.98392,11.8094
2070039000,-0.555393,-4.48699,11.0932
2070138999,0.0438468,-4.7793,10.6986
2070239058,0.0876937,-4.89623,10.4648
2070339003,-0.36539,-5.48085,10.6255
2070438999,-0.073078,-6.34317,9.95323
2070539002,-0.96463,-7.2055,10.4063
2070638999,-0.59924,-7.2055,10.0555
2070739345,-1.91464,-7.80474,9.89477
2070839002,-1.73926,-8.41859,9.85092
2070939000,-1.81234,-7.76089,10.494
2071039264,-0.818474,-6.76703,10.2894
2071139001,0.555393,-6.53318,9.31014
2071239001,0.394621,-6.85472,10.2894
2071339191,-0.394621,-6.81087,10.2602
2071439002,-0.380006,-6.43087,9.90938
2071539001,-1.44695,-6.43087,10.8302
2071639109,-1.90003,-6.44548,10.8594
2071739000,-0.686934,-7.19088,10.0555
2071839000,-0.774627,-7.89243,10.1578
2071939033,-1.06694,-8.11166,9.82169
2072039001,-1.41771,-7.62935,10.9763
2072139398,-2.20696,-7.22011,11.4586
2072239002,-1.47618,-6.54779,11.6779
2072339003,-0.950015,-5.43701,10.7279
2072439321,1.5931,-4.64776,11.0348
2072539002,2.61619,-3.78544,10.5232
2072639002,2.60158,-3.90237,10.4794
2072739243,3.43467,-3.36159,9.80707
2072839000,2.67466,-3.28851,10.9471
2072939000,2.9962,-2.49927,11.0348
2073039209,3.30313,-2.83543,10.5379
2073139001,2.67466,-2.28004,10.8009
2073239002,2.47004,-0.847705,11.064
2073339090,2.8062,0.23385,12.0579
2073439001,4.76469,2.93774,11.7217
2073539005,5.15931,5.78778,11.7509
2073639010,4.85238,7.73166,12.7887
2073739001,4.72084,10.1286,13.651
2073839373,4.15083,13.1833,14.0456
2073939002,4.03391,16.6033,13.4902
2074039000,4.09237,18.9711,13.0517
2074139297,3.81467,20.8126,13.7533
2074239002,2.58696,22.4203,13.6656
2074339003,1.3154,23.3996,14.3233
2074439218,1.08156,24.5104,14.3818
2074539001,1.57849,24.5104,14.5279
2074639002,1.75387,24.9781,13.7679
2074739140,1.69541,25.5042,12.8179
2074838999,1.08156,26.5127,13.4464
2074939001,-0.0438468,27.6381,14.0164
2075039064,-0.686934,28.0474,13.9579
2075139001,-1.03771,28.4127,13.3148
2075239006,-0.555393,29.5674,13.2417
2075339001,0.511546,29.9912,13.081
2075439000,0.526162,30.1228,12.9933
2075539352,0.380006,29.8012,13.0079
2075639000,0.59924,30.1228,12.584
2075739001,1.30079,29.1874,13.154
2075839493,3.08389,28.0035,12.8033
2075939053,4.867,26.2642,12.3063
2076039000,6.24087,24.5542,12.4087
2076139198,5.68547,23.765,12.3502
2076238999,5.49547,22.1134,12.394
2076339000,4.73546,21.2511,12.584
2076439120,5.29085,19.9795,12.5402
2076539002,5.64163,18.2549,12.8764
2076639000,6.28471,16.501,12.7302
2076739044,6.16779,14.791,12.511
2076839000,5.5247,12.8033,13.0225
2076939406,4.69161,11.444,13.5487
2077039000,3.99006,9.96785,13.8702
2077139001,3.37621,8.59398,14.031
2077239331,4.2093,7.14703,12.394
2077339002,3.58082,6.05086,12.964
2077439001,2.39696,4.92546,13.3879
2077539253,1.38848,4.32622,13.7241
2077639002,1.49079,4.57469,13.2417
2077739000,1.71003,5.18854,13.5194
2077839218,2.85004,6.10932,12.8617
2077939001,3.25928,6.40164,13.3587
2078039000,1.66618,6.24087,14.7179
2078139098,0.482315,5.68547,15.7849
2078239001,0.116925,5.02777,15.3318
2078339002,0.555393,4.34084,14.6887
2078439021,1.03771,3.23005,14.8056
2078539000,0.496931,3.30313,14.1187
2078639384,-0.979246,3.44928,15.2002
2078739000,-1.60772,3.28851,15.0395
2078839002,-1.94388,2.60158,15.5072
2078939310,-1.08156,2.45542,14.7179
2079039000,-0.789243,2.2508,13.8118
2079139002,-1.05232,1.85618,14.8056
2079239233,-1.43233,1.5931,14.5718
2079339012,-2.19234,1.8708,14.8348
2079439001,-2.51388,0.570009,14.2502
2079539374,-1.63695,1.08156,14.7179
2079639002,-1.92926,0.628471,13.8702
2079739002,-2.29465,-0.526162,15.4633
2079839079,-3.53698,-0.745396,14.9079
2079939002,-4.23853,-0.774627,15.4487
2080039002,-4.06314,-0.394621,14.7471
2080139218,-3.06928,-0.570009,14.3964
2080239002,-2.3385,-1.05232,13.8118
2080339586,-2.61619,-1.75387,13.8994
2080439001,-2.44081,-2.11926,13.5048
2080539000,-3.82929,-2.82081,14.221
2080641400,-4.34084,-4.15083,13.7679
2080741175,-4.1216,-4.2093,12.9933
2080841000,-4.69161,-5.64163,12.7156
2080941000,-4.69161,-5.89009,13.154
2081041260,-5.75855,-6.2701,13.081
2081141043,-6.56241,-6.85472,12.584
2081241001,-6.97165,-6.86934,13.3002
2081341403,-7.2055,-7.42473,13.2564
2081441000,-6.81087,-7.7755,12.7887
2081541001,-7.49781,-8.5209,12.5694
2081641107,-8.02397,-9.32476,12.8033
2081741002,-9.31014,-10.1432,12.0871
2081841001,-10.5379,-11.2979,12.6425
2081941246,-11.3856,-12.131,12.0433
2082041001,-11.1809,-12.3502,11.8533
2082141614,-11.6779,-12.7156,11.7656
2082241002,-11.3271,-13.5487,11.1663
2082341001,-11.1809,-13.5487,10.9909
2082441315,-10.4063,-13.8702,10.6109
2082541097,-8.59398,-13.5487,10.0994
2082641001,-6.72318,-12.1017,9.95323
2082741460,-3.75621,-10.4648,10.3332
2082841002,-2.26542,-8.43321,11.0056
2082940999,-1.16925,-6.82549,11.6048
2083041162,-0.701549,-5.27624,11.7363
2083141229,0.306928,-3.55159,12.4087
2083241002,0.555393,-2.00234,12.7887
2083341311,2.07542,0.789243,12.7594
2083441002,3.04005,3.71236,13.6364
2083541871,3.1862,6.43087,13.2271
2083641009,3.39082,9.22245,14.411
2083741227,2.10465,11.7217,15.6679
2083841373,2.55773,15.5218,14.7764
2083941223,2.92312,18.1526,14.981
2084041001,2.92312,20.5203,14.3379
2084141520,1.16925,22.7565,15.0541
2084241000,0.394621,24.6858,14.1187
2084341227,-1.35925,25.7966,14.9225
2084441220,-1.2131,26.615,14.8056
2084541224,-0.993861,28.1058,13.8118
2084641001,-1.71003,28.9097,14.4256
2084741366,-2.74773,30.0497,14.1625
2084841001,-3.72698,31.0289,14.2941
2084941001,-5.53932,31.5113,14.6302
2085041065,-6.53318,32.7243,14.601
2085141000,-6.32856,32.8413,14.6595
2085241008,-6.88395,33.4551,14.3525
2085341000,-7.90704,33.0751,14.221
2085441000,-9.01783,33.9959,14.6302
2085541395,-9.52938,34.2882,14.6302
2085641001,-8.21397,33.5867,14.1771
2085741002,-7.43935,33.9667,14.0456
2085841276,-5.87547,33.6744,13.4902
2085941000,-6.15317,33.7913,14.2648
2086041002,-5.9924,33.3821,13.9871
2086141200,-6.38702,33.2505,14.5425
2086241002,-5.87547,33.6305,13.7679
2086341001,-5.247,33.6451,14.1771
2086441125,-5.11546,33.2213,14.0894
2086541002,-5.61239,32.432,14.6741
2086641000,-5.48085,31.8328,14.8787
2086741268,-4.89623,31.482,14.3233
2086841001,-4.1216,31.4966,14.6887
2086941411,-3.85852,32.1543,14.1333
2087041002,-4.00468,32.0666,13.841
2087140999,-5.29085,32.6367,13.8118
2087241335,-7.07396,33.119,14.2064
2087341001,-8.55013,32.6805,14.2795
2087441002,-8.75475,33.4405,14.4987
2087541257,-9.20783,33.5574,14.1333
2087641000,-10.114,33.8059,14.4695
2087741002,-11.1079,33.5574,15.0248
2087841184,-12.1456,33.9521,15.361
2087941000,-12.4233,33.4405,14.791
2088041001,-12.4379,33.8059,16.501
2088141107,-12.5256,34.0398,15.3172
2088241002,-14.0018,34.829,14.7325
2088341000,-16.121,34.7413,14.8933
2088441031,-18.2549,35.589,15.4195
2088541002,-21.2072,35.2967,15.0979
2088641392,-22.0257,35.4721,14.6156
2088740999,-23.8381,35.1213,14.9225
2088841000,-25.3142,34.8436,14.6887
2088941315,-27.8866,34.0105,14.2064
2089041001,-30.5028,34.3175,13.9725
2089141002,-31.4528,33.5867,14.1333
2089241241,-32.2713,33.4405,13.8994
2089341002,-32.242,32.5928,13.8118
2089441002,-33.0751,31.6866,13.9433
2089541162,-34.4051,31.292,13.7094
2089640999,-36.6267,30.8828,12.3794
2089741001,-34.6536,31.1312,12.7302
2089841089,-35.9836,30.6051,13.4317
2089941002,-35.9544,29.772,14.0164
2090041005,-36.5975,29.3189,13.8994
2090141010,-37.3575,27.7258,14.1333
2090241000,-37.9714,26.6296,13.5048
2090341419,-39.2137,26.6589,12.4671
2090441002,-38.8921,27.6673,13.3002
2090541004,-38.3514,28.0035,13.7533
2090641299,-39.2137,28.2227,11.9848
2090741000,-40.2514,27.6381,11.7217
2090841002,-41.4937,27.945,11.6194
2090941223,-42.9699,27.185,9.96785
2091041001,-42.7653,27.112,10.874
2091141001,-41.6545,27.7258,10.7863
2091241148,-41.8006,27.682,10.6986
2091341002,-42.6483,28.3689,10.2894
2091441002,-41.6837,29.5235,10.2894
2091543178,-40.2075,31.0582,10.6986
2091643206,-38.3221,32.1251,10.7717
2091743000,-36.846,32.8705,10.7425
2091843001,-36.8898,33.0751,10.5671
2091943044,-36.7436,33.689,10.8302
2092043002,-36.4075,33.3674,10.7571
2092143408,-35.2382,34.259,10.5671
2092243000,-35.2821,34.1421,11.0056
2092343000,-35.4136,33.3821,10.9032
2092443332,-35.9398,33.3967,11.5317
2092543001,-36.1444,33.4844,11.7217
2092643000,-35.3698,33.6744,11.3856
2092743254,-33.8498,34.0544,11.9556
2092842999,-32.5928,34.5075,13.081
2092942999,-32.5928,34.7998,12.1748
2093043180,-33.5867,35.0775,11.1371
2093143002,-34.5659,34.6536,12.4525
2093243002,-34.4928,34.2882,11.7656
2093343105,-34.8582,34.0544,11.5171
2093443000,-34.5513,33.2505,12.1456
2093543002,-35.2967,32.5782,12.4087
2093643026,-35.9252,32.3736,12.0871
2093743001,-36.4513,31.8036,12.4817
2093843394,-35.8959,31.7159,11.4148
2093943002,-35.3113,31.8036,13.0517
2094043001,-35.1067,31.5113,13.0371
2094143313,-35.8667,32.1105,12.5987
2094243023,-36.8313,30.7805,12.2479
2094343002,-38.4829,29.2458,11.9117
2094443391,-39.7252,28.9535,11.6925
2094543002,-38.9068,27.3897,12.8617
2094643001,-39.0821,26.6735,12.7887
2094743289,-40.4852,25.9866,12.4233
2094843001,-41.0991,24.7881,11.8825
2094943001,-41.6106,24.4811,11.7363
2095043086,-42.3268,24.0865,11.5171
2095143001,-41.5376,23.4581,12.2771
2095243001,-41.026,23.5019,12.4671
2095343008,-41.3768,22.7565,11.8386
2095443000,-42.2537,22.7127,12.0433
2095543374,-42.6191,21.3388,10.9763
2095643001,-43.0722,20.5203,11.1809
2095743000,-43.1891,19.2926,11.6486
2095843299,-42.4145,18.0064,12.0725
2095943000,-42.6337,16.7056,12.321
2096043000,-43.613,14.8202,12.014
2096143221,-43.7153,13.7533,11.4733
2096243001,-44.6068,12.9933,11.3709
2096343000,-45.1622,12.0286,11.7363
2096443192,-44.9284,11.2979,11.4733
2096543001,-45.5715,9.69015,11.6925
2096643001,-46.083,8.34551,11.3125
2096743069,-46.9015,5.97778,10.1578
2096843000,-47.6615,3.23005,8.88629
2096943002,-46.1122,0.438468,9.06168
2097043001,-44.5776,-2.42619,9.41245
2097143001,-43.0868,-4.50161,9.89477
2097243355,-41.9906,-6.31394,9.35399
2097343001,-41.4353,-8.41859,9.50015
2097443002,-40.0906,-9.03245,9.47091
2097543502,-38.9214,-9.734,9.89477
2097643061,-37.9421,-9.99708,8.95937
2097743002,-37.0944,-11.1663,9.86554
2097843206,-36.5683,-11.8386,9.03245
2097943002,-36.0275,-12.131,8.41859
2098043000,-35.2528,-13.5341,9.29553
2098143131,-34.9752,-13.3733,7.74627
2098243001,-34.4928,-14.3671,8.2432
2098343002,-32.3443,-14.9664,8.93014
2098443054,-29.9035,-15.4925,9.00322
2098543000,-27.8281,-15.9895,9.01783
2098643420,-27.7112,-17.2172,8.25782
2098743002,-26.4835,-17.5826,8.19936
2098843002,-24.8173,-17.641,8.38936
2098943342,-23.8088,-17.9772,8.85706
2099043001,-23.6042,-17.7433,8.95937
2099143000,-22.1573,-16.501,9.35399
2099243269,-21.0026,-16.3841,9.80707
2099343002,-20.3303,-16.0333,10.0555
2099443000,-19.7749,-14.9079,10.6986
2099543191,-17.3487,-14.9518,10.0702
2099643002,-15.5656,-14.9079,11.1809
2099743002,-14.3233,-13.5779,9.99708
2099843115,-13.0079,-13.2125,10.8156
2099942999,-12.5256,-13.1248,11.1663
2100043002,-11.824,-12.4671,12.4817
2100143039,-11.3563,-11.9994,11.6486
2100242999,-10.8448,-11.9848,11.8825
2100343402,-11.444,-10.9617,12.321
2100443002,-11.824,-10.4209,13.1687
2100543002,-12.584,-10.6986,13.1102
2100643327,-12.1894,-10.6694,13.154
2100743002,-11.6779,-10.3332,12.4963
2100843002,-11.2833,-10.3771,12.7302
2100943253,-11.7509,-11.0202,13.6948
2101043000,-12.6133,-10.7132,12.7887
2101143000,-13.9287,-11.2102,13.2271
2101243221,-14.4548,-10.9763,12.6571
2101343000,-14.2064,-10.9325,13.2856
2101443002,-14.4256,-10.4355,13.271
2101543099,-15.7849,-10.3771,13.4902
2101643000,-16.9249,-10.0409,13.2564
2101743001,-17.8164,-9.79246,13.6071
2101843024,-17.7287,-9.4563,14.1041
2101943002,-18.3134,-9.79246,13.8118
2102043386,-18.518,-9.38322,14.4548
2102143001,-19.848,-9.57322,13.4756
2102243001,-21.7042,-9.80707,14.1041
2102345418,-24.3204,-9.01783,13.9871
2102445404,-26.4104,-8.88629,14.3525
2102545008,-28.3104,-8.63783,13.7533
2102645000,-29.2897,-8.11166,13.8556
2102745284,-31.102,-7.24934,13.8264
2102845000,-33.5867,-7.07396,13.0225
2102945003,-34.5367,-6.40164,12.9933
2103045207,-35.1067,-5.89009,12.321
2103145000,-36.4659,-5.93394,12.6133
2103245001,-36.6559,-5.02777,12.5548
2103345132,-37.9275,-4.67699,12.3502
2103445001,-38.556,-4.44315,11.4294
2103545002,-40.9237,-3.55159,11.1225
2103645055,-42.0491,-2.54312,11.1517
2103745002,-42.5168,-1.52002,10.9325
2103845465,-42.8091,-0.906168,12.3648
2103944999,-43.2768,0.979246,11.6486
2104045001,-45.2938,2.14849,10.5232
2104145347,-46.2584,2.77697,9.89477
2104245001,-47.2084,3.30313,9.13476
2104345001,-46.6384,3.97545,9.86554
2104445267,-46.1269,4.19468,9.33937
2104545002,-45.7322,4.5893,10.0263
2104645001,-46.6823,4.67699,9.41245
2104745191,-47.1353,5.01315,9.33937
2104845000,-47.8369,6.05086,9.33937
2104945001,-47.1646,6.2701,9.20783
2105045120,-47.2376,8.00935,9.20783
2105145001,-46.4338,8.06782,10.0555
2105245001,-47.1792,9.04706,9.42707
2105345043,-48.2461,8.25782,8.62321
2105445002,-49.24,7.70243,8.34551
2105545409,-48.6992,6.59164,8.0532
2105645000,-47.6323,5.11546,8.36013
2105745002,-46.7407,3.53698,9.09091
2105845331,-47.1353,1.88541,8.88629
2105945001,-47.4277,2.39696,8.81321
2106045000,-47.5153,2.77697,8.90091
2106145256,-48.2461,3.11312,7.83397
2106245002,-48.0854,3.24467,8.22859
2106345000,-48.0561,3.63929,8.41859
2106445180,-48.6407,2.57235,7.95089
2106545000,-48.67,1.11079,7.49781
2106645001,-48.1292,-0.277697,7.10319
2106745105,-48.0415,-1.88541,6.15317
2106844999,-46.9307,-3.85852,7.48319
2106945001,-44.8553,-5.23239,7.70243
2107045026,-44.3291,-6.59164,8.00935
2107144999,-43.9638,-7.10319,7.98012
2107245394,-43.8468,-7.76089,7.38088
2107345004,-42.9991,-7.1178,7.98012
2107445001,-41.9906,-6.53318,9.13476
2107545317,-42.2976,-6.1824,10.0409
2107645001,-41.6106,-6.22625,9.70476
2107745000,-40.8945,-6.84011,10.1432
2107845243,-41.3183,-7.51242,8.44782
2107945001,-40.0175,-8.90091,8.7109
2108045007,-37.8252,-9.70476,10.2017
2108145166,-36.6121,-10.6694,9.89477
2108245002,-36.2759,-11.7071,9.09091
2108345002,-36.5829,-12.1017,8.69629
2108445310,-37.4452,-11.5025,8.30167
2108545000,-36.6559,-11.9263,8.69629
2108645007,-36.159,-10.8156,8.9886
2108745013,-34.1128,-10.7132,10.5232
2108845001,-34.8582,-10.1871,10.6694
2108945381,-36.0713,-9.09091,10.9763
2109045000,-36.8752,-8.17013,10.5671
2109145004,-36.6998,-7.01549,11.0202
2109245305,-37.7521,-6.6501,11.5317
2109345002,-38.9068,-6.10932,10.4502
2109445000,-40.2514,-6.53318,9.924
2109545228,-40.4414,-7.03011,10.2163
2109645002,-39.4037,-6.97165,10.2309
2109745002,-38.5706,-6.75241,10.8448
2109845154,-37.9714,-6.50395,11.5609
2109945002,-40.0029,-5.64163,10.2309
2110045000,-39.7398,-5.90471,10.5232
2110145080,-39.5791,-6.91318,9.82169
2110244999,-40.7337,-8.30167,8.44782
2110345002,-41.0114,-8.3309,8.14089
2110445006,-42.4145,-7.83397,8.84244
2110545002,-42.8676,-7.19088,7.3078
2110645367,-43.9345,-7.36627,6.84011
2110745001,-44.9722,-7.5855,5.59778
2110845000,-45.2353,-7.7755,5.93394
2110945291,-44.8407,-6.60626,6.24087
2111044999,-45.2499,-6.37241,6.2701
2111145002,-45.6153,-5.58316,6.2701
2111245215,-45.8345,-5.83163,6.05086
2111345002,-46.2584,-5.42239,6.56241
2111445000,-46.4923,-4.47238,5.7147
2111545138,-46.5069,-4.94008,5.30547
2111645002,-45.9076,-5.72932,5.30547
2111745002,-45.9369,-7.05934,5.02777
2111845065,-45.2353,-8.27244,4.73546
2111945002,-44.3876,-8.59398,4.99854
2112045007,-43.8468,-9.58784,5.70009
2112145032,-42.6191,-10.0409,5.72932
2112245002,-42.2245,-10.1432,5.62701
2112345354,-42.6483,-9.00322,6.34317
2112445001,-42.1953,-7.95089,6.66472
2112544999,-43.4961,-6.72318,6.88395
2112645278,-43.9784,-5.58316,6.76703
2112745002,-44.8407,-4.73546,6.28471
2112845003,-45.4984,-4.80854,6.2701
2112945202,-45.4253,-4.45776,6.00702
2113044999,-45.3084,-3.12774,6.89857
2113145001,-46.1122,-2.41158,6.38702
2113247234,-46.1269,-1.35925,6.28471
2113347221,-46.77,-0.555393,6.1824
2113447001,-47.8223,-0.0584624,5.49547
2113547000,-47.4569,0.701549,6.63549
2113647101,-45.893,1.84157,7.51242
2113746999,-45.7176,3.24467,8.15551
2113847003,-46.6676,3.94621,8.25782
2113947027,-46.653,4.98392,7.74627
2114047002,-47.983,6.76703,6.88395
2114147391,-48.3923,7.83397,6.78164
2114247001,-47.1207,8.85706,8.09705
2114347001,-45.8053,10.3186,8.7986
2114447316,-45.2061,10.8009,9.44168
2114547000,-45.7176,11.8533,8.46244
2114647002,-45.8492,11.9994,9.04706
2114747283,-46.5653,12.5694,8.68167
2114846999,-46.5946,14.6595,9.4563
2114946999,-47.3838,16.0333,8.87167
2115047165,-47.5007,16.9687,8.65244
2115147001,-47.8223,17.3049,8.36013
2115247002,-48.6846,17.3926,7.49781
2115347091,-48.4361,16.5303,7.49781
2115447002,-47.4569,16.4572,8.94475
2115547006,-47.53,15.8141,9.58784
2115647014,-48.0854,15.1418,9.10553
2115747001,-48.3338,15.3172,9.32476
2115847379,-49.1084,14.2648,8.65244
2115947001,-49.8392,13.1102,7.54165
2116047002,-50.0585,12.774,8.08243
2116147305,-48.7577,12.5256,8.41859
2116246999,-48.9184,13.0079,8.7109
2116347002,-50.0292,12.8471,7.93628
2116447232,-50.2777,12.2625,8.08243
2116547001,-49.2254,11.5463,8.9886
2116647001,-47.9684,10.114,9.86554
2116747152,-47.2961,10.2894,10.1432
2116847000,-48.6846,9.07629,7.87781
2116947001,-50.0438,8.59398,6.95703
2117047084,-50.3362,7.76089,7.52704
2117147001,-49.6346,8.06782,7.2055
2117247002,-48.9915,8.02397,7.62935
2117347004,-48.3192,7.71704,8.72552
2117446999,-48.6407,7.2055,8.28705
2117547368,-48.9184,7.26396,8.03858
2117647002,-48.7723,6.29933,8.47705
2117747002,-48.0561,5.56855,9.06168
2117847289,-47.6761,5.45162,8.7986
2117947000,-48.2607,4.50161,8.27244
2118047000,-47.7346,4.41391,9.47091
2118147215,-47.8954,4.23853,9.58784
2118246999,-48.4215,4.32622,8.43321
2118347001,-49.0792,4.63315,8.93014
2118447141,-48.4069,4.96931,8.74013
2118547000,-46.9453,6.34317,10.4355
2118647003,-46.2292,7.80474,10.3479
2118747066,-47.9977,8.3309,10.1286
2118847001,-48.2315,8.90091,9.4563
2118947007,-48.7723,9.99708,8.93014
2119046999,-48.86,10.4063,8.55013
2119147001,-48.1584,10.2894,8.94475
2119247575,-47.4277,11.3417,9.54399
2119347137,-47.2669,11.1371,9.95323
2119447003,-48.0561,11.7656,10.0702
2119547323,-48.3046,11.4879,9.07629
2119647000,-49.0061,10.4648,9.48553
2119747001,-48.7284,10.2748,9.2663
2119847208,-48.0123,10.6548,9.924
2119947001,-47.793,11.2394,10.0263
2120047001,-48.1438,10.9032,10.3625
2120147130,-47.8369,10.0555,10.0117
2120247001,-48.2461,9.734,9.23707
2120347000,-47.7492,9.29553,9.61707
2120447275,-47.3692,8.41859,10.0848
2120547002,-46.4923,7.76089,10.5671
2120647640,-45.9369,5.64163,11.2248
2120747000,-46.0099,5.3347,10.9325
2120847005,-47.0038,5.36393,9.74861
2120947345,-46.9746,6.1824,9.734
2121047126,-47.3692,8.02397,10.4355
2121147000,-47.2815,8.28705,11.2102
2121247493,-47.4569,9.48553,10.6548
2121347002,-46.4192,10.6986,12.1456
2121447001,-45.0307,12.6279,12.3648
2121547206,-45.0307,14.3818,12.0871
2121646999,-45.1184,15.6387,11.9702
2121747001,-45.4545,17.6995,12.2479
2121847338,-45.8345,18.7664,11.4879
2121947001,-45.7322,20.4326,11.5463
2122047000,-45.703,20.9588,12.2479
2122147044,-46.4192,21.8942,11.1956
2122247002,-45.9515,22.1719,12.1017
2122347409,-44.9284,22.2596,12.6279
2122447000,-44.7238,22.7419,12.204
2122547002,-45.3961,22.4934,11.7509
2122647332,-45.703,23.6334,11.4586
2122747000,-45.9661,24.7004,10.6109
2122847000,-44.9284,25.5189,10.6109
2122947257,-43.6714,26.6004,11.9263
2123047002,-43.6714,27.2435,12.0725
2123147001,-43.803,27.6235,11.4294
2123247180,-44.5338,28.135,11.0494
2123347000,-45.2207,28.0327,9.98246
2123446999,-45.9369,27.5358,9.6463
2123547107,-45.2207,27.0535,10.304
2123647002,-44.9576,26.5566,10.0263
2123746999,-45.6884,26.5127,8.75475
2123847033,-45.513,27.492,9.33937
2123947001,-45.5276,28.3104,8.49167
2124049504,-44.9722,29.962,8.12628
2124149064,-43.306,30.532,8.43321
2124249051,-42.166,32.3297,8.82783
2124349002,-40.9968,32.6513,8.7109
2124449371,-40.6022,32.7097,8.97398
2124549002,-41.2306,33.192,8.02397
2124648999,-42.2537,32.6805,8.30167
2124749297,-42.093,32.1105,7.79012
2124849002,-42.2537,31.5405,8.95937
2124949000,-42.0345,31.5113,8.93014
2125049221,-42.6191,31.1605,8.31628
2125149000,-42.3999,31.7889,8.22859
2125248999,-41.5376,32.1105,8.87167
2125349145,-40.7775,33.119,7.95089
2125449000,-38.6875,34.4198,9.35399
2125549000,-37.6352,34.9459,9.39784
2125649116,-36.5975,35.4575,9.734
2125749001,-37.1967,34.8436,8.88629
2125849002,-37.489,34.639,9.28091
2125949002,-38.4975,33.4551,8.72552
2126048999,-39.6521,31.8328,8.88629
2126149362,-41.6691,30.6051,8.18474
2126249002,-43.7299,28.6174,7.60012
2126349002,-44.8553,26.7758,8.11166
2126449285,-46.0099,24.7004,8.09705
2126549000,-47.223,22.7419,7.61473
2126649000,-48.3631,19.8188,6.48933
2126749211,-48.3923,16.3695,7.08857
2126848999,-49.1377,12.964,6.85472
2126949002,-49.8392,9.51476,6.53318
2127049137,-48.9477,6.51856,6.78164
2127149001,-48.4946,3.53698,6.85472
2127249000,-47.5884,-0.59924,6.84011
2127349060,-45.6445,-4.3116,6.4601
2127449000,-42.9114,-7.67319,6.70856
2127549425,-39.8129,-10.6694,6.7378
2127649001,-36.2467,-13.5633,6.7378
2127749001,-31.5989,-15.6387,7.3078
2127849350,-27.3897,-16.4279,8.3309
2127949002,-23.1511,-16.3695,9.20783
2128049002,-18.5911,-15.3902,10.3625
2128149277,-14.5571,-13.3879,11.2833
2128249000,-11.1079,-11.2979,11.2394
2128349000,-8.18474,-9.10553,12.321
2128449202,-5.61239,-7.96551,12.7594
2128549001,-3.55159,-6.05086,12.8325
2128649002,-1.28617,-4.26776,12.4525
2128749125,0.672318,-3.63929,11.7363
2128849001,2.55773,-2.42619,11.7363
2128949001,3.15697,-1.46156,11.5463
2129049051,3.75621,0.555393,12.321
2129149002,4.79392,2.29465,13.0225
2129249417,5.5247,3.82929,13.1102
2129349002,6.08009,6.60626,12.2917
2129449000,7.24934,8.06782,12.5256
2129549339,7.99474,8.84244,12.1602
2129649002,7.83397,8.91552,11.7948
2129749000,7.43935,8.14089,12.8471
2129849265,5.97778,6.70856,13.0664
2129949000,4.09237,5.7147,13.6364
2130049001,3.52236,3.43467,14.4256
2130149411,4.23853,2.26542,13.7825
2130249000,3.75621,1.5931,13.7971
2130349001,3.71236,0.540778,13.651
2130449161,4.63315,0.423853,12.9348
2130549002,4.03391,0.073078,13.154
2130649000,3.36159,1.00848,12.8617
2130749043,3.21543,0.628471,13.7533
2130849002,3.90237,-0.248465,13.0225
2130949407,4.51622,-0.0438468,12.511
2131049001,4.92546,-0.380006,12.2917
2131149000,5.02777,-0.745396,12.2186
2131249333,3.31774,-1.88541,12.6279
2131349002,2.3385,-2.96697,12.9494
2131449002,2.42619,-3.47851,12.5987
2131549258,1.53464,-4.76469,11.7948
2131649002,1.03771,-5.46624,11.9556
2131748999,0.760012,-5.55393,12.2771
2131849180,0.350775,-5.58316,12.1456
2131949001,-0.613856,-5.62701,12.8471
2132049000,-1.2131,-5.36393,13.4902
2132149107,-1.6808,-4.07775,13.2417
2132249001,0.0584624,-2.98158,12.7594
2132349002,0.993861,-2.38234,13.5048
2132449031,1.03771,-0.979246,12.7594
2132549001,1.57849,0.584624,14.0018
2132649396,1.69541,2.32388,14.2502
2132749000,1.46156,4.53084,14.4695
2132849001,1.11079,6.22625,14.7471
2132949322,2.48465,8.62321,14.6741
2133049000,2.89389,10.8009,13.8994
2133148999,2.35311,13.1102,15.1272
2133249246,2.16311,15.5802,15.0248
2133349001,2.30927,17.6849,14.7618
2133449002,2.73312,20.9003,13.4902
2133549173,3.39082,23.8088,13.3879
2133649002,2.8062,26.4543,12.2917
2133749000,1.3154,28.1204,13.0517
2133849096,0.803859,28.9389,13.1687
2133949001,-0.950015,29.8451,12.9056
2134049002,-1.91464,30.3566,13.5341
2134149022,-1.82695,31.3066,13.3733
2134249002,-2.39696,31.3651,13.0956
2134349387,-2.39696,32.2859,13.4756
2134449001,-3.56621,32.6367,13.5341
2134549001,-3.78544,33.2213,14.0456
2134649314,-4.85238,33.8059,14.4841
2134749000,-8.21397,33.7767,14.5425
2134849002,-8.93014,34.0982,14.5864
2134951344,-7.51242,34.2882,13.9141
2135051332,-7.01549,34.5221,14.0894
2135151002,-7.29319,34.829,14.2502
2135251000,-7.36627,34.3175,14.0018
2135351211,-7.22011,34.0836,13.8556
2135451000,-7.26396,34.4782,13.6217
2135551003,-7.55627,34.5659,13.2856
2135651137,-8.18474,34.8728,14.4548
2135751002,-10.874,34.8144,14.4841
2135851001,-12.0433,34.7559,15.3025
2135951062,-12.9933,34.6536,15.1418
2136051002,-12.511,34.5805,14.9372
2136151424,-11.4733,34.4344,14.9664
2136250999,-12.6133,34.6828,15.2879
2136351000,-11.8094,34.6682,14.8348
2136451354,-11.4879,35.4136,14.6448
2136551000,-10.4648,35.2528,14.1187
2136651000,-10.5817,35.1652,15.0395
2136751274,-12.2333,35.1798,14.2502
2136851003,-11.8094,34.3467,14.7618
2136951002,-10.9179,34.2298,14.6595
2137051201,-9.70476,34.0544,14.4987
2137151002,-10.304,33.7767,14.4695
2137251002,-10.7132,33.879,14.7179
2137351125,-9.99708,33.4259,14.8787
2137451003,-9.54399,33.4844,14.2502
2137551000,-8.84244,33.5574,13.6071
2137651059,-9.19322,33.8059,13.6217
2137751002,-10.8302,33.3674,14.221
2137851418,-12.511,33.3528,14.4695
2137950999,-14.2648,33.5867,14.8056
2138051001,-13.841,32.8997,14.791
2138151386,-13.3733,33.5867,14.7033
2138251001,-13.3002,34.3759,14.5864
2138351000,-13.3002,33.7182,14.5279
2138451266,-12.2917,34.259,14.2941
2138551001,-11.3856,34.4782,13.8556
2138651000,-12.2625,34.0836,13.4171
2138751194,-13.4464,33.8936,14.7618
2138851004,-14.221,34.5221,14.7033
2138951001,-12.891,34.5221,14.2356
2139051116,-11.9848,33.7913,13.8556
2139151001,-12.6863,33.7328,13.9287
2139251003,-12.4087,33.7767,14.4548
2139351044,-12.0286,33.4405,14.4841
2139451000,-12.511,34.4928,13.9287
2139551407,-11.4586,34.6975,13.2271
2139651003,-12.0871,35.1359,13.2125
2139751001,-13.1833,34.8436,13.7825
2139851333,-13.6364,35.3552,12.6571
2139951003,-13.7387,35.4867,13.1687
2140051001,-13.3148,35.5013,12.9787
2140151260,-12.511,35.589,13.4317
2140251002,-12.2625,35.1067,14.3671
2140350999,-11.3417,35.0336,13.7387
2140451182,-10.304,35.8813,14.0456
2140550999,-9.99708,35.9836,13.6071
2140651001,-10.7279,35.7206,13.1833
2140751107,-12.701,36.3929,13.5633
2140851001,-13.8264,36.7729,12.9933
2140951002,-13.1102,36.4075,13.3294
2141051257,-12.0433,36.9921,12.9056
2141151001,-11.634,36.9336,13.3294
2141251400,-11.6779,36.1298,13.6217
2141351002,-11.5317,35.6913,13.6217
2141451000,-11.254,35.6182,14.0894
2141551325,-11.0202,35.3698,13.461
2141651002,-9.88015,34.5659,15.2441
2141751000,-10.5379,34.6244,14.8202
2141851250,-13.0079,33.8498,14.8056
2141951001,-16.1941,33.4259,14.8202
2142051000,-17.5826,34.7559,14.4548
2142151179,-18.5618,35.7644,13.6802
2142251002,-20.2572,35.7352,13.5633
2142351002,-23.1511,36.4367,13.4171
2142451101,-24.9488,36.2613,12.8325
2142551000,-26.9512,36.9921,11.7948
2142651001,-28.4858,36.5536,11.5171
2142751027,-30.4735,36.5683,11.0494
2142851000,-32.9728,35.3113,10.7863
2142951437,-34.4782,34.7267,11.0202
2143051001,-36.7436,33.9959,10.1578
2143151003,-39.4621,32.0374,10.4648
2143251318,-39.9591,30.7074,9.66092
2143351002,-41.3768,29.0704,9.38322
2143451001,-41.5522,27.4481,10.2602
2143551243,-41.7422,25.9866,9.95323
2143651000,-42.1368,24.8612,11.064
2143751002,-44.4607,23.5457,10.8448
2143851170,-46.5507,20.5203,10.114
2143951002,-48.29,19.4388,9.44168
2144051001,-49.1815,18.4741,9.50015
2144151095,-49.2985,18.2695,10.7132
2144251003,-49.4008,18.1087,9.33937
2144351001,-49.24,18.0649,9.734
2144451019,-49.24,18.328,9.60246
2144551002,-50.1315,19.3657,8.81321
2144651384,-49.8831,19.7457,9.36861
2144751167,-48.6115,19.658,10.3625
2144851001,-47.1061,20.0965,11.2686
2144951534,-44.943,21.5288,12.014
2145051001,-46.5069,22.8004,10.2894
2145151000,-45.6738,24.0134,10.4355
2145251235,-45.6445,26.3227,9.60246
2145351020,-43.9199,27.9012,9.36861
2145451000,-41.2891,29.2312,10.3625
2145551379,-39.8568,30.2251,10.3332
2145651002,-39.9883,30.7074,11.0056
2145751002,-39.6375,30.9559,10.3771
2145853193,-40.2806,31.1459,9.66092
2145953411,-40.1637,31.2774,10.2163
2146053002,-38.9214,31.4674,10.1725
2146153001,-37.299,31.1751,10.3186
2146253062,-36.4367,32.1543,11.1371
2146353001,-35.8521,32.7828,10.684
2146453425,-35.0336,33.3821,11.064
2146552999,-33.4551,33.9374,11.8533
2146653000,-31.979,34.3175,11.8386
2146753349,-30.4735,34.1713,13.2564
2146853000,-29.3774,34.4928,12.2625
2146953000,-30.5905,33.5282,13.0664
2147053275,-32.9582,32.6659,13.2125
2147153002,-35.6475,31.3797,12.0871
2147253000,-37.5621,30.2689,11.7948
2147353204,-38.5414,29.0558,11.5756
2147453001,-40.7629,28.4274,9.96785
2147553002,-41.8299,28.062,9.4563
2147653130,-42.4437,27.7843,9.51476
2147753001,-43.5545,28.0035,8.76937
2147853001,-42.6045,28.4127,9.1786
2147953053,-40.8506,28.5881,9.69015
2148053000,-38.9944,28.8658,10.684
2148153420,-38.8921,29.0997,11.2248
2148253000,-39.3598,28.4858,11.2833
2148352999,-39.6814,28.5004,10.1432
2148453344,-39.3745,28.0035,10.7571
2148553126,-38.5852,28.5443,11.0932
2148653001,-39.2137,28.7197,11.2833
2148753494,-40.266,29.6258,9.63169
2148852999,-40.8652,29.5674,9.924
2148953000,-41.5083,29.5966,9.03245
2149053240,-41.7714,29.7866,8.7986
2149153002,-41.5376,29.8012,8.78398
2149252999,-42.6483,28.7927,7.90704
2149353345,-43.7884,27.8574,8.31628
2149453002,-43.8761,27.2873,8.41859
2149553001,-44.8553,26.7612,8.14089
2149653048,-44.183,26.615,8.56475
2149753023,-43.0868,26.9804,10.1725
2149853411,-42.9553,27.872,9.70476
2149953344,-43.5253,27.5212,8.87167
2150053002,-43.1307,27.4481,9.70476
2150153714,-43.1014,27.3312,9.38322
2150253024,-42.1953,27.7258,9.82169
2150353227,-41.1868,27.8574,10.6694
2150453393,-41.5229,27.9889,9.41245
2150553223,-42.7214,28.3397,8.82783
2150653001,-43.2768,29.2166,8.18474
2150753415,-42.5753,29.6405,8.7109
2150852999,-40.646,31.292,8.72552
2150953870,-39.5645,32.0666,9.924
2151053116,-38.6291,32.9874,9.32476
2151153226,-38.0006,33.1336,10.7425
2151253000,-37.6498,33.5574,9.4563
2151353266,-35.3698,34.0398,10.5086
2151453001,-36.7436,33.4113,10.684
2151553630,-37.1821,33.002,9.52938
2151653001,-38.8775,32.549,9.09091
2151753230,-40.9091,31.6136,9.22245
2151853555,-41.7129,30.4443,8.41859
2151953337,-40.7483,31.2774,8.55013
2152053000,-39.7983,31.3651,8.97398
2152153480,-39.9445,31.9936,8.38936
2152253002,-39.7983,32.5343,8.82783
2152353002,-38.8191,33.3967,8.36013
2152453182,-37.4744,33.8059,9.93861
2152553001,-34.3321,33.192,11.2248
2152653002,-33.192,32.9728,12.4817
2152753109,-31.7159,33.0605,12.9056
2152853000,-31.8913,32.9728,12.8033
2152953003,-32.9436,32.9728,12.0871
2153053031,-34.1713,32.4759,12.4963
2153153002,-32.8559,32.2859,12.6279
2153253399,-33.0167,32.0082,12.2625
2153353000,-34.5951,32.3443,12.2625
2153453000,-34.9752,31.9059,10.9617
2153553322,-35.4575,31.7305,10.8448
2153653000,-35.3698,32.0374,11.2394
2153753000,-34.3905,31.5259,12.4233
2153853294,-34.3905,31.0582,12.5402
2153953000,-34.5951,31.292,13.2856
2154053002,-37.0506,29.8012,11.064
2154153177,-37.8106,29.5528,11.6048
2154252999,-37.6937,28.4274,11.5609
2154353002,-37.4452,28.0474,12.2479
2154453102,-37.9421,27.8135,12.0871
2154553002,-38.1906,27.8135,11.444
2154652999,-38.5706,27.6673,11.2833
2154753026,-38.5852,27.9012,12.0725
2154853000,-37.4013,28.1643,12.0579
2154953393,-36.0421,28.2081,12.4671
2155053001,-35.9398,28.7489,12.701
2155152999,-36.9775,28.8658,11.8094
2155253320,-39.3014,28.062,11.4148
2155353002,-40.0029,26.7758,11.3417
2155453000,-39.3891,25.3142,12.5694
2155553244,-37.9567,24.9196,13.3879
2155653002,-38.7898,24.5981,13.5341
2155753002,-39.1844,24.4081,13.9141
2155853170,-39.2868,24.2765,12.6133
2155952999,-38.5121,23.2534,13.7094
2156052999,-39.0968,22.6103,13.6948
2156153094,-40.2514,20.8565,14.3233
2156253000,-40.8799,18.5764,13.9725
2156353000,-41.9176,15.6095,12.6425
2156453020,-44.6945,11.7948,11.5025
2156553001,-45.2061,8.14089,10.5379
2156655500,-44.0953,3.44928,10.6109
2156755054,-42.1368,1.92926,11.941
2156855094,-41.5522,-0.906168,11.7656
2156954999,-41.5376,-3.6539,10.6255
2157055360,-42.6922,-4.96931,9.8363
2157155002,-41.8445,-6.7378,9.36861
2157254999,-42.0783,-7.70243,9.61707
2157355286,-41.9906,-8.31628,9.19322
2157455000,-42.2245,-9.28091,8.63783
2157554999,-42.1368,-10.4209,7.45396
2157655213,-41.596,-11.6048,7.04472
2157755002,-40.3975,-12.1602,7.43935
2157855001,-37.8544,-13.271,7.79012
2157955139,-35.9982,-13.7679,8.22859
2158055001,-35.2821,-14.2941,7.99474
2158155001,-35.5305,-14.5133,8.31628
2158255065,-34.3905,-14.6448,8.15551
2158355001,-33.9521,-13.841,8.14089
2158455007,-33.119,-13.8264,9.77784
2158555001,-32.6513,-14.0748,10.2309
2158655001,-32.5928,-13.1979,10.0994
2158755355,-32.6659,-11.9263,10.3917
2158855001,-32.169,-12.5402,11.1079
2158955001,-30.8828,-11.8825,11.4586
2159055282,-30.2397,-11.8679,12.5987
2159155002,-29.7135,-10.5671,13.1248
2159255001,-31.3943,-9.57322,13.4464
2159355205,-32.8997,-8.28705,13.4171
2159455000,-33.4697,-6.88395,13.3587
2159554999,-33.3967,-5.46624,14.0456
2159655131,-33.6451,-3.85852,16.0479
2159755000,-34.3905,-1.94388,15.0687
2159855001,-35.7059,0.190003,15.4925
2159955103,-36.9629,0.847705,14.8933
2160055001,-36.6852,1.1254,16.2087
2160155002,-35.8813,1.25694,15.8141
2160255001,-35.969,1.88541,15.1272
2160355001,-37.9129,1.81234,14.9372
2160455347,-39.0821,1.69541,14.2356
2160554999,-38.5706,0.935399,14.5425
2160655001,-38.7167,-0.146156,14.2502
2160755275,-39.3452,-0.774627,13.2564
2160855000,-40.1198,-2.17773,12.2333
2160955000,-41.5522,-4.01929,10.9763
2161055200,-41.9468,-6.1824,8.69629
2161155001,-42.4145,-9.13476,8.2432
2161255000,-41.8006,-10.9325,6.98626
2161355127,-41.2453,-12.2333,6.43087
2161455000,-40.2514,-14.2795,5.37854
2161555000,-40.076,-16.311,4.18006
2161655052,-39.1406,-16.808,3.94621
2161755001,-38.2344,-17.1733,3.7416
2161855415,-37.4452,-18.2549,3.47851
2161955000,-36.2029,-18.2257,4.61853
2162055000,-34.7121,-18.6203,4.70623
2162155341,-33.4259,-17.9041,5.93394
2162255002,-31.3359,-17.2903,7.84858
2162355002,-29.3628,-16.1356,8.21397
2162455275,-29.0412,-15.2295,9.8363
2162555000,-27.2581,-14.2648,10.3332
2162655002,-27.2289,-13.1833,11.3271
2162755418,-27.6673,-11.0202,12.7156
2162855007,-28.7927,-8.81321,13.6802
2162955002,-28.3251,-6.21163,15.4487
2163055123,-28.6174,-3.20082,16.1356
2163155001,-30.6635,-1.3154,16.1795
2163255002,-32.4759,0.482315,16.5741
2163355046,-33.0313,2.3385,17.0126
2163455001,-34.9021,2.64543,16.1356
2163555411,-35.2821,1.95849,16.3403
2163655000,-35.5159,1.50541,14.9956
2163755000,-37.9129,0.847705,14.6887
2163855338,-38.3952,-0.745396,13.4756
2163955002,-38.0298,-2.11926,13.2417
2164055001,-38.059,-4.41391,12.4963
2164155261,-37.5621,-6.28471,11.8533
2164255002,-38.4098,-8.30167,11.0932
2164355003,-38.8191,-10.3771,9.31014
2164455190,-38.9068,-12.2479,8.87167
2164555002,-38.9214,-13.3879,7.35165
2164655002,-37.0944,-15.1856,5.81701
2164755157,-36.4367,-16.9833,4.94008
2164855002,-36.1882,-18.4011,2.92312
2164955002,-35.9252,-19.5995,2.58696
2165055041,-35.0921,-19.468,2.55773
2165155000,-34.9898,-19.7165,2.90851
2165255404,-33.6451,-19.7603,3.21543
2165355001,-31.9936,-19.7311,2.9962
2165455003,-31.5697,-19.7895,3.96083
2165555332,-29.7428,-19.4972,5.27624
2165654999,-27.0973,-18.7226,7.48319
2165755002,-24.9927,-18.4303,7.98012
2165855257,-22.7565,-17.6557,8.02397
2165955002,-22.5519,-17.1003,9.19322
2166055002,-22.435,-15.8141,10.2894
2166155184,-22.2011,-13.3587,12.204
2166255002,-22.0696,-12.1748,13.8994
2166355000,-22.4496,-9.82169,15.3318
2166455112,-23.9988,-8.34551,15.7556
2166555002,-25.1973,-6.82549,15.7849
2166655001,-27.682,-5.75855,16.1649
2166755036,-29.2605,-4.26776,16.808
2166855000,-29.0412,-3.50775,16.311
2166955401,-28.9389,-3.37621,16.3549
2167054999,-30.2982,-2.85004,16.8372
2167155000,-33.2651,-2.64543,16.2233
2167255326,-34.4636,-2.67466,15.6679
2167355000,-35.2236,-2.68927,15.3902
2167455000,-36.1152,-3.4639,13.9579
2167557361,-35.0775,-4.51622,14.3233
2167657390,-35.6913,-6.09471,12.9787
2167757002,-37.0652,-6.48933,11.8679
2167857002,-38.1906,-8.60859,10.3332
2167957226,-36.9483,-11.2979,9.07629
2168056999,-36.3783,-13.2417,8.66706
2168157000,-36.2906,-14.4841,7.17626
2168257155,-35.0336,-15.7556,6.08009
2168357000,-35.9836,-15.7118,6.29933
2168457000,-37.2698,-16.691,4.61853
2168557081,-37.5767,-17.2172,4.60392
2168657000,-37.8837,-17.0418,4.3993
2168757002,-37.0506,-17.2903,5.46624
2168857007,-36.8021,-16.9833,5.3347
2168957000,-35.9544,-16.2818,5.94855
2169057373,-35.019,-15.551,6.94241
2169157002,-33.5282,-15.1418,8.5209
2169257002,-32.549,-13.6364,9.90938
2169357296,-30.9266,-12.4087,10.684
2169457000,-30.4297,-11.8825,11.1079
2169557000,-30.5905,-10.5963,12.6425
2169657223,-32.1982,-9.20783,13.1248
2169757000,-31.9205,-7.36627,13.5633
2169857000,-32.7097,-5.77317,14.7325
2169957150,-33.879,-4.75007,14.1187
2170057001,-35.3405,-3.85852,13.9141
2170157002,-36.846,-3.09851,13.3733
2170257075,-38.7167,-1.47618,13.461
2170357001,-39.0383,-2.17773,12.3648
2170457000,-39.0529,-3.36159,13.2125
2170557005,-37.9421,-4.41391,13.4171
2170657002,-37.8106,-5.07162,12.9056
2170757364,-37.5329,-6.09471,12.8617
2170857001,-38.1175,-6.7378,11.4733
2170957001,-39.1698,-6.59164,11.254
2171057292,-38.8921,-6.57702,10.874
2171157000,-39.1698,-5.84624,11.0348
2171257003,-40.4414,-5.56855,10.9909
2171357216,-41.3183,-4.88161,11.1956
2171457002,-40.7775,-4.82315,10.7425
2171557001,-41.4791,-5.7147,9.99708
2171657141,-39.9737,-6.60626,11.1225
2171757000,-39.0675,-7.83397,10.8156
2171857001,-39.1698,-8.84244,11.1079
2171957067,-39.9737,-8.88629,9.60246
2172057003,-39.9006,-8.97398,9.74861
2172157000,-41.0406,-9.04706,9.25168
2172257001,-40.3098,-9.85092,10.3771
2172357001,-39.8275,-9.32476,9.47091
2172457404,-40.5437,-9.19322,9.19322
2172556999,-40.8506,-8.43321,9.12014
2172657001,-41.2453,-8.85706,9.04706
2172757288,-40.9822,-9.38322,8.72552
2172857003,-39.6668,-10.114,9.04706
2172957002,-38.9214,-10.6402,9.66092
2173057216,-39.1844,-10.7425,9.16399
2173157000,-38.9798,-10.6548,9.07629
2173257001,-39.9152,-10.684,8.53552
2173357140,-39.5937,-10.2455,8.90091
2173457002,-38.7167,-9.52938,9.93861
2173557002,-38.6875,-9.42707,10.2455
2173657287,-38.9798,-9.39784,10.8448
2173757001,-38.7021,-8.72552,10.1578
2173857000,-39.4037,-8.72552,10.1871
2173957001,-37.7083,-9.14937,10.2309
2174056999,-36.5975,-9.42707,9.61707
2174157354,-36.729,-9.58784,10.6402
2174257001,-36.5536,-10.2748,10.1725
2174357000,-36.7583,-10.5963,9.54399
2174457282,-37.5037,-10.7571,9.16399
2174557000,-37.7521,-10.7425,9.23707
2174657000,-37.4744,-10.0117,9.77784
2174757207,-37.5037,-8.63783,10.8009
2174856999,-38.0152,-8.3309,9.85092
2174957000,-38.8337,-8.76937,10.0409
2175057135,-39.8422,-8.14089,9.29553
2175157001,-39.1552,-8.18474,9.86554
2175257001,-38.2052,-8.18474,10.3771
2175357062,-38.7752,-8.50628,9.55861
2175457000,-39.3014,-8.28705,9.35399
2175557424,-40.1637,-8.47705,9.38322
2175657029,-40.4852,-8.60859,8.18474
2175757002,-40.076,-7.96551,8.94475
2175857364,-39.5645,-8.08243,9.96785
2175957000,-40.646,-7.03011,9.13476
2176057002,-41.2453,-6.50395,9.63169
2176157279,-41.9906,-6.7378,9.03245
2176257000,-40.4414,-7.33704,9.82169
2176357001,-39.8422,-7.35165,10.1871
2176457203,-38.6437,-8.25782,10.5086
2176557000,-39.2721,-8.21397,9.50015
2176656999,-39.5498,-8.18474,9.4563
2176757129,-40.0175,-8.28705,9.52938
2176857002,-40.6168,-8.3309,9.96785
2176957001,-39.5498,-8.43321,9.88015
2177057055,-39.506,-7.33704,10.1286
2177157002,-40.0175,-6.66472,9.77784
2177257466,-40.6606,-7.05934,10.0409
2177357001,-41.0699,-6.67933,9.25168
2177457000,-40.1198,-6.82549,10.7863
2177557349,-39.6521,-7.38088,10.4794
2177657000,-39.0383,-7.57089,10.874
2177757001,-38.5706,-7.90704,10.2163
2177857273,-39.0091,-8.06782,10.1871
2177957000,-39.7837,-8.28705,10.2163
2178057000,-38.4829,-7.96551,10.9763
2178157199,-37.7083,-7.33704,11.6486
2178257001,-37.9129,-7.17626,12.1602
2178357000,-38.8337,-6.35779,11.0348
2178459240,-39.4914,-5.93394,11.1079
2178559263,-40.646,-6.43087,10.3479
2178659001,-39.6814,-7.42473,10.6548
2178759002,-39.6814,-8.14089,9.82169
2178859100,-38.8921,-8.84244,9.25168
2178959000,-39.5352,-9.13476,8.65244
2179059002,-40.5437,-8.76937,9.22245
2179159029,-42.283,-8.9886,7.51242
2179259001,-41.5083,-9.16399,8.95937
2179359391,-40.4414,-8.84244,9.23707
2179458999,-40.2222,-8.22859,9.39784
2179559001,-40.5145,-8.12628,9.25168
2179659318,-40.6606,-7.60012,9.61707
2179759003,-39.4037,-8.09705,9.93861
2179858999,-39.5206,-8.34551,10.1871
2179959244,-38.936,-7.89243,10.7571
2180059000,-38.8191,-8.31628,11.0202
2180159001,-39.1552,-8.53552,10.1725
2180259170,-39.2429,-8.11166,10.2894
2180359001,-39.3598,-8.37474,10.3186
2180459002,-38.8191,-8.21397,9.86554
2180559096,-39.7398,-8.53552,10.6694
2180659000,-39.6083,-7.62935,10.9471
2180759002,-39.7252,-7.49781,10.0117
2180859025,-40.4999,-7.00088,10.0555
2180959000,-40.456,-7.00088,10.0117
2181059387,-39.6814,-7.52704,10.0409
2181159000,-38.8191,-7.55627,10.4209
2181259001,-38.7752,-8.43321,10.8886
2181359313,-39.2429,-7.64396,9.924
2181459002,-40.0175,-8.00935,9.734
2181559001,-40.1052,-8.06782,10.1871
2181659241,-40.3391,-8.50628,9.80707
2181759001,-40.4852,-8.17013,10.0409
2181859000,-40.4122,-8.75475,9.35399
2181959165,-40.3975,-8.25782,9.77784
2182059002,-40.076,-7.48319,10.3917
2182158999,-40.5145,-7.05934,9.38322
2182259093,-41.0114,-6.50395,10.1578
2182359002,-40.9383,-6.54779,9.90938
2182459001,-40.9383,-6.6501,9.90938
2182559018,-40.0614,-7.62935,10.6402
2182659000,-38.2198,-8.50628,10.5671
2182759383,-38.1906,-9.2663,10.1871
2182859000,-37.2552,-10.4355,9.77784
2182959000,-37.7813,-10.5086,9.12014
2183059309,-39.0821,-10.4794,8.72552
2183158999,-38.8483,-10.0994,9.03245
2183259000,-38.9944,-10.0848,9.19322
2183359282,-38.4537,-9.70476,9.01783
2183459001,-38.3221,-10.0848,8.49167
2183559000,-37.5621,-10.5525,8.97398
2183659170,-36.6706,-11.8094,8.60859
2183759000,-33.8644,-12.9933,9.42707
2183859001,-32.1397,-14.4256,9.52938
2183959090,-28.822,-14.6741,10.2748
2184058999,-27.1704,-15.3172,9.38322
2184159006,-25.9281,-15.7264,9.14937
2184259018,-25.1681,-16.0918,8.3309
2184359002,-23.1511,-16.4426,8.46244
2184459602,-20.6665,-16.1941,9.41245
2184559166,-17.9334,-15.1856,10.0555
2184659000,-14.8056,-14.2648,10.7425
2184759310,-11.5317,-12.9202,10.5671
2184859001,-7.83397,-10.8448,11.0932
2184959001,-4.54545,-8.17013,11.4733
2185059235,-0.146156,-4.61853,11.3709
2185159001,2.89389,-1.98772,10.4794
2185259002,6.02163,1.81234,9.82169
2185359161,8.72552,5.02777,9.4563
2185459002,9.25168,8.18474,9.32476
2185559001,9.69015,10.6402,9.67553
2185659092,10.5671,12.2333,9.14937
2185759003,9.85092,12.774,8.87167
2185859003,10.1871,13.5779,9.50015
2185959014,9.77784,13.4756,9.50015
2186059002,10.2894,14.6448,9.41245
2186159378,10.6109,15.6387,9.12014
2186259001,11.254,16.501,9.20783
2186359002,11.2979,17.5387,8.0532
2186459304,11.5317,18.4449,8.00935
2186559000,12.4817,18.3718,7.61473
2186659000,12.6717,18.2403,6.66472
2186759229,12.7887,18.2841,7.14703
2186859000,12.7887,17.5241,7.14703
2186959000,12.6717,17.3195,7.36627
2187059156,13.0225,17.378,7.2055
2187158999,13.0079,17.7433,6.66472
2187259001,12.701,17.4949,8.50628
2187359084,10.9032,17.5387,9.28091
2187459001,10.2748,17.831,9.57322
2187559001,10.2017,17.758,10.0117
2187659006,9.55861,18.0941,10.304
2187759000,9.20783,18.4887,10.4502
2187859373,9.50015,20.4765,10.4794
2187959002,9.44168,22.0696,9.57322
2188059001,9.58784,23.8088,9.48553
2188159342,7.7755,26.5858,11.4002
2188259001,6.09471,29.2605,10.6109
2188359002,4.66238,30.7951,11.2686
2188459225,2.45542,31.4089,12.0871
2188559002,2.77697,32.1105,11.9556
2188659000,2.98158,32.6805,11.824
2188759155,2.63081,32.622,12.1602
2188859002,1.05232,33.4405,11.8533
2188959000,0.204619,33.9959,11.9263
2189059080,-0.555393,34.5367,11.2979
2189159002,-0.643087,34.4782,11.9556
2189259001,-0.555393,34.7998,12.0433
2189361110,-0.643087,35.0336,12.4379
2189461138,-2.03157,35.3405,12.7448
2189561002,-1.5931,35.209,12.5694
2189661426,-1.37387,35.4429,12.6425
2189760999,-2.07542,35.5598,12.1748
2189861001,-2.14849,35.7936,12.5987
2189961348,-1.91464,35.4721,13.154
2190061000,-1.73926,35.3698,12.1748
2190161000,-1.5931,35.7352,12.511
2190261274,-2.23619,35.5452,13.5633
2190361002,-1.95849,35.3259,13.0225
2190461002,-1.98772,35.0628,12.4379
2190561200,-2.10465,35.4429,12.8179
2190661000,-1.98772,35.0336,12.5548
2190761001,-1.69541,35.0336,13.3587
2190861162,-2.00234,35.3259,13.3441
2190961000,-1.92926,35.3113,13.0371
2191061002,-1.90003,35.3259,13.1248
2191161096,-1.97311,35.4721,12.2333
2191261000,-1.44695,35.1505,13.7241
2191361462,-1.57849,35.4867,12.7448
2191461021,-1.94388,35.5744,13.3733
2191561001,-1.81234,35.589,13.0664
2191661389,-1.63695,35.2821,12.7302
2191761000,-1.72464,35.5013,13.0956
2191861000,-1.95849,36.0129,12.4525
2191961315,-1.92926,35.2382,11.941
2192061002,-1.60772,35.4282,12.3502
2192161002,-1.72464,35.2967,12.511
2192261239,-1.94388,35.5305,12.6571
2192361002,-2.04619,35.5598,12.321
2192461000,-1.53464,35.1505,13.2564
2192561167,-1.65156,35.6913,12.3502
2192661000,-1.79772,35.4429,13.0079
2192761000,-2.0608,35.5598,12.6425
2192861094,-1.7831,35.1944,12.584
2192961003,-1.7831,35.0482,12.131
2193061458,-1.54925,34.8582,13.2271
2193161021,-1.5931,35.3259,12.511
2193261000,-2.30927,35.0482,12.0286
2193361387,-2.39696,35.5013,12.131
2193461000,-1.95849,35.0044,13.0225
2193561001,-2.07542,34.9752,12.2186
2193661317,-1.97311,35.3405,12.2186
2193761000,-2.04619,34.7559,12.511
2193861000,-1.62233,35.0336,12.5256
2193961239,-2.19234,35.4136,12.321
2194060999,-1.90003,35.0336,12.3063
2194161001,-2.13388,35.2967,12.1017
2194261207,-2.17773,35.0336,12.3794
2194361000,-2.09003,35.3405,12.584
2194461001,-1.98772,35.1067,12.3648
2194561093,-1.71003,35.3844,12.964
2194661002,-2.32388,34.7705,12.1456
2194761457,-2.14849,35.1359,12.6133
2194861019,-1.91464,35.1067,12.6863
2194961000,-2.03157,35.1505,11.824
2195061384,-1.47618,35.209,11.941
2195161002,-2.16311,35.4136,12.584
2195261001,-2.17773,35.5159,12.891
2195361530,-1.95849,35.1652,12.4233
2195461093,-1.57849,35.3113,12.7302
2195561001,-1.8708,35.6329,12.7156
2195661242,-1.94388,35.1944,12.4233
2195761003,-1.75387,35.019,12.5694
2195861003,-1.85618,34.9167,13.1687
2195961162,-1.91464,35.0044,12.3063
2196061002,-1.73926,35.1213,12.2479
2196161001,-1.98772,34.9898,12.2186
2196261448,-1.6808,34.6975,12.4087
2196361002,-1.60772,35.3113,12.1894
2196461678,-1.41771,35.1359,13.3733
2196561015,-2.09003,34.9605,12.4233
2196661226,-1.92926,35.0628,12.511
2196761378,-1.50541,35.4429,12.5694
2196861232,-2.2508,35.209,12.3794
2196961001,-2.07542,35.3405,12.2625
2197061529,-1.82695,35.0628,12.2479
2197161002,-1.60772,35.399,12.2625
2197261905,-1.85618,35.2382,12.584
2197361235,-2.03157,35.3259,13.2417
2197461224,-2.11926,35.0044,12.5548
2197561001,-2.14849,34.9459,12.964
2197661383,-2.01695,34.7121,12.5402
2197761000,-1.88541,35.0775,12.584
2197860999,-2.0608,34.9898,11.9848
2197961088,-2.04619,35.0336,12.8033
2198061001,-2.07542,34.9021,12.5548
2198161454,-2.00234,35.3113,12.0871
2198261013,-1.82695,34.5513,11.9848
2198361002,-1.56387,34.7998,12.8471
2198461379,-1.69541,35.0336,12.5987
2198561001,-1.79772,34.8436,11.9848
2198661000,-1.65156,35.2382,12.5402
2198761306,-1.8708,35.3844,12.4817
2198861001,-1.81234,34.7851,12.7594
2198961000,-1.57849,35.4136,12.774
2199061280,-1.95849,35.2382,12.3063
2199161003,-2.09003,35.1944,11.824
2199261001,-2.22157,35.1944,12.584
2199361159,-2.13388,34.8728,12.321
2199460999,-1.98772,34.7559,12.1894
2199561002,-1.82695,35.3259,12.1017
2199661086,-2.10465,35.6913,12.4233
2199761000,-1.44695,35.6036,12.9933
2199861456,-2.39696,34.9898,12.0579
2199961012,-1.90003,35.3113,12.2771
2200061002,-2.13388,35.1505,12.2479
2200163483,-1.49079,35.3113,12.0871
2200263955,-2.14849,34.9898,12.3794
2200363123,-1.34464,35.1798,12.4671
2200462999,-1.85618,35.5159,12.8033
2200563354,-1.65156,35.399,12.5694
2200663225,-2.44081,35.2528,12.6133
2200763002,-2.29465,35.3698,12.511
2200863529,-2.13388,35.1505,12.5548
2200963000,-2.10465,34.7998,12.6279
2201063913,-1.8708,34.9605,12.5402
2201163206,-1.56387,35.2821,13.081
2201263224,-1.65156,35.5744,12.5987
2201363002,-1.76849,34.829,12.701
2201463356,-1.76849,34.8728,13.3733
2201563002,-2.01695,35.3113,12.4817
2201663955,-1.7831,34.9898,12.3794
2201763060,-1.57849,34.7998,12.3063
2201863238,-2.3385,34.9605,12.0579
2201963426,-1.85618,34.9459,13.1394
2202063223,-2.23619,35.5452,12.2479
2202163003,-1.79772,35.5013,12.6133
2202263350,-1.63695,35.0921,12.4233
2202363002,-2.22157,35.2382,12.6863
2202463001,-1.60772,35.1067,12.1748
2202563279,-1.79772,35.7206,12.4379
2202663002,-2.03157,34.9752,12.5694
2202763001,-1.50541,35.4867,12.7302
2202863203,-1.85618,34.8144,12.4963
2202963004,-2.0608,35.2675,12.7594
2203063001,-1.66618,35.4429,13.0956
2203163131,-2.04619,35.4136,12.0871
2203263000,-1.92926,35.1798,13.1248
2203363007,-1.90003,35.6329,13.1394
2203463055,-2.09003,35.1798,12.964
2203563002,-2.07542,35.6475,12.6717
2203663423,-2.20696,35.3698,13.2856
2203763000,-2.35311,35.3552,12.7594
2203863000,-1.73926,35.1652,13.0225
2203963350,-1.97311,34.8436,12.4671
2204063001,-1.92926,34.8144,13.4025
2204163001,-2.07542,35.1359,12.5987
2204263273,-2.3385,34.8875,12.701
2204363000,-2.2508,35.0775,12.4379
2204463002,-2.3385,34.7413,12.9494
2204563203,-2.20696,35.0921,12.9933
2204663002,-1.94388,34.4198,13.0517
2204763002,-2.2508,35.1944,12.8179
2204863129,-1.75387,34.8582,12.7887
2204963001,-2.45542,35.2236,12.3648
2205063004,-1.97311,35.5159,13.154
2205163101,-2.19234,35.7059,12.7448
2205263001,-1.91464,34.8728,12.2186
2205363419,-1.73926,35.3552,12.4087
2205463134,-1.97311,35.2236,12.8471
2205563001,-2.01695,35.019,12.1748
2205663499,-1.97311,34.9898,11.634
2205763037,-1.90003,34.4782,12.2771
2205863003,-2.07542,34.9605,11.9263
2205963402,-1.85618,35.4282,12.9202
2206063000,-2.29465,35.2967,13.0956
2206163001,-2.00234,35.0044,12.1894
2206263421,-1.92926,35.4136,12.3063
2206362999,-1.7831,35.3259,12.8325
2206463002,-1.81234,35.7206,12.3794
2206563127,-1.75387,34.8875,12.964
2206663002,-2.0608,35.4721,12.3648
2206763005,-1.5931,34.8436,12.1602
2206863054,-2.14849,35.2236,12.0871
2206963001,-2.16311,35.399,11.7071
2207063553,-1.5931,34.7267,11.9994
2207163113,-1.95849,35.2528,12.2333
2207263000,-1.85618,35.1505,12.3502
2207363345,-1.33002,35.019,12.5256
2207463002,-2.04619,35.3552,13.0956
2207563001,-1.54925,35.2821,12.2771
2207663273,-2.14849,35.399,12.5256
2207763001,-1.82695,35.0336,12.2771
2207863000,-1.73926,35.0044,12.4379
2207963201,-1.49079,34.9898,12.3502
2208063000,-1.50541,35.4721,12.1602
2208163001,-1.62233,35.2967,12.3794
2208263126,-1.33002,35.4136,12.9933
2208363000,-1.5931,34.8582,12.7887
2208463001,-2.01695,35.019,13.0664
2208563053,-1.57849,35.1067,12.321
2208663000,-1.41771,34.9021,12.8617
2208763417,-1.92926,34.9021,12.6133
2208863005,-1.56387,34.5513,12.6571
2208963000,-1.37387,34.829,12.8325
2209063347,-1.37387,35.3113,12.4087
2209163000,-2.20696,35.1798,12.321
2209263001,-2.22157,34.9459,13.2417
2209363272,-1.62233,34.9605,12.6571
2209463000,-1.47618,35.1213,12.1163
2209563000,-1.53464,34.8728,12.6279
2209663197,-1.35925,35.2821,12.1602
2209763001,-1.62233,34.9167,12.5256
2209863002,-1.62233,35.0336,12.2479
2209963170,-1.53464,34.7267,12.131
2210063000,-1.85618,35.399,12.014
2210163003,-2.09003,35.3405,12.394
2210263051,-1.65156,35.0775,12.131
2210363000,-1.38848,34.9898,12.2333
2210463418,-1.56387,35.1944,12.6133
2210563002,-1.43233,35.1505,12.3063
2210663001,-1.90003,34.6975,12.7156
2210763344,-1.34464,34.8875,12.2771
2210863001,-1.47618,34.5513,12.1017
2210963001,-1.60772,34.4198,13.271
2211065377,-1.81234,34.8436,12.4525
2211165407,-1.88541,34.8144,12.8179
2211265013,-1.7831,35.0628,12.964
2211364999,-2.19234,35.2675,13.1394
2211465247,-1.81234,34.6536,12.0433
2211565000,-1.84157,34.9167,13.3148
2211664999,-1.79772,34.8875,13.2564
2211765174,-2.0608,34.9752,13.154
2211864999,-1.97311,34.8582,12.6717
2211964999,-1.84157,34.9752,11.9117
2212065100,-1.62233,34.7121,12.4379
2212165002,-1.82695,34.9898,11.8825
2212265465,-2.17773,35.1505,12.8764
2212365026,-2.45542,35.0775,12.6279
2212465000,-2.01695,34.8875,12.394
2212565438,-1.8708,35.1359,12.7448
2212665000,-1.69541,35.1213,12.2479
2212765001,-1.95849,35.0921,12.6863
2212865318,-1.8708,35.1652,12.9494
2212965002,-2.22157,35.1944,12.4671
2213064999,-1.75387,34.8436,12.6717
2213165247,-1.79772,34.7851,12.2186
2213265004,-1.82695,35.0921,12.8764
2213365002,-1.53464,34.7998,13.1979
