# t_us, acc_bias_frd_xyz [m/s^2], gyr_bias_frd_xyz [rad/s], baro_bias_Pa, h_m, vd_mps
0,0.000000,0.000000,0.000000,0.00000000,0.00000000,0.00000000,0.000,10.0000,-1.6833
100000,0.000000,0.000000,0.000000,0.00000000,0.00000000,0.00000000,0.000,10.1684,-1.6849
200000,0.000000,0.000000,0.000000,0.00000000,0.00000000,0.00000000,0.000,10.3370,-1.6861
300000,0.000000,0.000000,0.000000,0.00000000,0.00000000,0.00000000,0.000,10.5056,-1.6867
400000,0.000000,0.000000,0.000000,0.00000000,0.00000000,0.00000000,0.000,10.6743,-1.6869
500000,0.000000,0.000000,0.000000,0.00000000,0.00000000,0.00000000,0.000,10.8430,-1.6866
600000,0.000000,0.000000,0.000000,0.00000000,0.00000000,0.00000000,0.000,11.0116,-1.6858
700000,0.000000,0.000000,0.000000,0.00000000,0.00000000,0.00000000,0.000,11.1801,-1.6845
800000,0.000000,0.000000,0.000000,0.00000000,0.00000000,0.00000000,0.000,11.3485,-1.6828
900000,0.000000,0.000000,0.000000,0.00000000,0.00000000,0.00000000,0.000,11.5167,-1.6806
1000000,0.000000,0.000000,0.000000,0.00000000,0.00000000,0.00000000,0.000,11.6846,-1.6779
1100000,0.000000,0.000000,0.000000,0.00000000,0.00000000,0.00000000,0.000,11.8522,-1.6748
1200000,0.000000,0.000000,0.000000,0.00000000,0.00000000,0.00000000,0.000,12.0195,-1.6712
1300000,0.000000,0.000000,0.000000,0.00000000,0.00000000,0.00000000,0.000,12.1864,-1.6670
1400000,0.000000,0.000000,0.000000,0.00000000,0.00000000,0.00000000,0.000,12.3529,-1.6625
1500000,0.000000,0.000000,0.000000,0.00000000,0.00000000,0.00000000,0.000,12.5189,-1.6574
1600000,0.000000,0.000000,0.000000,0.00000000,0.00000000,0.00000000,0.000,12.6844,-1.6519
1700000,0.000000,0.000000,0.000000,0.00000000,0.00000000,0.00000000,0.000,12.8493,-1.6459
1800000,0.000000,0.000000,0.000000,0.00000000,0.00000000,0.00000000,0.000,13.0136,-1.6394
1900000,0.000000,0.000000,0.000000,0.00000000,0.00000000,0.00000000,0.000,13.1772,-1.6325
2000000,0.000000,0.000000,0.000000,0.00000000,0.00000000,0.00000000,0.000,13.3400,-1.6250
2100000,0.000000,0.000000,0.000000,0.00000000,0.00000000,0.00000000,0.000,13.5021,-1.6171
2200000,0.000000,0.000000,0.000000,0.00000000,0.00000000,0.00000000,0.000,13.6634,-1.6087
2300000,0.000000,0.000000,0.000000,0.00000000,0.00000000,0.00000000,0.000,13.8239,-1.5999
2400000,0.000000,0.000000,0.000000,0.00000000,0.00000000,0.00000000,0.000,13.9834,-1.5906
2500000,0.000000,0.000000,0.000000,0.00000000,0.00000000,0.00000000,0.000,14.1420,-1.5808
2600000,0.000000,0.000000,0.000000,0.00000000,0.00000000,0.00000000,0.000,14.2995,-1.5705
2700000,0.000000,0.000000,0.000000,0.00000000,0.00000000,0.00000000,0.000,14.4561,-1.5597
2800000,0.000000,0.000000,0.000000,0.00000000,0.00000000,0.00000000,0.000,14.6115,-1.5485
2900000,0.000000,0.000000,0.000000,0.00000000,0.00000000,0.00000000,0.000,14.7657,-1.5368
3000000,0.000000,0.000000,0.000000,0.00000000,0.00000000,0.00000000,0.000,14.9188,-1.5246
3100000,0.000000,0.000000,0.000000,0.00000000,0.00000000,0.00000000,0.000,15.0706,-1.5120
3200000,0.000000,0.000000,0.000000,0.00000000,0.00000000,0.00000000,0.000,15.2212,-1.4988
3300000,0.000000,0.000000,0.000000,0.00000000,0.00000000,0.00000000,0.000,15.3704,-1.4852
3400000,0.000000,0.000000,0.000000,0.00000000,0.00000000,0.00000000,0.000,15.5182,-1.4711
3500000,0.000000,0.000000,0.000000,0.00000000,0.00000000,0.00000000,0.000,15.6646,-1.4566
3600000,0.000000,0.000000,0.000000,0.00000000,0.00000000,0.00000000,0.000,15.8095,-1.4416
3700000,0.000000,0.000000,0.000000,0.00000000,0.00000000,0.00000000,0.000,15.9529,-1.4261
3800000,0.000000,0.000000,0.000000,0.00000000,0.00000000,0.00000000,0.000,16.0947,-1.4101
3900000,0.000000,0.000000,0.000000,0.00000000,0.00000000,0.00000000,0.000,16.2349,-1.3936
4000000,0.000000,0.000000,0.000000,0.00000000,0.00000000,0.00000000,0.000,16.3734,-1.3767
4100000,0.000000,0.000000,0.000000,0.00000000,0.00000000,0.00000000,0.000,16.5102,-1.3593
4200000,0.000000,0.000000,0.000000,0.00000000,0.00000000,0.00000000,0.000,16.6453,-1.3414
4300000,0.000000,0.000000,0.000000,0.00000000,0.00000000,0.00000000,0.000,16.7785,-1.3230
4400000,0.000000,0.000000,0.000000,0.00000000,0.00000000,0.00000000,0.000,16.9099,-1.3042
4500000,0.000000,0.000000,0.000000,0.00000000,0.00000000,0.00000000,0.000,17.0393,-1.2849
4600000,0.000000,0.000000,0.000000,0.00000000,0.00000000,0.00000000,0.000,17.1668,-1.2651
4700000,0.000000,0.000000,0.000000,0.00000000,0.00000000,0.00000000,0.000,17.2923,-1.2449
4800000,0.000000,0.000000,0.000000,0.00000000,0.00000000,0.00000000,0.000,17.4158,-1.2241
4900000,0.000000,0.000000,0.000000,0.00000000,0.00000000,0.00000000,0.000,17.5371,-1.2029
5000000,0.000000,0.000000,0.000000,0.00000000,0.00000000,0.00000000,0.000,17.6563,-1.1813
5100000,0.000000,0.000000,0.000000,0.00000000,0.00000000,0.00000000,0.000,17.7734,-1.1591
5200000,0.000000,0.000000,0.000000,0.00000000,0.00000000,0.00000000,0.000,17.8882,-1.1365
5300000,0.000000,0.000000,0.000000,0.00000000,0.00000000,0.00000000,0.000,18.0006,-1.1134
5400000,0.000000,0.000000,0.000000,0.00000000,0.00000000,0.00000000,0.000,18.1108,-1.0898
5500000,0.000000,0.000000,0.000000,0.00000000,0.00000000,0.00000000,0.000,18.2186,-1.0657
5600000,0.000000,0.000000,0.000000,0.00000000,0.00000000,0.00000000,0.000,18.3239,-1.0412
5700000,0.000000,0.000000,0.000000,0.00000000,0.00000000,0.00000000,0.000,18.4268,-1.0162
5800000,0.000000,0.000000,0.000000,0.00000000,0.00000000,0.00000000,0.000,18.5272,-0.9907
5900000,0.000000,0.000000,0.000000,0.00000000,0.00000000,0.00000000,0.000,18.6249,-0.9647
6000000,0.000000,0.000000,0.000000,0.00000000,0.00000000,0.00000000,0.000,18.7201,-0.9383
6100000,0.000000,0.000000,0.000000,0.00000000,0.00000000,0.00000000,0.000,18.8126,-0.9114
6200000,0.000000,0.000000,0.000000,0.00000000,0.00000000,0.00000000,0.000,18.9024,-0.8840
6300000,0.000000,0.000000,0.000000,0.00000000,0.00000000,0.00000000,0.000,18.9894,-0.8562
6400000,0.000000,0.000000,0.000000,0.00000000,0.00000000,0.00000000,0.000,19.0736,-0.8278
6500000,0.000000,0.000000,0.000000,0.00000000,0.00000000,0.00000000,0.000,19.1549,-0.7990
6600000,0.000000,0.000000,0.000000,0.00000000,0.00000000,0.00000000,0.000,19.2334,-0.7698
6700000,0.000000,0.000000,0.000000,0.00000000,0.00000000,0.00000000,0.000,19.3089,-0.7400
6800000,0.000000,0.000000,0.000000,0.00000000,0.00000000,0.00000000,0.000,19.3814,-0.7098
6900000,0.000000,0.000000,0.000000,0.00000000,0.00000000,0.00000000,0.000,19.4508,-0.6791
7000000,0.000000,0.000000,0.000000,0.00000000,0.00000000,0.00000000,0.000,19.5172,-0.6479
7100000,0.000000,0.000000,0.000000,0.00000000,0.00000000,0.00000000,0.000,19.5804,-0.6162
7200000,0.000000,0.000000,0.000000,0.00000000,0.00000000,0.00000000,0.000,19.6404,-0.5841
7300000,0.000000,0.000000,0.000000,0.00000000,0.00000000,0.00000000,0.000,19.6972,-0.5515
7400000,0.000000,0.000000,0.000000,0.00000000,0.00000000,0.00000000,0.000,19.7507,-0.5184
7500000,0.000000,0.000000,0.000000,0.00000000,0.00000000,0.00000000,0.000,19.8008,-0.4848
7600000,0.000000,0.000000,0.000000,0.00000000,0.00000000,0.00000000,0.000,19.8476,-0.4508
7700000,0.000000,0.000000,0.000000,0.00000000,0.00000000,0.00000000,0.000,19.8910,-0.4163
7800000,0.000000,0.000000,0.000000,0.00000000,0.00000000,0.00000000,0.000,19.9309,-0.3813
7900000,0.000000,0.000000,0.000000,0.00000000,0.00000000,0.00000000,0.000,19.9672,-0.3459
8000000,0.000000,0.000000,0.000000,0.00000000,0.00000000,0.00000000,0.000,20.0000,-0.3099
8100000,0.000000,0.000000,0.000000,0.00000000,0.00000000,0.00000000,0.000,20.0309,-0.3079
8200000,0.000000,0.000000,0.000000,0.00000000,0.00000000,0.00000000,0.000,20.0616,-0.3059
8300000,0.000000,0.000000,0.000000,0.00000000,0.00000000,0.00000000,0.000,20.0921,-0.3039
8400000,0.000000,0.000000,0.000000,0.00000000,0.00000000,0.00000000,0.000,20.1224,-0.3019
8500000,0.000000,0.000000,0.000000,0.00000000,0.00000000,0.00000000,0.000,20.1525,-0.2998
8600000,0.000000,0.000000,0.000000,0.00000000,0.00000000,0.00000000,0.000,20.1823,-0.2978
8700000,0.000000,0.000000,0.000000,0.00000000,0.00000000,0.00000000,0.000,20.2120,-0.2957
8800000,0.000000,0.000000,0.000000,0.00000000,0.00000000,0.00000000,0.000,20.2415,-0.2936
8900000,0.000000,0.000000,0.000000,0.00000000,0.00000000,0.00000000,0.000,20.2707,-0.2915
9000000,0.000000,0.000000,0.000000,0.00000000,0.00000000,0.00000000,0.000,20.2998,-0.2895
9100000,0.000000,0.000000,0.000000,0.00000000,0.00000000,0.00000000,0.000,20.3286,-0.2874
9200000,0.000000,0.000000,0.000000,0.00000000,0.00000000,0.00000000,0.000,20.3573,-0.2852
9300000,0.000000,0.000000,0.000000,0.00000000,0.00000000,0.00000000,0.000,20.3857,-0.2831
9400000,0.000000,0.000000,0.000000,0.00000000,0.00000000,0.00000000,0.000,20.4139,-0.2810
9500000,0.000000,0.000000,0.000000,0.00000000,0.00000000,0.00000000,0.000,20.4419,-0.2789
9600000,0.000000,0.000000,0.000000,0.00000000,0.00000000,0.00000000,0.000,20.4697,-0.2767
9700000,0.000000,0.000000,0.000000,0.00000000,0.00000000,0.00000000,0.000,20.4972,-0.2746
9800000,0.000000,0.000000,0.000000,0.00000000,0.00000000,0.00000000,0.000,20.5246,-0.2724
9900000,0.000000,0.000000,0.000000,0.00000000,0.00000000,0.00000000,0.000,20.5517,-0.2702
10000000,0.000000,0.000000,0.000000,0.00000000,0.00000000,0.00000000,0.000,20.5786,-0.2680
10100000,0.000000,0.000000,0.000000,0.00000000,0.00000000,0.00000000,0.000,20.6053,-0.2658
10200000,0.000000,0.000000,0.000000,0.00000000,0.00000000,0.00000000,0.000,20.6318,-0.2636
10300000,0.000000,0.000000,0.000000,0.00000000,0.00000000,0.00000000,0.000,20.6580,-0.2614
10400000,0.000000,0.000000,0.000000,0.00000000,0.00000000,0.00000000,0.000,20.6840,-0.2592
10500000,0.000000,0.000000,0.000000,0.00000000,0.00000000,0.00000000,0.000,20.7099,-0.2569
10600000,0.000000,0.000000,0.000000,0.00000000,0.00000000,0.00000000,0.000,20.7354,-0.2547
10700000,0.000000,0.000000,0.000000,0.00000000,0.00000000,0.00000000,0.000,20.7608,-0.2524
10800000,0.000000,0.000000,0.000000,0.00000000,0.00000000,0.00000000,0.000,20.7859,-0.2502
10900000,0.000000,0.000000,0.000000,0.00000000,0.00000000,0.00000000,0.000,20.8108,-0.2479
11000000,0.000000,0.000000,0.000000,0.00000000,0.00000000,0.00000000,0.000,20.8355,-0.2456
11100000,0.000000,0.000000,0.000000,0.00000000,0.00000000,0.00000000,0.000,20.8600,-0.2433
11200000,0.000000,0.000000,0.000000,0.00000000,0.00000000,0.00000000,0.000,20.8842,-0.2410
11300000,0.000000,0.000000,0.000000,0.00000000,0.00000000,0.00000000,0.000,20.9082,-0.2387
11400000,0.000000,0.000000,0.000000,0.00000000,0.00000000,0.00000000,0.000,20.9319,-0.2364
11500000,0.000000,0.000000,0.000000,0.00000000,0.00000000,0.00000000,0.000,20.9554,-0.2340
11600000,0.000000,0.000000,0.000000,0.00000000,0.00000000,0.00000000,0.000,20.9787,-0.2317
11700000,0.000000,0.000000,0.000000,0.00000000,0.00000000,0.00000000,0.000,21.0018,-0.2293
11800000,0.000000,0.000000,0.000000,0.00000000,0.00000000,0.00000000,0.000,21.0246,-0.2270
11900000,0.000000,0.000000,0.000000,0.00000000,0.00000000,0.00000000,0.000,21.0472,-0.2246
12000000,0.000000,0.000000,0.000000,0.00000000,0.00000000,0.00000000,0.000,21.0695,-0.2222
12100000,0.000000,0.000000,0.000000,0.00000000,0.00000000,0.00000000,0.000,21.0916,-0.2198
12200000,0.000000,0.000000,0.000000,0.00000000,0.00000000,0.00000000,0.000,21.1135,-0.2174
12300000,0.000000,0.000000,0.000000,0.00000000,0.00000000,0.00000000,0.000,21.1351,-0.2150
12400000,0.000000,0.000000,0.000000,0.00000000,0.00000000,0.00000000,0.000,21.1565,-0.2126
12500000,0.000000,0.000000,0.000000,0.00000000,0.00000000,0.00000000,0.000,21.1776,-0.2102
12600000,0.000000,0.000000,0.000000,0.00000000,0.00000000,0.00000000,0.000,21.1985,-0.2077
12700000,0.000000,0.000000,0.000000,0.00000000,0.00000000,0.00000000,0.000,21.2192,-0.2053
12800000,0.000000,0.000000,0.000000,0.00000000,0.00000000,0.00000000,0.000,21.2396,-0.2028
12900000,0.000000,0.000000,0.000000,0.00000000,0.00000000,0.00000000,0.000,21.2597,-0.2003
13000000,0.000000,0.000000,0.000000,0.00000000,0.00000000,0.00000000,0.000,21.2796,-0.1979
13100000,0.000000,0.000000,0.000000,0.00000000,0.00000000,0.00000000,0.000,21.2993,-0.1954
13200000,0.000000,0.000000,0.000000,0.00000000,0.00000000,0.00000000,0.000,21.3187,-0.1929
13300000,0.000000,0.000000,0.000000,0.00000000,0.00000000,0.00000000,0.000,21.3379,-0.1904
13400000,0.000000,0.000000,0.000000,0.00000000,0.00000000,0.00000000,0.000,21.3568,-0.1878
13500000,0.000000,0.000000,0.000000,0.00000000,0.00000000,0.00000000,0.000,21.3754,-0.1853
13600000,0.000000,0.000000,0.000000,0.00000000,0.00000000,0.00000000,0.000,21.3939,-0.1828
13700000,0.000000,0.000000,0.000000,0.00000000,0.00000000,0.00000000,0.000,21.4120,-0.1802
13800000,0.000000,0.000000,0.000000,0.00000000,0.00000000,0.00000000,0.000,21.4299,-0.1777
13900000,0.000000,0.000000,0.000000,0.00000000,0.00000000,0.00000000,0.000,21.4475,-0.1751
14000000,0.000000,0.000000,0.000000,0.00000000,0.00000000,0.00000000,0.000,21.4649,-0.1725
14100000,0.000000,0.000000,0.000000,0.00000000,0.00000000,0.00000000,0.000,21.4820,-0.1699
14200000,0.000000,0.000000,0.000000,0.00000000,0.00000000,0.00000000,0.000,21.4989,-0.1673
14300000,0.000000,0.000000,0.000000,0.00000000,0.00000000,0.00000000,0.000,21.5155,-0.1647
14400000,0.000000,0.000000,0.000000,0.00000000,0.00000000,0.00000000,0.000,21.5319,-0.1621
14500000,0.000000,0.000000,0.000000,0.00000000,0.00000000,0.00000000,0.000,21.5479,-0.1595
14600000,0.000000,0.000000,0.000000,0.00000000,0.00000000,0.00000000,0.000,21.5638,-0.1568
14700000,0.000000,0.000000,0.000000,0.00000000,0.00000000,0.00000000,0.000,21.5793,-0.1542
14800000,0.000000,0.000000,0.000000,0.00000000,0.00000000,0.00000000,0.000,21.5946,-0.1515
14900000,0.000000,0.000000,0.000000,0.00000000,0.00000000,0.00000000,0.000,21.6096,-0.1489
15000000,0.000000,0.000000,0.000000,0.00000000,0.00000000,0.00000000,0.000,21.6244,-0.1462
15100000,0.000000,0.000000,0.000000,0.00000000,0.00000000,0.00000000,0.000,21.6389,-0.1435
15200000,0.000000,0.000000,0.000000,0.00000000,0.00000000,0.00000000,0.000,21.6531,-0.1408
15300000,0.000000,0.000000,0.000000,0.00000000,0.00000000,0.00000000,0.000,21.6670,-0.1381
15400000,0.000000,0.000000,0.000000,0.00000000,0.00000000,0.00000000,0.000,21.6807,-0.1354
15500000,0.000000,0.000000,0.000000,0.00000000,0.00000000,0.00000000,0.000,21.6941,-0.1327
15600000,0.000000,0.000000,0.000000,0.00000000,0.00000000,0.00000000,0.000,21.7072,-0.1299
15700000,0.000000,0.000000,0.000000,0.00000000,0.00000000,0.00000000,0.000,21.7201,-0.1272
15800000,0.000000,0.000000,0.000000,0.00000000,0.00000000,0.00000000,0.000,21.7327,-0.1245
15900000,0.000000,0.000000,0.000000,0.00000000,0.00000000,0.00000000,0.000,21.7450,-0.1217
16000000,0.000000,0.000000,0.000000,0.00000000,0.00000000,0.00000000,0.000,21.7570,-0.1189
16100000,0.000000,0.000000,0.000000,0.00000000,0.00000000,0.00000000,0.000,21.7688,-0.1161
16200000,0.000000,0.000000,0.000000,0.00000000,0.00000000,0.00000000,0.000,21.7803,-0.1133
16300000,0.000000,0.000000,0.000000,0.00000000,0.00000000,0.00000000,0.000,21.7915,-0.1105
16400000,0.000000,0.000000,0.000000,0.00000000,0.00000000,0.00000000,0.000,21.8024,-0.1077
16500000,0.000000,0.000000,0.000000,0.00000000,0.00000000,0.00000000,0.000,21.8130,-0.1049
16600000,0.000000,0.000000,0.000000,0.00000000,0.00000000,0.00000000,0.000,21.8234,-0.1021
16700000,0.000000,0.000000,0.000000,0.00000000,0.00000000,0.00000000,0.000,21.8334,-0.0992
16800000,0.000000,0.000000,0.000000,0.00000000,0.00000000,0.00000000,0.000,21.8432,-0.0964
16900000,0.000000,0.000000,0.000000,0.00000000,0.00000000,0.00000000,0.000,21.8527,-0.0935
17000000,0.000000,0.000000,0.000000,0.00000000,0.00000000,0.00000000,0.000,21.8619,-0.0907
17100000,0.000000,0.000000,0.000000,0.00000000,0.00000000,0.00000000,0.000,21.8708,-0.0878
17200000,0.000000,0.000000,0.000000,0.00000000,0.00000000,0.00000000,0.000,21.8795,-0.0849
17300000,0.000000,0.000000,0.000000,0.00000000,0.00000000,0.00000000,0.000,21.8878,-0.0820
17400000,0.000000,0.000000,0.000000,0.00000000,0.00000000,0.00000000,0.000,21.8959,-0.0791
17500000,0.000000,0.000000,0.000000,0.00000000,0.00000000,0.00000000,0.000,21.9036,-0.0762
17600000,0.000000,0.000000,0.000000,0.00000000,0.00000000,0.00000000,0.000,21.9111,-0.0732
17700000,0.000000,0.000000,0.000000,0.00000000,0.00000000,0.00000000,0.000,21.9183,-0.0703
17800000,0.000000,0.000000,0.000000,0.00000000,0.00000000,0.00000000,0.000,21.9252,-0.0673
17900000,0.000000,0.000000,0.000000,0.00000000,0.00000000,0.00000000,0.000,21.9317,-0.0644
18000000,0.000000,0.000000,0.000000,0.00000000,0.00000000,0.00000000,0.000,21.9380,-0.0614
18100000,0.000000,0.000000,0.000000,0.00000000,0.00000000,0.00000000,0.000,21.9440,-0.0584
18200000,0.000000,0.000000,0.000000,0.00000000,0.00000000,0.00000000,0.000,21.9497,-0.0554
18300000,0.000000,0.000000,0.000000,0.00000000,0.00000000,0.00000000,0.000,21.9551,-0.0524
18400000,0.000000,0.000000,0.000000,0.00000000,0.00000000,0.00000000,0.000,21.9602,-0.0494
18500000,0.000000,0.000000,0.000000,0.00000000,0.00000000,0.00000000,0.000,21.9650,-0.0464
18600000,0.000000,0.000000,0.000000,0.00000000,0.00000000,0.00000000,0.000,21.9695,-0.0434
18700000,0.000000,0.000000,0.000000,0.00000000,0.00000000,0.00000000,0.000,21.9737,-0.0404
18800000,0.000000,0.000000,0.000000,0.00000000,0.00000000,0.00000000,0.000,21.9776,-0.0373
18900000,0.000000,0.000000,0.000000,0.00000000,0.00000000,0.00000000,0.000,21.9812,-0.0343
19000000,0.000000,0.000000,0.000000,0.00000000,0.00000000,0.00000000,0.000,21.9844,-0.0312
19100000,0.000000,0.000000,0.000000,0.00000000,0.00000000,0.00000000,0.000,21.9874,-0.0281
19200000,0.000000,0.000000,0.000000,0.00000000,0.00000000,0.00000000,0.000,21.9901,-0.0250
19300000,0.000000,0.000000,0.000000,0.00000000,0.00000000,0.00000000,0.000,21.9924,-0.0219
19400000,0.000000,0.000000,0.000000,0.00000000,0.00000000,0.00000000,0.000,21.9944,-0.0188
19500000,0.000000,0.000000,0.000000,0.00000000,0.00000000,0.00000000,0.000,21.9962,-0.0157
19600000,0.000000,0.000000,0.000000,0.00000000,0.00000000,0.00000000,0.000,21.9976,-0.0126
19700000,0.000000,0.000000,0.000000,0.00000000,0.00000000,0.00000000,0.000,21.9987,-0.0095
19800000,0.000000,0.000000,0.000000,0.00000000,0.00000000,0.00000000,0.000,21.9995,-0.0063
19900000,0.000000,0.000000,0.000000,0.00000000,0.00000000,0.00000000,0.000,22.0000,-0.0032
20000000,0.000000,0.000000,0.000000,0.00000000,0.00000000,0.00000000,0.000,22.0001,0.0000
20100000,0.000000,0.000000,0.000000,0.00000000,0.00000000,0.00000000,0.000,22.0001,0.0000
20200000,0.000000,0.000000,0.000000,0.00000000,0.00000000,0.00000000,0.000,22.0001,0.0000
20300000,0.000000,0.000000,0.000000,0.00000000,0.00000000,0.00000000,0.000,22.0001,0.0000
20400000,0.000000,0.000000,0.000000,0.00000000,0.00000000,0.00000000,0.000,22.0001,0.0000
20500000,0.000000,0.000000,0.000000,0.00000000,0.00000000,0.00000000,0.000,22.0001,0.0000
20600000,0.000000,0.000000,0.000000,0.00000000,0.00000000,0.00000000,0.000,22.0001,0.0000
20700000,0.000000,0.000000,0.000000,0.00000000,0.00000000,0.00000000,0.000,22.0001,0.0000
20800000,0.000000,0.000000,0.000000,0.00000000,0.00000000,0.00000000,0.000,22.0001,0.0000
20900000,0.000000,0.000000,0.000000,0.00000000,0.00000000,0.00000000,0.000,22.0001,0.0000
21000000,0.000000,0.000000,0.000000,0.00000000,0.00000000,0.00000000,0.000,22.0001,0.0000
21100000,0.000000,0.000000,0.000000,0.00000000,0.00000000,0.00000000,0.000,22.0001,0.0000
21200000,0.000000,0.000000,0.000000,0.00000000,0.00000000,0.00000000,0.000,22.0001,0.0000
21300000,0.000000,0.000000,0.000000,0.00000000,0.00000000,0.00000000,0.000,22.0001,0.0000
21400000,0.000000,0.000000,0.000000,0.00000000,0.00000000,0.00000000,0.000,22.0001,0.0000
21500000,0.000000,0.000000,0.000000,0.00000000,0.00000000,0.00000000,0.000,22.0001,0.0000
21600000,0.000000,0.000000,0.000000,0.00000000,0.00000000,0.00000000,0.000,22.0002,0.0000
21700000,0.000000,0.000000,0.000000,0.00000000,0.00000000,0.00000000,0.000,22.0002,0.0000
21800000,0.000000,0.000000,0.000000,0.00000000,0.00000000,0.00000000,0.000,22.0002,0.0000
21900000,0.000000,0.000000,0.000000,0.00000000,0.00000000,0.00000000,0.000,22.0002,0.0000
22000000,0.000000,0.000000,0.000000,0.00000000,0.00000000,0.00000000,0.000,22.0002,0.0000
22100000,0.000000,0.000000,0.000000,0.00000000,0.00000000,0.00000000,0.000,22.0002,0.0000
22200000,0.000000,0.000000,0.000000,0.00000000,0.00000000,0.00000000,0.000,22.0002,0.0000
22300000,0.000000,0.000000,0.000000,0.00000000,0.00000000,0.00000000,0.000,22.0002,0.0000
22400000,0.000000,0.000000,0.000000,0.00000000,0.00000000,0.00000000,0.000,22.0002,0.0000
22500000,0.000000,0.000000,0.000000,0.00000000,0.00000000,0.00000000,0.000,22.0002,0.0000
22600000,0.000000,0.000000,0.000000,0.00000000,0.00000000,0.00000000,0.000,22.0002,0.0000
22700000,0.000000,0.000000,0.000000,0.00000000,0.00000000,0.00000000,0.000,22.0002,0.0000
22800000,0.000000,0.000000,0.000000,0.00000000,0.00000000,0.00000000,0.000,22.0002,0.0000
22900000,0.000000,0.000000,0.000000,0.00000000,0.00000000,0.00000000,0.000,22.0002,0.0000
23000000,0.000000,0.000000,0.000000,0.00000000,0.00000000,0.00000000,0.000,22.0002,0.0000
23100000,0.000000,0.000000,0.000000,0.00000000,0.00000000,0.00000000,0.000,22.0002,0.0000
23200000,0.000000,0.000000,0.000000,0.00000000,0.00000000,0.00000000,0.000,22.0002,0.0000
23300000,0.000000,0.000000,0.000000,0.00000000,0.00000000,0.00000000,0.000,22.0002,0.0000
23400000,0.000000,0.000000,0.000000,0.00000000,0.00000000,0.00000000,0.000,22.0002,0.0000
23500000,0.000000,0.000000,0.000000,0.00000000,0.00000000,0.00000000,0.000,22.0002,0.0000
23600000,0.000000,0.000000,0.000000,0.00000000,0.00000000,0.00000000,0.000,22.0002,0.0000
23700000,0.000000,0.000000,0.000000,0.00000000,0.00000000,0.00000000,0.000,22.0002,0.0000
23800000,0.000000,0.000000,0.000000,0.00000000,0.00000000,0.00000000,0.000,22.0002,0.0000
23900000,0.000000,0.000000,0.000000,0.00000000,0.00000000,0.00000000,0.000,22.0002,0.0000
24000000,0.000000,0.000000,0.000000,0.00000000,0.00000000,0.00000000,0.000,22.0002,0.0000
24100000,0.000000,0.000000,0.000000,0.00000000,0.00000000,0.00000000,0.000,22.0002,0.0000
24200000,0.000000,0.000000,0.000000,0.00000000,0.00000000,0.00000000,0.000,22.0002,0.0000
24300000,0.000000,0.000000,0.000000,0.00000000,0.00000000,0.00000000,0.000,22.0002,0.0000
24400000,0.000000,0.000000,0.000000,0.00000000,0.00000000,0.00000000,0.000,22.0002,0.0000
24500000,0.000000,0.000000,0.000000,0.00000000,0.00000000,0.00000000,0.000,22.0002,0.0000
24600000,0.000000,0.000000,0.000000,0.00000000,0.00000000,0.00000000,0.000,22.0002,0.0000
24700000,0.000000,0.000000,0.000000,0.00000000,0.00000000,0.00000000,0.000,22.0002,0.0000
24800000,0.000000,0.000000,0.000000,0.00000000,0.00000000,0.00000000,0.000,22.0002,0.0000
24900000,0.000000,0.000000,0.000000,0.00000000,0.00000000,0.00000000,0.000,22.0002,0.0000
25000000,0.000000,0.000000,0.000000,0.00000000,0.00000000,0.00000000,0.000,22.0002,0.0000
25100000,0.000000,0.000000,0.000000,0.00000000,0.00000000,0.00000000,0.000,22.0002,0.0000
25200000,0.000000,0.000000,0.000000,0.00000000,0.00000000,0.00000000,0.000,22.0002,0.0000
25300000,0.000000,0.000000,0.000000,0.00000000,0.00000000,0.00000000,0.000,22.0002,0.0000
25400000,0.000000,0.000000,0.000000,0.00000000,0.00000000,0.00000000,0.000,22.0002,0.0000
25500000,0.000000,0.000000,0.000000,0.00000000,0.00000000,0.00000000,0.000,22.0002,0.0000
25600000,0.000000,0.000000,0.000000,0.00000000,0.00000000,0.00000000,0.000,22.0002,0.0000
25700000,0.000000,0.000000,0.000000,0.00000000,0.00000000,0.00000000,0.000,22.0002,0.0000
25800000,0.000000,0.000000,0.000000,0.00000000,0.00000000,0.00000000,0.000,22.0002,0.0000
25900000,0.000000,0.000000,0.000000,0.00000000,0.00000000,0.00000000,0.000,22.0002,0.0000
26000000,0.000000,0.000000,0.000000,0.00000000,0.00000000,0.00000000,0.000,22.0002,0.0000
26100000,0.000000,0.000000,0.000000,0.00000000,0.00000000,0.00000000,0.000,22.0002,0.0000
26200000,0.000000,0.000000,0.000000,0.00000000,0.00000000,0.00000000,0.000,22.0002,0.0000
26300000,0.000000,0.000000,0.000000,0.00000000,0.00000000,0.00000000,0.000,22.0002,0.0000
26400000,0.000000,0.000000,0.000000,0.00000000,0.00000000,0.00000000,0.000,22.0002,0.0000
26500000,0.000000,0.000000,0.000000,0.00000000,0.00000000,0.00000000,0.000,22.0002,0.0000
26600000,0.000000,0.000000,0.000000,0.00000000,0.00000000,0.00000000,0.000,22.0002,0.0000
26700000,0.000000,0.000000,0.000000,0.00000000,0.00000000,0.00000000,0.000,22.0002,0.0000
26800000,0.000000,0.000000,0.000000,0.00000000,0.00000000,0.00000000,0.000,22.0002,0.0000
26900000,0.000000,0.000000,0.000000,0.00000000,0.00000000,0.00000000,0.000,22.0002,0.0000
27000000,0.000000,0.000000,0.000000,0.00000000,0.00000000,0.00000000,0.000,22.0002,0.0000
27100000,0.000000,0.000000,0.000000,0.00000000,0.00000000,0.00000000,0.000,22.0002,0.0000
27200000,0.000000,0.000000,0.000000,0.00000000,0.00000000,0.00000000,0.000,22.0002,0.0000
27300000,0.000000,0.000000,0.000000,0.00000000,0.00000000,0.00000000,0.000,22.0002,0.0000
27400000,0.000000,0.000000,0.000000,0.00000000,0.00000000,0.00000000,0.000,22.0002,0.0000
27500000,0.000000,0.000000,0.000000,0.00000000,0.00000000,0.00000000,0.000,22.0002,0.0000
27600000,0.000000,0.000000,0.000000,0.00000000,0.00000000,0.00000000,0.000,22.0002,0.0000
27700000,0.000000,0.000000,0.000000,0.00000000,0.00000000,0.00000000,0.000,22.0002,0.0000
27800000,0.000000,0.000000,0.000000,0.00000000,0.00000000,0.00000000,0.000,22.0002,0.0000
27900000,0.000000,0.000000,0.000000,0.00000000,0.00000000,0.00000000,0.000,22.0002,0.0000
28000000,0.000000,0.000000,0.000000,0.00000000,0.00000000,0.00000000,0.000,22.0002,0.0000
28100000,0.000000,0.000000,0.000000,0.00000000,0.00000000,0.00000000,0.000,22.0002,0.0000
28200000,0.000000,0.000000,0.000000,0.00000000,0.00000000,0.00000000,0.000,22.0002,0.0000
28300000,0.000000,0.000000,0.000000,0.00000000,0.00000000,0.00000000,0.000,22.0002,0.0000
28400000,0.000000,0.000000,0.000000,0.00000000,0.00000000,0.00000000,0.000,22.0002,0.0000
28500000,0.000000,0.000000,0.000000,0.00000000,0.00000000,0.00000000,0.000,22.0002,0.0000
28600000,0.000000,0.000000,0.000000,0.00000000,0.00000000,0.00000000,0.000,22.0002,0.0000
28700000,0.000000,0.000000,0.000000,0.00000000,0.00000000,0.00000000,0.000,22.0002,0.0000
28800000,0.000000,0.000000,0.000000,0.00000000,0.00000000,0.00000000,0.000,22.0002,0.0000
28900000,0.000000,0.000000,0.000000,0.00000000,0.00000000,0.00000000,0.000,22.0002,0.0000
29000000,0.000000,0.000000,0.000000,0.00000000,0.00000000,0.00000000,0.000,22.0002,0.0000
29100000,0.000000,0.000000,0.000000,0.00000000,0.00000000,0.00000000,0.000,22.0002,0.0000
29200000,0.000000,0.000000,0.000000,0.00000000,0.00000000,0.00000000,0.000,22.0002,0.0000
29300000,0.000000,0.000000,0.000000,0.00000000,0.00000000,0.00000000,0.000,22.0002,0.0000
29400000,0.000000,0.000000,0.000000,0.00000000,0.00000000,0.00000000,0.000,22.0002,0.0000
29500000,0.000000,0.000000,0.000000,0.00000000,0.00000000,0.00000000,0.000,22.0002,0.0000
29600000,0.000000,0.000000,0.000000,0.00000000,0.00000000,0.00000000,0.000,22.0002,0.0000
29700000,0.000000,0.000000,0.000000,0.00000000,0.00000000,0.00000000,0.000,22.0002,0.0000
29800000,0.000000,0.000000,0.000000,0.00000000,0.00000000,0.00000000,0.000,22.0002,0.0000
29900000,0.000000,0.000000,0.000000,0.00000000,0.00000000,0.00000000,0.000,22.0002,0.0000
30000000,0.000000,0.000000,0.000000,0.00000000,0.00000000,0.00000000,0.000,22.0002,0.0000
30100000,0.000000,0.000000,0.000000,0.00000000,0.00000000,0.00000000,0.000,22.0002,0.0000
30200000,0.000000,0.000000,0.000000,0.00000000,0.00000000,0.00000000,0.000,22.0002,0.0000
30300000,0.000000,0.000000,0.000000,0.00000000,0.00000000,0.00000000,0.000,22.0002,0.0000
30400000,0.000000,0.000000,0.000000,0.00000000,0.00000000,0.00000000,0.000,22.0002,0.0000
30500000,0.000000,0.000000,0.000000,0.00000000,0.00000000,0.00000000,0.000,22.0002,0.0000
30600000,0.000000,0.000000,0.000000,0.00000000,0.00000000,0.00000000,0.000,22.0002,0.0000
30700000,0.000000,0.000000,0.000000,0.00000000,0.00000000,0.00000000,0.000,22.0002,0.0000
30800000,0.000000,0.000000,0.000000,0.00000000,0.00000000,0.00000000,0.000,22.0002,0.0000
30900000,0.000000,0.000000,0.000000,0.00000000,0.00000000,0.00000000,0.000,22.0002,0.0000
31000000,0.000000,0.000000,0.000000,0.00000000,0.00000000,0.00000000,0.000,22.0002,0.0000
31100000,0.000000,0.000000,0.000000,0.00000000,0.00000000,0.00000000,0.000,22.0002,0.0000
31200000,0.000000,0.000000,0.000000,0.00000000,0.00000000,0.00000000,0.000,22.0002,0.0000
31300000,0.000000,0.000000,0.000000,0.00000000,0.00000000,0.00000000,0.000,22.0002,0.0000
31400000,0.000000,0.000000,0.000000,0.00000000,0.00000000,0.00000000,0.000,22.0002,0.0000
31500000,0.000000,0.000000,0.000000,0.00000000,0.00000000,0.00000000,0.000,22.0002,0.0000
31600000,0.000000,0.000000,0.000000,0.00000000,0.00000000,0.00000000,0.000,22.0002,0.0000
31700000,0.000000,0.000000,0.000000,0.00000000,0.00000000,0.00000000,0.000,22.0002,0.0000
31800000,0.000000,0.000000,0.000000,0.00000000,0.00000000,0.00000000,0.000,22.0002,0.0000
31900000,0.000000,0.000000,0.000000,0.00000000,0.00000000,0.00000000,0.000,22.0002,0.0000
32000000,0.000000,0.000000,0.000000,0.00000000,0.00000000,0.00000000,0.000,22.0002,0.0000
32100000,0.000000,0.000000,0.000000,0.00000000,0.00000000,0.00000000,0.000,21.9999,0.0055
32200000,0.000000,0.000000,0.000000,0.00000000,0.00000000,0.00000000,0.000,21.9991,0.0110
32300000,0.000000,0.000000,0.000000,0.00000000,0.00000000,0.00000000,0.000,21.9977,0.0164
32400000,0.000000,0.000000,0.000000,0.00000000,0.00000000,0.00000000,0.000,21.9958,0.0217
32500000,0.000000,0.000000,0.000000,0.00000000,0.00000000,0.00000000,0.000,21.9934,0.0269
32600000,0.000000,0.000000,0.000000,0.00000000,0.00000000,0.00000000,0.000,21.9904,0.0321
32700000,0.000000,0.000000,0.000000,0.00000000,0.00000000,0.00000000,0.000,21.9870,0.0372
32800000,0.000000,0.000000,0.000000,0.00000000,0.00000000,0.00000000,0.000,21.9830,0.0422
32900000,0.000000,0.000000,0.000000,0.00000000,0.00000000,0.00000000,0.000,21.9785,0.0472
33000000,0.000000,0.000000,0.000000,0.00000000,0.00000000,0.00000000,0.000,21.9736,0.0521
33100000,0.000000,0.000000,0.000000,0.00000000,0.00000000,0.00000000,0.000,21.9681,0.0569
33200000,0.000000,0.000000,0.000000,0.00000000,0.00000000,0.00000000,0.000,21.9622,0.0617
33300000,0.000000,0.000000,0.000000,0.00000000,0.00000000,0.00000000,0.000,21.9558,0.0664
33400000,0.000000,0.000000,0.000000,0.00000000,0.00000000,0.00000000,0.000,21.9489,0.0710
33500000,0.000000,0.000000,0.000000,0.00000000,0.00000000,0.00000000,0.000,21.9416,0.0755
33600000,0.000000,0.000000,0.000000,0.00000000,0.00000000,0.00000000,0.000,21.9338,0.0800
33700000,0.000000,0.000000,0.000000,0.00000000,0.00000000,0.00000000,0.000,21.9256,0.0844
33800000,0.000000,0.000000,0.000000,0.00000000,0.00000000,0.00000000,0.000,21.9169,0.0887
33900000,0.000000,0.000000,0.000000,0.00000000,0.00000000,0.00000000,0.000,21.9078,0.0930
34000000,0.000000,0.000000,0.000000,0.00000000,0.00000000,0.00000000,0.000,21.8983,0.0972
34100000,0.000000,0.000000,0.000000,0.00000000,0.00000000,0.00000000,0.000,21.8884,0.1014
34200000,0.000000,0.000000,0.000000,0.00000000,0.00000000,0.00000000,0.000,21.8781,0.1054
34300000,0.000000,0.000000,0.000000,0.00000000,0.00000000,0.00000000,0.000,21.8673,0.1094
34400000,0.000000,0.000000,0.000000,0.00000000,0.00000000,0.00000000,0.000,21.8562,0.1133
34500000,0.000000,0.000000,0.000000,0.00000000,0.00000000,0.00000000,0.000,21.8446,0.1172
34600000,0.000000,0.000000,0.000000,0.00000000,0.00000000,0.00000000,0.000,21.8327,0.1210
34700000,0.000000,0.000000,0.000000,0.00000000,0.00000000,0.00000000,0.000,21.8205,0.1247
34800000,0.000000,0.000000,0.000000,0.00000000,0.00000000,0.00000000,0.000,21.8078,0.1283
34900000,0.000000,0.000000,0.000000,0.00000000,0.00000000,0.00000000,0.000,21.7948,0.1319
35000000,0.000000,0.000000,0.000000,0.00000000,0.00000000,0.00000000,0.000,21.7814,0.1354
35100000,0.000000,0.000000,0.000000,0.00000000,0.00000000,0.00000000,0.000,21.7677,0.1389
35200000,0.000000,0.000000,0.000000,0.00000000,0.00000000,0.00000000,0.000,21.7536,0.1422
35300000,0.000000,0.000000,0.000000,0.00000000,0.00000000,0.00000000,0.000,21.7393,0.1455
35400000,0.000000,0.000000,0.000000,0.00000000,0.00000000,0.00000000,0.000,21.7245,0.1487
35500000,0.000000,0.000000,0.000000,0.00000000,0.00000000,0.00000000,0.000,21.7095,0.1519
35600000,0.000000,0.000000,0.000000,0.00000000,0.00000000,0.00000000,0.000,21.6942,0.1550
35700000,0.000000,0.000000,0.000000,0.00000000,0.00000000,0.00000000,0.000,21.6785,0.1580
35800000,0.000000,0.000000,0.000000,0.00000000,0.00000000,0.00000000,0.000,21.6626,0.1610
35900000,0.000000,0.000000,0.000000,0.00000000,0.00000000,0.00000000,0.000,21.6463,0.1639
36000000,0.000000,0.000000,0.000000,0.00000000,0.00000000,0.00000000,0.000,21.6298,0.1667
36100000,0.000000,0.000000,0.000000,0.00000000,0.00000000,0.00000000,0.000,21.6130,0.1694
36200000,0.000000,0.000000,0.000000,0.00000000,0.00000000,0.00000000,0.000,21.5959,0.1721
36300000,0.000000,0.000000,0.000000,0.00000000,0.00000000,0.00000000,0.000,21.5786,0.1747
36400000,0.000000,0.000000,0.000000,0.00000000,0.00000000,0.00000000,0.000,21.5610,0.1772
36500000,0.000000,0.000000,0.000000,0.00000000,0.00000000,0.00000000,0.000,21.5431,0.1797
36600000,0.000000,0.000000,0.000000,0.00000000,0.00000000,0.00000000,0.000,21.5250,0.1821
36700000,0.000000,0.000000,0.000000,0.00000000,0.00000000,0.00000000,0.000,21.5067,0.1844
36800000,0.000000,0.000000,0.000000,0.00000000,0.00000000,0.00000000,0.000,21.4882,0.1867
36900000,0.000000,0.000000,0.000000,0.00000000,0.00000000,0.00000000,0.000,21.4694,0.1889
37000000,0.000000,0.000000,0.000000,0.00000000,0.00000000,0.00000000,0.000,21.4504,0.1910
37100000,0.000000,0.000000,0.000000,0.00000000,0.00000000,0.00000000,0.000,21.4312,0.1930
37200000,0.000000,0.000000,0.000000,0.00000000,0.00000000,0.00000000,0.000,21.4118,0.1950
37300000,0.000000,0.000000,0.000000,0.00000000,0.00000000,0.00000000,0.000,21.3922,0.1969
37400000,0.000000,0.000000,0.000000,0.00000000,0.00000000,0.00000000,0.000,21.3724,0.1987
37500000,0.000000,0.000000,0.000000,0.00000000,0.00000000,0.00000000,0.000,21.3524,0.2005
37600000,0.000000,0.000000,0.000000,0.00000000,0.00000000,0.00000000,0.000,21.3323,0.2022
37700000,0.000000,0.000000,0.000000,0.00000000,0.00000000,0.00000000,0.000,21.3120,0.2039
37800000,0.000000,0.000000,0.000000,0.00000000,0.00000000,0.00000000,0.000,21.2915,0.2054
37900000,0.000000,0.000000,0.000000,0.00000000,0.00000000,0.00000000,0.000,21.2709,0.2069
38000000,0.000000,0.000000,0.000000,0.00000000,0.00000000,0.00000000,0.000,21.2501,0.2083
38100000,0.000000,0.000000,0.000000,0.00000000,0.00000000,0.00000000,0.000,21.2292,0.2097
38200000,0.000000,0.000000,0.000000,0.00000000,0.00000000,0.00000000,0.000,21.2082,0.2110
38300000,0.000000,0.000000,0.000000,0.00000000,0.00000000,0.00000000,0.000,21.1870,0.2122
38400000,0.000000,0.000000,0.000000,0.00000000,0.00000000,0.00000000,0.000,21.1658,0.2133
38500000,0.000000,0.000000,0.000000,0.00000000,0.00000000,0.00000000,0.000,21.1444,0.2144
38600000,0.000000,0.000000,0.000000,0.00000000,0.00000000,0.00000000,0.000,21.1229,0.2154
38700000,0.000000,0.000000,0.000000,0.00000000,0.00000000,0.00000000,0.000,21.1013,0.2164
38800000,0.000000,0.000000,0.000000,0.00000000,0.00000000,0.00000000,0.000,21.0796,0.2172
38900000,0.000000,0.000000,0.000000,0.00000000,0.00000000,0.00000000,0.000,21.0578,0.2180
39000000,0.000000,0.000000,0.000000,0.00000000,0.00000000,0.00000000,0.000,21.0360,0.2188
39100000,0.000000,0.000000,0.000000,0.00000000,0.00000000,0.00000000,0.000,21.0141,0.2194
39200000,0.000000,0.000000,0.000000,0.00000000,0.00000000,0.00000000,0.000,20.9921,0.2200
39300000,0.000000,0.000000,0.000000,0.00000000,0.00000000,0.00000000,0.000,20.9701,0.2205
39400000,0.000000,0.000000,0.000000,0.00000000,0.00000000,0.00000000,0.000,20.9480,0.2210
39500000,0.000000,0.000000,0.000000,0.00000000,0.00000000,0.00000000,0.000,20.9259,0.2214
39600000,0.000000,0.000000,0.000000,0.00000000,0.00000000,0.00000000,0.000,20.9038,0.2217
39700000,0.000000,0.000000,0.000000,0.00000000,0.00000000,0.00000000,0.000,20.8816,0.2219
39800000,0.000000,0.000000,0.000000,0.00000000,0.00000000,0.00000000,0.000,20.8594,0.2221
39900000,0.000000,0.000000,0.000000,0.00000000,0.00000000,0.00000000,0.000,20.8372,0.2222
40000000,0.000000,0.000000,0.000000,0.00000000,0.00000000,0.00000000,0.000,20.8149,0.2222
40100000,0.000000,0.000000,0.000000,0.00000000,0.00000000,0.00000000,0.000,20.7927,0.2222
40200000,0.000000,0.000000,0.000000,0.00000000,0.00000000,0.00000000,0.000,20.7705,0.2221
40300000,0.000000,0.000000,0.000000,0.00000000,0.00000000,0.00000000,0.000,20.7483,0.2219
40400000,0.000000,0.000000,0.000000,0.00000000,0.00000000,0.00000000,0.000,20.7261,0.2217
40500000,0.000000,0.000000,0.000000,0.00000000,0.00000000,0.00000000,0.000,20.7040,0.2214
40600000,0.000000,0.000000,0.000000,0.00000000,0.00000000,0.00000000,0.000,20.6818,0.2210
40700000,0.000000,0.000000,0.000000,0.00000000,0.00000000,0.00000000,0.000,20.6598,0.2205
40800000,0.000000,0.000000,0.000000,0.00000000,0.00000000,0.00000000,0.000,20.6377,0.2200
40900000,0.000000,0.000000,0.000000,0.00000000,0.00000000,0.00000000,0.000,20.6158,0.2194
41000000,0.000000,0.000000,0.000000,0.00000000,0.00000000,0.00000000,0.000,20.5939,0.2187
41100000,0.000000,0.000000,0.000000,0.00000000,0.00000000,0.00000000,0.000,20.5720,0.2180
41200000,0.000000,0.000000,0.000000,0.00000000,0.00000000,0.00000000,0.000,20.5503,0.2172
41300000,0.000000,0.000000,0.000000,0.00000000,0.00000000,0.00000000,0.000,20.5286,0.2164
41400000,0.000000,0.000000,0.000000,0.00000000,0.00000000,0.00000000,0.000,20.5070,0.2154
41500000,0.000000,0.000000,0.000000,0.00000000,0.00000000,0.00000000,0.000,20.4855,0.2144
41600000,0.000000,0.000000,0.000000,0.00000000,0.00000000,0.00000000,0.000,20.4641,0.2133
41700000,0.000000,0.000000,0.000000,0.00000000,0.00000000,0.00000000,0.000,20.4428,0.2122
41800000,0.000000,0.000000,0.000000,0.00000000,0.00000000,0.00000000,0.000,20.4217,0.2110
41900000,0.000000,0.000000,0.000000,0.00000000,0.00000000,0.00000000,0.000,20.4006,0.2097
42000000,0.000000,0.000000,0.000000,0.00000000,0.00000000,0.00000000,0.000,20.3797,0.2083
42100000,0.000000,0.000000,0.000000,0.00000000,0.00000000,0.00000000,0.000,20.3590,0.2069
42200000,0.000000,0.000000,0.000000,0.00000000,0.00000000,0.00000000,0.000,20.3383,0.2054
42300000,0.000000,0.000000,0.000000,0.00000000,0.00000000,0.00000000,0.000,20.3179,0.2039
42400000,0.000000,0.000000,0.000000,0.00000000,0.00000000,0.00000000,0.000,20.2976,0.2022
42500000,0.000000,0.000000,0.000000,0.00000000,0.00000000,0.00000000,0.000,20.2774,0.2005
42600000,0.000000,0.000000,0.000000,0.00000000,0.00000000,0.00000000,0.000,20.2575,0.1988
42700000,0.000000,0.000000,0.000000,0.00000000,0.00000000,0.00000000,0.000,20.2377,0.1969
42800000,0.000000,0.000000,0.000000,0.00000000,0.00000000,0.00000000,0.000,20.2181,0.1950
42900000,0.000000,0.000000,0.000000,0.00000000,0.00000000,0.00000000,0.000,20.1987,0.1930
43000000,0.000000,0.000000,0.000000,0.00000000,0.00000000,0.00000000,0.000,20.1795,0.1910
43100000,0.000000,0.000000,0.000000,0.00000000,0.00000000,0.00000000,0.000,20.1605,0.1889
43200000,0.000000,0.000000,0.000000,0.00000000,0.00000000,0.00000000,0.000,20.1417,0.1867
43300000,0.000000,0.000000,0.000000,0.00000000,0.00000000,0.00000000,0.000,20.1232,0.1844
43400000,0.000000,0.000000,0.000000,0.00000000,0.00000000,0.00000000,0.000,20.1048,0.1821
43500000,0.000000,0.000000,0.000000,0.00000000,0.00000000,0.00000000,0.000,20.0867,0.1797
43600000,0.000000,0.000000,0.000000,0.00000000,0.00000000,0.00000000,0.000,20.0689,0.1772
43700000,0.000000,0.000000,0.000000,0.00000000,0.00000000,0.00000000,0.000,20.0513,0.1747
43800000,0.000000,0.000000,0.000000,0.00000000,0.00000000,0.00000000,0.000,20.0340,0.1721
43900000,0.000000,0.000000,0.000000,0.00000000,0.00000000,0.00000000,0.000,20.0169,0.1694
44000000,0.000000,0.000000,0.000000,0.00000000,0.00000000,0.00000000,0.000,20.0001,0.1667
44100000,0.000000,0.000000,0.000000,0.00000000,0.00000000,0.00000000,0.000,19.9835,0.1645
44200000,0.000000,0.000000,0.000000,0.00000000,0.00000000,0.00000000,0.000,19.9672,0.1624
44300000,0.000000,0.000000,0.000000,0.00000000,0.00000000,0.00000000,0.000,19.9510,0.1604
44400000,0.000000,0.000000,0.000000,0.00000000,0.00000000,0.00000000,0.000,19.9351,0.1584
44500000,0.000000,0.000000,0.000000,0.00000000,0.00000000,0.00000000,0.000,19.9193,0.1565
44600000,0.000000,0.000000,0.000000,0.00000000,0.00000000,0.00000000,0.000,19.9038,0.1546
44700000,0.000000,0.000000,0.000000,0.00000000,0.00000000,0.00000000,0.000,19.8884,0.1528
44800000,0.000000,0.000000,0.000000,0.00000000,0.00000000,0.00000000,0.000,19.8732,0.1510
44900000,0.000000,0.000000,0.000000,0.00000000,0.00000000,0.00000000,0.000,19.8582,0.1493
45000000,0.000000,0.000000,0.000000,0.00000000,0.00000000,0.00000000,0.000,19.8433,0.1477
45100000,0.000000,0.000000,0.000000,0.00000000,0.00000000,0.00000000,0.000,19.8287,0.1461
45200000,0.000000,0.000000,0.000000,0.00000000,0.00000000,0.00000000,0.000,19.8141,0.1445
45300000,0.000000,0.000000,0.000000,0.00000000,0.00000000,0.00000000,0.000,19.7997,0.1430
45400000,0.000000,0.000000,0.000000,0.00000000,0.00000000,0.00000000,0.000,19.7855,0.1416
45500000,0.000000,0.000000,0.000000,0.00000000,0.00000000,0.00000000,0.000,19.7714,0.1402
45600000,0.000000,0.000000,0.000000,0.00000000,0.00000000,0.00000000,0.000,19.7575,0.1389
45700000,0.000000,0.000000,0.000000,0.00000000,0.00000000,0.00000000,0.000,19.7436,0.1376
45800000,0.000000,0.000000,0.000000,0.00000000,0.00000000,0.00000000,0.000,19.7299,0.1364
45900000,0.000000,0.000000,0.000000,0.00000000,0.00000000,0.00000000,0.000,19.7164,0.1352
46000000,0.000000,0.000000,0.000000,0.00000000,0.00000000,0.00000000,0.000,19.7029,0.1341
46100000,0.000000,0.000000,0.000000,0.00000000,0.00000000,0.00000000,0.000,19.6895,0.1331
46200000,0.000000,0.000000,0.000000,0.00000000,0.00000000,0.00000000,0.000,19.6763,0.1321
46300000,0.000000,0.000000,0.000000,0.00000000,0.00000000,0.00000000,0.000,19.6631,0.1311
46400000,0.000000,0.000000,0.000000,0.00000000,0.00000000,0.00000000,0.000,19.6500,0.1302
46500000,0.000000,0.000000,0.000000,0.00000000,0.00000000,0.00000000,0.000,19.6371,0.1294
46600000,0.000000,0.000000,0.000000,0.00000000,0.00000000,0.00000000,0.000,19.6242,0.1286
46700000,0.000000,0.000000,0.000000,0.00000000,0.00000000,0.00000000,0.000,19.6113,0.1279
46800000,0.000000,0.000000,0.000000,0.00000000,0.00000000,0.00000000,0.000,19.5986,0.1272
46900000,0.000000,0.000000,0.000000,0.00000000,0.00000000,0.00000000,0.000,19.5859,0.1266
47000000,0.000000,0.000000,0.000000,0.00000000,0.00000000,0.00000000,0.000,19.5733,0.1260
47100000,0.000000,0.000000,0.000000,0.00000000,0.00000000,0.00000000,0.000,19.5607,0.1255
47200000,0.000000,0.000000,0.000000,0.00000000,0.00000000,0.00000000,0.000,19.5482,0.1250
47300000,0.000000,0.000000,0.000000,0.00000000,0.00000000,0.00000000,0.000,19.5357,0.1246
47400000,0.000000,0.000000,0.000000,0.00000000,0.00000000,0.00000000,0.000,19.5232,0.1243
47500000,0.000000,0.000000,0.000000,0.00000000,0.00000000,0.00000000,0.000,19.5108,0.1240
47600000,0.000000,0.000000,0.000000,0.00000000,0.00000000,0.00000000,0.000,19.4984,0.1237
47700000,0.000000,0.000000,0.000000,0.00000000,0.00000000,0.00000000,0.000,19.4861,0.1235
47800000,0.000000,0.000000,0.000000,0.00000000,0.00000000,0.00000000,0.000,19.4737,0.1234
47900000,0.000000,0.000000,0.000000,0.00000000,0.00000000,0.00000000,0.000,19.4614,0.1233
48000000,0.000000,0.000000,0.000000,0.00000000,0.00000000,0.00000000,0.000,19.4491,0.1233
48100000,0.000000,0.000000,0.000000,0.00000000,0.00000000,0.00000000,0.000,19.4367,0.1233
48200000,0.000000,0.000000,0.000000,0.00000000,0.00000000,0.00000000,0.000,19.4244,0.1234
48300000,0.000000,0.000000,0.000000,0.00000000,0.00000000,0.00000000,0.000,19.4121,0.1235
48400000,0.000000,0.000000,0.000000,0.00000000,0.00000000,0.00000000,0.000,19.3997,0.1237
48500000,0.000000,0.000000,0.000000,0.00000000,0.00000000,0.00000000,0.000,19.3873,0.1240
48600000,0.000000,0.000000,0.000000,0.00000000,0.00000000,0.00000000,0.000,19.3749,0.1243
48700000,0.000000,0.000000,0.000000,0.00000000,0.00000000,0.00000000,0.000,19.3625,0.1246
48800000,0.000000,0.000000,0.000000,0.00000000,0.00000000,0.00000000,0.000,19.3500,0.1250
48900000,0.000000,0.000000,0.000000,0.00000000,0.00000000,0.00000000,0.000,19.3375,0.1255
49000000,0.000000,0.000000,0.000000,0.00000000,0.00000000,0.00000000,0.000,19.3249,0.1260
49100000,0.000000,0.000000,0.000000,0.00000000,0.00000000,0.00000000,0.000,19.3123,0.1266
49200000,0.000000,0.000000,0.000000,0.00000000,0.00000000,0.00000000,0.000,19.2996,0.1272
49300000,0.000000,0.000000,0.000000,0.00000000,0.00000000,0.00000000,0.000,19.2868,0.1279
49400000,0.000000,0.000000,0.000000,0.00000000,0.00000000,0.00000000,0.000,19.2740,0.1286
49500000,0.000000,0.000000,0.000000,0.00000000,0.00000000,0.00000000,0.000,19.2611,0.1294
49600000,0.000000,0.000000,0.000000,0.00000000,0.00000000,0.00000000,0.000,19.2481,0.1302
49700000,0.000000,0.000000,0.000000,0.00000000,0.00000000,0.00000000,0.000,19.2350,0.1311
49800000,0.000000,0.000000,0.000000,0.00000000,0.00000000,0.00000000,0.000,19.2219,0.1321
49900000,0.000000,0.000000,0.000000,0.00000000,0.00000000,0.00000000,0.000,19.2086,0.1331
50000000,0.000000,0.000000,0.000000,0.00000000,0.00000000,0.00000000,0.000,19.1953,0.1341
50100000,0.000000,0.000000,0.000000,0.00000000,0.00000000,0.00000000,0.000,19.1818,0.1352
50200000,0.000000,0.000000,0.000000,0.00000000,0.00000000,0.00000000,0.000,19.1682,0.1364
50300000,0.000000,0.000000,0.000000,0.00000000,0.00000000,0.00000000,0.000,19.1545,0.1376
50400000,0.000000,0.000000,0.000000,0.00000000,0.00000000,0.00000000,0.000,19.1407,0.1389
50500000,0.000000,0.000000,0.000000,0.00000000,0.00000000,0.00000000,0.000,19.1267,0.1402
50600000,0.000000,0.000000,0.000000,0.00000000,0.00000000,0.00000000,0.000,19.1126,0.1416
50700000,0.000000,0.000000,0.000000,0.00000000,0.00000000,0.00000000,0.000,19.0984,0.1430
50800000,0.000000,0.000000,0.000000,0.00000000,0.00000000,0.00000000,0.000,19.0840,0.1445
50900000,0.000000,0.000000,0.000000,0.00000000,0.00000000,0.00000000,0.000,19.0695,0.1461
51000000,0.000000,0.000000,0.000000,0.00000000,0.00000000,0.00000000,0.000,19.0548,0.1477
51100000,0.000000,0.000000,0.000000,0.00000000,0.00000000,0.00000000,0.000,19.0400,0.1493
51200000,0.000000,0.000000,0.000000,0.00000000,0.00000000,0.00000000,0.000,19.0249,0.1510
51300000,0.000000,0.000000,0.000000,0.00000000,0.00000000,0.00000000,0.000,19.0097,0.1528
51400000,0.000000,0.000000,0.000000,0.00000000,0.00000000,0.00000000,0.000,18.9944,0.1546
51500000,0.000000,0.000000,0.000000,0.00000000,0.00000000,0.00000000,0.000,18.9788,0.1565
51600000,0.000000,0.000000,0.000000,0.00000000,0.00000000,0.00000000,0.000,18.9631,0.1584
51700000,0.000000,0.000000,0.000000,0.00000000,0.00000000,0.00000000,0.000,18.9471,0.1604
51800000,0.000000,0.000000,0.000000,0.00000000,0.00000000,0.00000000,0.000,18.9310,0.1624
51900000,0.000000,0.000000,0.000000,0.00000000,0.00000000,0.00000000,0.000,18.9146,0.1645
52000000,0.000000,0.000000,0.000000,0.00000000,0.00000000,0.00000000,0.000,18.8981,0.1667
52100000,0.000000,0.000000,0.000000,0.00000000,0.00000000,0.00000000,0.000,18.8813,0.1689
52200000,0.000000,0.000000,0.000000,0.00000000,0.00000000,0.00000000,0.000,18.8643,0.1711
52300000,0.000000,0.000000,0.000000,0.00000000,0.00000000,0.00000000,0.000,18.8471,0.1734
52400000,0.000000,0.000000,0.000000,0.00000000,0.00000000,0.00000000,0.000,18.8296,0.1758
52500000,0.000000,0.000000,0.000000,0.00000000,0.00000000,0.00000000,0.000,18.8119,0.1782
52600000,0.000000,0.000000,0.000000,0.00000000,0.00000000,0.00000000,0.000,18.7940,0.1807
52700000,0.000000,0.000000,0.000000,0.00000000,0.00000000,0.00000000,0.000,18.7758,0.1832
52800000,0.000000,0.000000,0.000000,0.00000000,0.00000000,0.00000000,0.000,18.7573,0.1858
52900000,0.000000,0.000000,0.000000,0.00000000,0.00000000,0.00000000,0.000,18.7386,0.1884
53000000,0.000000,0.000000,0.000000,0.00000000,0.00000000,0.00000000,0.000,18.7197,0.1911
53100000,0.000000,0.000000,0.000000,0.00000000,0.00000000,0.00000000,0.000,18.7004,0.1938
53200000,0.000000,0.000000,0.000000,0.00000000,0.00000000,0.00000000,0.000,18.6809,0.1966
53300000,0.000000,0.000000,0.000000,0.00000000,0.00000000,0.00000000,0.000,18.6611,0.1995
53400000,0.000000,0.000000,0.000000,0.00000000,0.00000000,0.00000000,0.000,18.6410,0.2024
53500000,0.000000,0.000000,0.000000,0.00000000,0.00000000,0.00000000,0.000,18.6206,0.2053
53600000,0.000000,0.000000,0.000000,0.00000000,0.00000000,0.00000000,0.000,18.5999,0.2083
53700000,0.000000,0.000000,0.000000,0.00000000,0.00000000,0.00000000,0.000,18.5790,0.2114
53800000,0.000000,0.000000,0.000000,0.00000000,0.00000000,0.00000000,0.000,18.5577,0.2145
53900000,0.000000,0.000000,0.000000,0.00000000,0.00000000,0.00000000,0.000,18.5360,0.2177
54000000,0.000000,0.000000,0.000000,0.00000000,0.00000000,0.00000000,0.000,18.5141,0.2209
54100000,0.000000,0.000000,0.000000,0.00000000,0.00000000,0.00000000,0.000,18.4919,0.2242
54200000,0.000000,0.000000,0.000000,0.00000000,0.00000000,0.00000000,0.000,18.4693,0.2275
54300000,0.000000,0.000000,0.000000,0.00000000,0.00000000,0.00000000,0.000,18.4464,0.2309
54400000,0.000000,0.000000,0.000000,0.00000000,0.00000000,0.00000000,0.000,18.4231,0.2344
54500000,0.000000,0.000000,0.000000,0.00000000,0.00000000,0.00000000,0.000,18.3995,0.2379
54600000,0.000000,0.000000,0.000000,0.00000000,0.00000000,0.00000000,0.000,18.3755,0.2414
54700000,0.000000,0.000000,0.000000,0.00000000,0.00000000,0.00000000,0.000,18.3512,0.2450
54800000,0.000000,0.000000,0.000000,0.00000000,0.00000000,0.00000000,0.000,18.3265,0.2487
54900000,0.000000,0.000000,0.000000,0.00000000,0.00000000,0.00000000,0.000,18.3015,0.2524
55000000,0.000000,0.000000,0.000000,0.00000000,0.00000000,0.00000000,0.000,18.2760,0.2562
55100000,0.000000,0.000000,0.000000,0.00000000,0.00000000,0.00000000,0.000,18.2502,0.2600
55200000,0.000000,0.000000,0.000000,0.00000000,0.00000000,0.00000000,0.000,18.2240,0.2639
55300000,0.000000,0.000000,0.000000,0.00000000,0.00000000,0.00000000,0.000,18.1975,0.2678
55400000,0.000000,0.000000,0.000000,0.00000000,0.00000000,0.00000000,0.000,18.1705,0.2718
55500000,0.000000,0.000000,0.000000,0.00000000,0.00000000,0.00000000,0.000,18.1431,0.2758
55600000,0.000000,0.000000,0.000000,0.00000000,0.00000000,0.00000000,0.000,18.1153,0.2799
55700000,0.000000,0.000000,0.000000,0.00000000,0.00000000,0.00000000,0.000,18.0871,0.2841
55800000,0.000000,0.000000,0.000000,0.00000000,0.00000000,0.00000000,0.000,18.0585,0.2883
55900000,0.000000,0.000000,0.000000,0.00000000,0.00000000,0.00000000,0.000,18.0295,0.2925
56000000,0.000000,0.000000,0.000000,0.00000000,0.00000000,0.00000000,0.000,18.0000,0.2968
56100000,0.000000,0.000000,0.000000,0.00000000,0.00000000,0.00000000,0.000,17.9691,0.3210
56200000,0.000000,0.000000,0.000000,0.00000000,0.00000000,0.00000000,0.000,17.9358,0.3449
56300000,0.000000,0.000000,0.000000,0.00000000,0.00000000,0.00000000,0.000,17.9001,0.3684
56400000,0.000000,0.000000,0.000000,0.00000000,0.00000000,0.00000000,0.000,17.8621,0.3916
56500000,0.000000,0.000000,0.000000,0.00000000,0.00000000,0.00000000,0.000,17.8218,0.4146
56600000,0.000000,0.000000,0.000000,0.00000000,0.00000000,0.00000000,0.000,17.7792,0.4372
56700000,0.000000,0.000000,0.000000,0.00000000,0.00000000,0.00000000,0.000,17.7344,0.4595
56800000,0.000000,0.000000,0.000000,0.00000000,0.00000000,0.00000000,0.000,17.6874,0.4815
56900000,0.000000,0.000000,0.000000,0.00000000,0.00000000,0.00000000,0.000,17.6381,0.5031
57000000,0.000000,0.000000,0.000000,0.00000000,0.00000000,0.00000000,0.000,17.5867,0.5245
57100000,0.000000,0.000000,0.000000,0.00000000,0.00000000,0.00000000,0.000,17.5332,0.5456
57200000,0.000000,0.000000,0.000000,0.00000000,0.00000000,0.00000000,0.000,17.4776,0.5663
57300000,0.000000,0.000000,0.000000,0.00000000,0.00000000,0.00000000,0.000,17.4200,0.5867
57400000,0.000000,0.000000,0.000000,0.00000000,0.00000000,0.00000000,0.000,17.3603,0.6069
57500000,0.000000,0.000000,0.000000,0.00000000,0.00000000,0.00000000,0.000,17.2986,0.6267
57600000,0.000000,0.000000,0.000000,0.00000000,0.00000000,0.00000000,0.000,17.2350,0.6462
57700000,0.000000,0.000000,0.000000,0.00000000,0.00000000,0.00000000,0.000,17.1694,0.6653
57800000,0.000000,0.000000,0.000000,0.00000000,0.00000000,0.00000000,0.000,17.1019,0.6842
57900000,0.000000,0.000000,0.000000,0.00000000,0.00000000,0.00000000,0.000,17.0326,0.7028
58000000,0.000000,0.000000,0.000000,0.00000000,0.00000000,0.00000000,0.000,16.9614,0.7210
58100000,0.000000,0.000000,0.000000,0.00000000,0.00000000,0.00000000,0.000,16.8884,0.7390
58200000,0.000000,0.000000,0.000000,0.00000000,0.00000000,0.00000000,0.000,16.8136,0.7566
58300000,0.000000,0.000000,0.000000,0.00000000,0.00000000,0.00000000,0.000,16.7371,0.7739
58400000,0.000000,0.000000,0.000000,0.00000000,0.00000000,0.00000000,0.000,16.6588,0.7909
58500000,0.000000,0.000000,0.000000,0.00000000,0.00000000,0.00000000,0.000,16.5789,0.8076
58600000,0.000000,0.000000,0.000000,0.00000000,0.00000000,0.00000000,0.000,16.4973,0.8240
58700000,0.000000,0.000000,0.000000,0.00000000,0.00000000,0.00000000,0.000,16.4141,0.8400
58800000,0.000000,0.000000,0.000000,0.00000000,0.00000000,0.00000000,0.000,16.3293,0.8558
58900000,0.000000,0.000000,0.000000,0.00000000,0.00000000,0.00000000,0.000,16.2430,0.8712
59000000,0.000000,0.000000,0.000000,0.00000000,0.00000000,0.00000000,0.000,16.1551,0.8864
59100000,0.000000,0.000000,0.000000,0.00000000,0.00000000,0.00000000,0.000,16.0657,0.9012
59200000,0.000000,0.000000,0.000000,0.00000000,0.00000000,0.00000000,0.000,15.9748,0.9157
59300000,0.000000,0.000000,0.000000,0.00000000,0.00000000,0.00000000,0.000,15.8826,0.9299
59400000,0.000000,0.000000,0.000000,0.00000000,0.00000000,0.00000000,0.000,15.7889,0.9438
59500000,0.000000,0.000000,0.000000,0.00000000,0.00000000,0.00000000,0.000,15.6938,0.9574
59600000,0.000000,0.000000,0.000000,0.00000000,0.00000000,0.00000000,0.000,15.5974,0.9706
59700000,0.000000,0.000000,0.000000,0.00000000,0.00000000,0.00000000,0.000,15.4997,0.9836
59800000,0.000000,0.000000,0.000000,0.00000000,0.00000000,0.00000000,0.000,15.4007,0.9962
59900000,0.000000,0.000000,0.000000,0.00000000,0.00000000,0.00000000,0.000,15.3005,1.0086
60000000,0.000000,0.000000,0.000000,0.00000000,0.00000000,0.00000000,0.000,15.1990,1.0206
60100000,0.000000,0.000000,0.000000,0.00000000,0.00000000,0.00000000,0.000,15.0964,1.0323
60200000,0.000000,0.000000,0.000000,0.00000000,0.00000000,0.00000000,0.000,14.9926,1.0437
60300000,0.000000,0.000000,0.000000,0.00000000,0.00000000,0.00000000,0.000,14.8876,1.0548
60400000,0.000000,0.000000,0.000000,0.00000000,0.00000000,0.00000000,0.000,14.7816,1.0655
60500000,0.000000,0.000000,0.000000,0.00000000,0.00000000,0.00000000,0.000,14.6745,1.0760
60600000,0.000000,0.000000,0.000000,0.00000000,0.00000000,0.00000000,0.000,14.5664,1.0862
60700000,0.000000,0.000000,0.000000,0.00000000,0.00000000,0.00000000,0.000,14.4573,1.0960
60800000,0.000000,0.000000,0.000000,0.00000000,0.00000000,0.00000000,0.000,14.3472,1.1055
60900000,0.000000,0.000000,0.000000,0.00000000,0.00000000,0.00000000,0.000,14.2362,1.1147
61000000,0.000000,0.000000,0.000000,0.00000000,0.00000000,0.00000000,0.000,14.1243,1.1236
61100000,0.000000,0.000000,0.000000,0.00000000,0.00000000,0.00000000,0.000,14.0115,1.1322
61200000,0.000000,0.000000,0.000000,0.00000000,0.00000000,0.00000000,0.000,13.8979,1.1405
61300000,0.000000,0.000000,0.000000,0.00000000,0.00000000,0.00000000,0.000,13.7834,1.1485
61400000,0.000000,0.000000,0.000000,0.00000000,0.00000000,0.00000000,0.000,13.6682,1.1561
61500000,0.000000,0.000000,0.000000,0.00000000,0.00000000,0.00000000,0.000,13.5522,1.1635
61600000,0.000000,0.000000,0.000000,0.00000000,0.00000000,0.00000000,0.000,13.4355,1.1705
61700000,0.000000,0.000000,0.000000,0.00000000,0.00000000,0.00000000,0.000,13.3181,1.1772
61800000,0.000000,0.000000,0.000000,0.00000000,0.00000000,0.00000000,0.000,13.2001,1.1836
61900000,0.000000,0.000000,0.000000,0.00000000,0.00000000,0.00000000,0.000,13.0814,1.1897
62000000,0.000000,0.000000,0.000000,0.00000000,0.00000000,0.00000000,0.000,12.9621,1.1955
62100000,0.000000,0.000000,0.000000,0.00000000,0.00000000,0.00000000,0.000,12.8423,1.2010
62200000,0.000000,0.000000,0.000000,0.00000000,0.00000000,0.00000000,0.000,12.7219,1.2062
62300000,0.000000,0.000000,0.000000,0.00000000,0.00000000,0.00000000,0.000,12.6011,1.2110
62400000,0.000000,0.000000,0.000000,0.00000000,0.00000000,0.00000000,0.000,12.4797,1.2156
62500000,0.000000,0.000000,0.000000,0.00000000,0.00000000,0.00000000,0.000,12.3580,1.2198
62600000,0.000000,0.000000,0.000000,0.00000000,0.00000000,0.00000000,0.000,12.2358,1.2237
62700000,0.000000,0.000000,0.000000,0.00000000,0.00000000,0.00000000,0.000,12.1132,1.2273
62800000,0.000000,0.000000,0.000000,0.00000000,0.00000000,0.00000000,0.000,11.9903,1.2306
62900000,0.000000,0.000000,0.000000,0.00000000,0.00000000,0.00000000,0.000,11.8671,1.2336
63000000,0.000000,0.000000,0.000000,0.00000000,0.00000000,0.00000000,0.000,11.7436,1.2363
63100000,0.000000,0.000000,0.000000,0.00000000,0.00000000,0.00000000,0.000,11.6199,1.2386
63200000,0.000000,0.000000,0.000000,0.00000000,0.00000000,0.00000000,0.000,11.4959,1.2407
63300000,0.000000,0.000000,0.000000,0.00000000,0.00000000,0.00000000,0.000,11.3718,1.2424
63400000,0.000000,0.000000,0.000000,0.00000000,0.00000000,0.00000000,0.000,11.2475,1.2438
63500000,0.000000,0.000000,0.000000,0.00000000,0.00000000,0.00000000,0.000,11.1230,1.2449
63600000,0.000000,0.000000,0.000000,0.00000000,0.00000000,0.00000000,0.000,10.9985,1.2457
63700000,0.000000,0.000000,0.000000,0.00000000,0.00000000,0.00000000,0.000,10.8739,1.2462
63800000,0.000000,0.000000,0.000000,0.00000000,0.00000000,0.00000000,0.000,10.7492,1.2464
63900000,0.000000,0.000000,0.000000,0.00000000,0.00000000,0.00000000,0.000,10.6246,1.2463
64000000,0.000000,0.000000,0.000000,0.00000000,0.00000000,0.00000000,0.000,10.5000,1.2458
